run_date,term,author,posts
2026-06-22,abc,ABC News (Australia),6
2026-06-22,abc,abc.net.au,2
2026-06-22,abc,The Pulse Report,1
2026-06-22,abc news,ABC News (Australia),6
2026-06-22,abc news,abc.net.au,2
2026-06-22,accountable,Adam Allred Official,1
2026-06-22,accountable,Russell Brand,1
2026-06-22,accountable,nationaltribune.com.au,1
2026-06-22,actually,Dr. Gina Nick,1
2026-06-22,actually,Retro’s Bushcraft Uncovered,1
2026-06-22,actually,Agelesssociety,1
2026-06-22,actually,myPediaclinic,1
2026-06-22,actually,Internet MythBusters,1
2026-06-22,actually,Straight Up Reviews,1
2026-06-22,actually,Rest is History ,1
2026-06-22,added,Dr. Gina Nick,1
2026-06-22,added,The Sunken Timeline,1
2026-06-22,added,Brenda Staudenmaier,1
2026-06-22,added,Voting Matters,1
2026-06-22,adult,emphn.org.au,2
2026-06-22,adult,AcornAl,1
2026-06-22,adults,NOBS,1
2026-06-22,adults,FluorideScience,1
2026-06-22,adults,PLUTO_HAS_COME_BACK,1
2026-06-22,adults,miragenews.com,1
2026-06-22,adults,mvec.mcri.edu.au,1
2026-06-22,advice,Monica Robins,1
2026-06-22,advice,Fit Arshia,1
2026-06-22,advice,loopfission,1
2026-06-22,advice,healthhub.hif.com.au,1
2026-06-22,advice,nationaltribune.com.au,1
2026-06-22,advice,earlychildhood.qld.gov.au,1
2026-06-22,affect,Science of Eating,2
2026-06-22,affect,American Voices Unfiltered,1
2026-06-22,ahead,dpird.nsw.gov.au,2
2026-06-22,ahead,newshub.medianet.com.au,1
2026-06-22,ahead,racgp.org.au,1
2026-06-22,alerts,msn.com,2
2026-06-22,alerts,travelvax.com.au,1
2026-06-22,almost,GJhogfarm,2
2026-06-22,almost,nine.com.au,2
2026-06-22,almost,WILD FACT DAILY,1
2026-06-22,almost,ElFrameRoll,1
2026-06-22,almost,Channel 4 News,1
2026-06-22,alternative,Dr. Thornburg Wellness,1
2026-06-22,alternative,American Academy of Pediatrics,1
2026-06-22,alternative,thehealthybelly,1
2026-06-22,alternative,Nick Conte,1
2026-06-22,alternative,Quentin & Vanessa Jiles,1
2026-06-22,alternative,JOWMA,1
2026-06-22,alternative,Natasha Zarich,1
2026-06-22,alternative,Whole Family Medicine,1
2026-06-22,alternative,KPBS Public Media,1
2026-06-22,alternative,The Health Spot With Omar Podcast,1
2026-06-22,alternative,NOBS,1
2026-06-22,alternative,nationaltribune.com.au,1
2026-06-22,alternative vaccine,Dr. Thornburg Wellness,1
2026-06-22,alternative vaccine,American Academy of Pediatrics,1
2026-06-22,alternative vaccine,thehealthybelly,1
2026-06-22,alternative vaccine,Quentin & Vanessa Jiles,1
2026-06-22,alternative vaccine,Natasha Zarich,1
2026-06-22,alternative vaccine,Whole Family Medicine,1
2026-06-22,alternative vaccine,KPBS Public Media,1
2026-06-22,amid,msn.com,1
2026-06-22,amid,couriermail.com.au,1
2026-06-22,amid,goldcoastbulletin.com.au,1
2026-06-22,amid,miragenews.com,1
2026-06-22,analysis,WillowOfTheWisp,14
2026-06-22,analysis,studocu.com,1
2026-06-22,andrew,wamnnews.com.au,2
2026-06-22,andrew,Dental Designs Clinic,1
2026-06-22,annual,Shihtzufamily ,1
2026-06-22,annual,The Midnight Pharmacy,1
2026-06-22,annual,TerryWhite Chemmart Paragon ,1
2026-06-22,annual,findanexpert.unimelb.edu.au,1
2026-06-22,another,nine.com.au,2
2026-06-22,another,BOL News,1
2026-06-22,another,loopfission,1
2026-06-22,another,Robertos1987,1
2026-06-22,another,msn.com,1
2026-06-22,another,au.finance.yahoo.com,1
2026-06-22,approves,PLUTO_HAS_COME_BACK,1
2026-06-22,approves,miragenews.com,1
2026-06-22,approves,m.au.investing.com,1
2026-06-22,australia's,Toxic Fluoride,1
2026-06-22,australia's,Voting Matters,1
2026-06-22,australia's,Sukhpreet Singh,1
2026-06-22,australia's,MelodyTV,1
2026-06-22,australia's,ABC News (Australia),1
2026-06-22,australia's,Between The Lines - Podcast & Media,1
2026-06-22,australia's,Marcus Denning,1
2026-06-22,australia's,nationaltribune.com.au,1
2026-06-22,australia's,abc.net.au,1
2026-06-22,australia's water,Toxic Fluoride,1
2026-06-22,australia's water,Voting Matters,1
2026-06-22,australia's water,Sukhpreet Singh,1
2026-06-22,australia's water,Marcus Denning,1
2026-06-22,australian,Toxic Fluoride,5
2026-06-22,australian,govmarket.com.au,3
2026-06-22,australian,loopfission,2
2026-06-22,australian,ojs.cdi.cdc.gov.au,2
2026-06-22,australian,australiantenders.com.au,2
2026-06-22,australian,Alternative Therepies,1
2026-06-22,australian,oncelived,1
2026-06-22,australian,Fluoride Free Australia,1
2026-06-22,australian,Support Services Connect Australia ,1
2026-06-22,australian,TheSteepSix,1
2026-06-22,australian,mcsglobalcampaign,1
2026-06-22,australian,Zoukamai,1
2026-06-22,australian,theaustralian.com.au,1
2026-06-22,australian,nationaltribune.com.au,1
2026-06-22,australian,ajp.com.au,1
2026-06-22,australian,emphn.org.au,1
2026-06-22,australians,wa.gov.au,2
2026-06-22,australians,Adelaide UHF,1
2026-06-22,australians,firstnationsnews.com.au,1
2026-06-22,available,Zoo Buddy2.0,1
2026-06-22,available,Hannan's Cattle,1
2026-06-22,available,RK_kennel_திருப்பூர் ,1
2026-06-22,available,stillwaitingforbacon,1
2026-06-22,award,mvec.mcri.edu.au,2
2026-06-22,award,ajp.com.au,1
2026-06-22,away,NOBS,1
2026-06-22,away,captainzigzag,1
2026-06-22,away,Downtown4life,1
2026-06-22,baby,Nurse didi,2
2026-06-22,baby,Nursinglife22,2
2026-06-22,baby,MrZidi,1
2026-06-22,baby,nursemadam,1
2026-06-22,baby,The mother Doctor,1
2026-06-22,baby,KL at TN,1
2026-06-22,baby,Anvi cutediaries,1
2026-06-22,baby,DrMoni Nicu Babies,1
2026-06-22,baby,Rhose Vlog,1
2026-06-22,baby,    MummaKi_Gudiya,1
2026-06-22,baby,work smart studio,1
2026-06-22,baby,Sathyadev and Vaishali,1
2026-06-22,baby,uma daily life,1
2026-06-22,baby,Hakura Rukano,1
2026-06-22,baby,Mom Life With Mateo,1
2026-06-22,baby,MISTI  MONA  VLOG,1
2026-06-22,baby,Rohan Preeti Vlogs ,1
2026-06-22,baby,Hamdard hospital ,1
2026-06-22,baby,Dr Monica Rajput,1
2026-06-22,baby,New Born,1
2026-06-22,baby,Newborn Diaries,1
2026-06-22,baby,LENZING WEEKLY,1
2026-06-22,baby,OCEAN_D KOMIC Tv,1
2026-06-22,baby,Health Science,1
2026-06-22,baby,Sehat Byte,1
2026-06-22,baby,#Komalpalkarvlogs,1
2026-06-22,baby,Human Buddy,1
2026-06-22,baby,northernbeachesreview.com.au,1
2026-06-22,baby vaccination,nursemadam,1
2026-06-22,baby vaccination,KL at TN,1
2026-06-22,baby vaccination,Anvi cutediaries,1
2026-06-22,baby vaccination,Rohan Preeti Vlogs ,1
2026-06-22,baby vaccination,Dr Monica Rajput,1
2026-06-22,baby vaccination,LENZING WEEKLY,1
2026-06-22,baby vaccine,Nursinglife22,2
2026-06-22,baby vaccine,Sathyadev and Vaishali,1
2026-06-22,baby vaccine,Mom Life With Mateo,1
2026-06-22,baby vaccine,Human Buddy,1
2026-06-22,babycare,Bangaru Babu Diaries ,1
2026-06-22,babycare,Rainbow Children’s Hospital & BirthRight,1
2026-06-22,babycare,Health Science,1
2026-06-22,babycare,Sehat Byte,1
2026-06-22,back,perthisok.com,2
2026-06-22,back,KIMA Action News,1
2026-06-22,back,Rebel News,1
2026-06-22,back,TOTT News,1
2026-06-22,backs,theindiansun.com.au,2
2026-06-22,backs,manmonthly.com.au,2
2026-06-22,backs,m.au.investing.com,1
2026-06-22,base,msn.com,4
2026-06-22,base,MS NOW,1
2026-06-22,bcg,Newborn Love ,1
2026-06-22,bcg,PSM Simplified: Community Medicine & Research,1
2026-06-22,bcg,Newborn Diaries,1
2026-06-22,bcg,MedMitra ,1
2026-06-22,beat,DigitalLove13,2
2026-06-22,beat,g0nnr,1
2026-06-22,beat,prod. rxhff,1
2026-06-22,beat,wingsxrra,1
2026-06-22,beat,floatyboat,1
2026-06-22,beat,TCLawyer,1
2026-06-22,beat,othrsde,1
2026-06-22,beat,dead yami,1
2026-06-22,beat,Alteg ,1
2026-06-22,bendigo,bendigohealth.org.au,3
2026-06-22,bendigo,healthdirect.gov.au,2
2026-06-22,benefits,pbs.gov.au,2
2026-06-22,benefits,haziq ,1
2026-06-22,benefits,MindVoice Production,1
2026-06-22,benefits,Forever With Trisha,1
2026-06-22,best,Water Filter Guru,2
2026-06-22,best,刘锦卢,1
2026-06-22,best,Compared Tools,1
2026-06-22,best,Relative Tools,1
2026-06-22,best,Epic Reviewz,1
2026-06-22,best,GP Orthodontic Tips - StraightSmile Solutions,1
2026-06-22,best,Sarah Torrence ,1
2026-06-22,best,Aqua Professor,1
2026-06-22,best,Ramese Sanders,1
2026-06-22,best,pat.the.dentist,1
2026-06-22,best,Rank On Top,1
2026-06-22,best,miragenews.com,1
2026-06-22,best fluoride,Compared Tools,1
2026-06-22,best fluoride,Relative Tools,1
2026-06-22,best fluoride,GP Orthodontic Tips - StraightSmile Solutions,1
2026-06-22,best fluoride,Ramese Sanders,1
2026-06-22,best fluoride,pat.the.dentist,1
2026-06-22,best fluoride,Water Filter Guru,1
2026-06-22,better,Spotted Deals with Amy & Griffey,2
2026-06-22,better,Dr. Misha Kogan,1
2026-06-22,better,Nick Conte,1
2026-06-22,better,Dr. David MD,1
2026-06-22,better,Healthy Living Clinic,1
2026-06-22,better,The Damage Report,1
2026-06-22,better,9NEWS,1
2026-06-22,better,Les Farley's Odds And Ends,1
2026-06-22,better,dead yami,1
2026-06-22,better,nationaltribune.com.au,1
2026-06-22,better,citynewsqbn.com.au,1
2026-06-22,big,Vet Info,6
2026-06-22,big,golden clips ,1
2026-06-22,big,My Top Show,1
2026-06-22,big,The American F.A.N Podcast,1
2026-06-22,big,Graig Weich BeyondComics. TV,1
2026-06-22,big,Adam Allred Official,1
2026-06-22,big,Newsmax Australia,1
2026-06-22,big,PLUTO_HAS_COME_BACK,1
2026-06-22,big,bigrigs.com.au,1
2026-06-22,big,msn.com,1
2026-06-22,big,bigw.com.au,1
2026-06-22,big pharma,My Top Show,1
2026-06-22,big pharma,The American F.A.N Podcast,1
2026-06-22,big pharma,Graig Weich BeyondComics. TV,1
2026-06-22,big pharma,Adam Allred Official,1
2026-06-22,big pharma,Newsmax Australia,1
2026-06-22,big pharma,PLUTO_HAS_COME_BACK,1
2026-06-22,bio,DEVON PAW SHELTER ,2
2026-06-22,bio,au.finance.yahoo.com,1
2026-06-22,biontech,theindiansun.com.au,2
2026-06-22,biontech,australianmanufacturing.com.au,1
2026-06-22,bird,wamnnews.com.au,2
2026-06-22,bird,abc.net.au,1
2026-06-22,bird,smh.com.au,1
2026-06-22,bird flu,wamnnews.com.au,2
2026-06-22,bird flu,abc.net.au,1
2026-06-22,bird flu,smh.com.au,1
2026-06-22,bob,Fluoride Free Water,3
2026-06-22,bob,thehealthybelly,1
2026-06-22,body,Dr. Debbie Ozment,1
2026-06-22,body,Inside Human 3D,1
2026-06-22,body,Dark Finance ,1
2026-06-22,body,bodyandsoul.com.au,1
2026-06-22,body,thewest.com.au,1
2026-06-22,body,miragenews.com,1
2026-06-22,body,nationaltribune.com.au,1
2026-06-22,body,msn.com,1
2026-06-22,book,bloomsthechemist.com.au,2
2026-06-22,book,dentalatkeys.com.au,1
2026-06-22,bookings,newberychemists.au,2
2026-06-22,bookings,hotdoc.com.au,1
2026-06-22,boost,wa.gov.au,2
2026-06-22,boost,newshub.medianet.com.au,1
2026-06-22,boost,racgp.org.au,1
2026-06-22,boost,miragenews.com,1
2026-06-22,boost,firstnationsnews.com.au,1
2026-06-22,boosts,miragenews.com,2
2026-06-22,boosts,australianmanufacturing.com.au,1
2026-06-22,brave,JEN ZII,1
2026-06-22,brave,Rohan Preeti Vlogs ,1
2026-06-22,brave,The Midnight Pharmacy,1
2026-06-22,breaking,The Daily Signal,1
2026-06-22,breaking,BOL News,1
2026-06-22,breaking,Daily Dart,1
2026-06-22,breaking,timesnewsgroup.com.au,1
2026-06-22,breakthrough,10 News,1
2026-06-22,breakthrough,ojs.cdi.cdc.gov.au,1
2026-06-22,breakthrough,miragenews.com,1
2026-06-22,brushing,Pristine Smiles Dental,1
2026-06-22,brushing,Brandon Trame,1
2026-06-22,brushing,dian shaw,1
2026-06-22,brushing,Harmony Pediatrics,1
2026-06-22,brushing,Watch Read,1
2026-06-22,building,nationaltribune.com.au,2
2026-06-22,building,newcastle.edu.au,2
2026-06-22,building stronger,newcastle.edu.au,2
2026-06-22,building stronger,nationaltribune.com.au,1
2026-06-22,business,islandsbusiness.com,2
2026-06-22,business,Organic Oases Penang,1
2026-06-22,buy,airr.com.au,2
2026-06-22,buy,everyday.com.au,2
2026-06-22,cairns,cairnspost.com.au,2
2026-06-22,cairns,Cairns and Tropical Gardening by Rob Pyne,1
2026-06-22,california,Toxic Fluoride,2
2026-06-22,california,ibtimes.com.au,2
2026-06-22,canberra,Haqiqat media,4
2026-06-22,canberra,ojs.cdi.cdc.gov.au,2
2026-06-22,canberra,citynews.com.au,1
2026-06-22,cancer,miragenews.com,3
2026-06-22,cancer,nationaltribune.com.au,2
2026-06-22,cancer,nhmrc.gov.au,2
2026-06-22,cancer,"Peter A. McCullough, MD, MPH™",1
2026-06-22,cancer,golden clips ,1
2026-06-22,cancer,Signal From Tomorrow,1
2026-06-22,cancer,Brain Desk,1
2026-06-22,cancer,The Economic Times,1
2026-06-22,cancer,SumanTV Lifestyle,1
2026-06-22,cancer,WION,1
2026-06-22,cancer,BBC News,1
2026-06-22,cancer,Channel 4 News,1
2026-06-22,cancer,OTV,1
2026-06-22,cancer,Marshall In The Middle,1
2026-06-22,cancer,Ankura Hospital for Women & Children,1
2026-06-22,cancer,The Logical Indian,1
2026-06-22,cancer,ThemFilesTV,1
2026-06-22,cancer,10 News,1
2026-06-22,cancer,"J ""Fast AF"" Whiite",1
2026-06-22,cancer,msn.com,1
2026-06-22,cancer,thenewdaily.com.au,1
2026-06-22,cancer,abc.net.au,1
2026-06-22,cancer deaths,miragenews.com,2
2026-06-22,cancer deaths,OTV,1
2026-06-22,cancer deaths,nationaltribune.com.au,1
2026-06-22,cancer vaccine,Brain Desk,1
2026-06-22,cancer vaccine,msn.com,1
2026-06-22,cancer vaccine,abc.net.au,1
2026-06-22,cannot,Kanooni Adhikar,1
2026-06-22,cannot,Grant Stinchfield,1
2026-06-22,cannot,Lawtinum,1
2026-06-22,care,miragenews.com,2
2026-06-22,care,Prilove,1
2026-06-22,care,Newborn Love ,1
2026-06-22,care,Digitall Kavita,1
2026-06-22,care,Nursinglife22,1
2026-06-22,care,Foot Patrol & Aviation Australia,1
2026-06-22,care,Malcolm Roberts,1
2026-06-22,care,AcornAl,1
2026-06-22,care,unsw.edu.au,1
2026-06-22,care,healthdirect.gov.au,1
2026-06-22,care,nationaltribune.com.au,1
2026-06-22,care,earlychildhood.qld.gov.au,1
2026-06-22,care,abc.net.au,1
2026-06-22,case,mike_honey,2
2026-06-22,case,Daniel Rico,1
2026-06-22,case,FluorideFreeWA Perth,1
2026-06-22,case,bigrigs.com.au,1
2026-06-22,case,coonambletimes.com.au,1
2026-06-22,case,abc.net.au,1
2026-06-22,cases,msn.com,2
2026-06-22,cases,aapnews.aap.com.au,2
2026-06-22,cases,westernplainsapp.com.au,2
2026-06-22,cases,SBS News,1
2026-06-22,cases,gaza.com.au,1
2026-06-22,cat,Irish Franco,1
2026-06-22,cat,omer qasimzade,1
2026-06-22,cat,Vet Dr. Sagir Uddin Ahmed,1
2026-06-22,cat,nationaltribune.com.au,1
2026-06-22,catch,Dog Public Safety ,1
2026-06-22,catch,Street Dog Planet44,1
2026-06-22,catch,saraharchie93,1
2026-06-22,cattle,Abyss,1
2026-06-22,cattle,Hannan's Cattle,1
2026-06-22,cattle,dpird.nsw.gov.au,1
2026-06-22,cause,Truth Over Trend with Matthew Maher,1
2026-06-22,cause,Science of Eating,1
2026-06-22,cause,Dr Roshan Rayen,1
2026-06-22,cause,nationaltribune.com.au,1
2026-06-22,cavities,Harmony Pediatrics,1
2026-06-22,cavities,WILD FACT DAILY,1
2026-06-22,cavities,Core Pre-Health Science Explainers,1
2026-06-22,cavities,ElFrameRoll,1
2026-06-22,cavities,ST.MOTHER TERESA DENTAL AND COSMETIC CLINIC,1
2026-06-22,cdc,msn.com,2
2026-06-22,cdc,nathashasCheekyWorld,1
2026-06-22,cdc,Flashlights,1
2026-06-22,cdc,Facts Matter with Roman Balmakov,1
2026-06-22,cdc,nine.com.au,1
2026-06-22,centre,mvec.mcri.edu.au,8
2026-06-22,centre,healthdirect.gov.au,1
2026-06-22,centre,govmarket.com.au,1
2026-06-22,cervical,nhmrc.gov.au,2
2026-06-22,cervical,miragenews.com,2
2026-06-22,cervical,SumanTV Lifestyle,1
2026-06-22,cervical,WION,1
2026-06-22,cervical,Channel 4 News,1
2026-06-22,cervical,OTV,1
2026-06-22,cervical,Ankura Hospital for Women & Children,1
2026-06-22,cervical,The Logical Indian,1
2026-06-22,cervical,ThemFilesTV,1
2026-06-22,cervical,"J ""Fast AF"" Whiite",1
2026-06-22,cervical,nationaltribune.com.au,1
2026-06-22,cervical,thenewdaily.com.au,1
2026-06-22,cervical cancer,nhmrc.gov.au,2
2026-06-22,cervical cancer,miragenews.com,2
2026-06-22,cervical cancer,SumanTV Lifestyle,1
2026-06-22,cervical cancer,WION,1
2026-06-22,cervical cancer,Channel 4 News,1
2026-06-22,cervical cancer,OTV,1
2026-06-22,cervical cancer,Ankura Hospital for Women & Children,1
2026-06-22,cervical cancer,The Logical Indian,1
2026-06-22,cervical cancer,ThemFilesTV,1
2026-06-22,cervical cancer,"J ""Fast AF"" Whiite",1
2026-06-22,cervical cancer,nationaltribune.com.au,1
2026-06-22,cervical cancer,thenewdaily.com.au,1
2026-06-22,champion,mvec.mcri.edu.au,2
2026-06-22,champion,The Midnight Pharmacy,1
2026-06-22,changes,nationaltribune.com.au,3
2026-06-22,changes,emphn.org.au,2
2026-06-22,channel,Joining Hands In Health,1
2026-06-22,channel,M K44,1
2026-06-22,channel,WakeUpAlert,1
2026-06-22,chemicals,UPivitzzz,1
2026-06-22,chemicals,"JiNan ShengHe Chemical Co., Ltd.",1
2026-06-22,chemicals,Water Filter Guru,1
2026-06-22,chemist,bloomsthechemist.com.au,3
2026-06-22,chemist,rsvp.chemistwarehouse.com.au,1
2026-06-22,child,The Insight Crafter,1
2026-06-22,child,Nursinglife22,1
2026-06-22,child,Kristen Lindgren,1
2026-06-22,child,McCullough Foundation,1
2026-06-22,child,Advaith Gurung,1
2026-06-22,child,myPediaclinic,1
2026-06-22,child,Patiala Hospital ,1
2026-06-22,child,ST.MOTHER TERESA DENTAL AND COSMETIC CLINIC,1
2026-06-22,child,TerryWhite Chemmart Paragon ,1
2026-06-22,child,TerryWhite Chemmart Cumberland Park Pharmacy,1
2026-06-22,child,MediStar Hospitals ,1
2026-06-22,child,bananapant1,1
2026-06-22,childhood,Ajith Narayanankutty,2
2026-06-22,childhood,Sydney Children's Hospitals Network,1
2026-06-22,childhood,earlychildhood.qld.gov.au,1
2026-06-22,children,Toxic Fluoride,2
2026-06-22,children,adelaidenow.com.au,2
2026-06-22,children,The HighWire with Del Bigtree,1
2026-06-22,children,Church 1010,1
2026-06-22,children,Dr. Tommy Martin,1
2026-06-22,children,davidnightingale,1
2026-06-22,children,ABC News (Australia),1
2026-06-22,children,Zishan Farhan,1
2026-06-22,children,7NEWS Australia,1
2026-06-22,children,LechuckThreepwood,1
2026-06-22,children,msn.com,1
2026-06-22,children,psychologytoday.com,1
2026-06-22,children,savethechildren.org.au,1
2026-06-22,children,m.au.investing.com,1
2026-06-22,chlorine,Gadget Girl,1
2026-06-22,chlorine,SoftPro Water Systems,1
2026-06-22,chlorine,UPivitzzz,1
2026-06-22,chlorine,bigw.com.au,1
2026-06-22,city,John Meaders,1
2026-06-22,city,KIMA Action News,1
2026-06-22,city,Rank On Top,1
2026-06-22,citynews,citynewsqbn.com.au,2
2026-06-22,citynews,citynews.com.au,1
2026-06-22,claim,The Economic Times,2
2026-06-22,claim,Liz Gunn,1
2026-06-22,claims,Text form Evidence,1
2026-06-22,claims,The Economic Times,1
2026-06-22,claims,Back to the Science,1
2026-06-22,clean,michifinds,1
2026-06-22,clean,Dental Designs Clinic,1
2026-06-22,clean,cleanandnative.com.au,1
2026-06-22,clinic,timesnewsgroup.com.au,3
2026-06-22,clinic,myPediaclinic,1
2026-06-22,clinic,Dr Shirish Deshpande,1
2026-06-22,clinic,The Midnight Pharmacy,1
2026-06-22,clinic,TerryWhite Chemmart Paragon ,1
2026-06-22,clinic,healthdirect.gov.au,1
2026-06-22,clinic,hotdoc.com.au,1
2026-06-22,clinic,quinnsmindariesuperclinic.com.au,1
2026-06-22,coast,timesnewsgroup.com.au,2
2026-06-22,coast,Jason Active,1
2026-06-22,coast,stillwaitingforbacon,1
2026-06-22,coast,cairnspost.com.au,1
2026-06-22,coast,goldcoast.health.qld.gov.au,1
2026-06-22,colgate,michifinds,1
2026-06-22,colgate,Skylox Transit,1
2026-06-22,colgate,Direction ,1
2026-06-22,colgate,everyday.com.au,1
2026-06-22,colgate total,michifinds,1
2026-06-22,colgate total,Skylox Transit,1
2026-06-22,colgate total,everyday.com.au,1
2026-06-22,com,au.investing.com,3
2026-06-22,com,m.au.investing.com,3
2026-06-22,com,The Robb Carter Show,1
2026-06-22,community,The Midnight Pharmacy,2
2026-06-22,community,TerryWhite Chemmart Paragon ,2
2026-06-22,community,WCIA News,1
2026-06-22,community,"Australian Dept of Health, Disability and Ageing",1
2026-06-22,community,portal.ada.org.au,1
2026-06-22,community,cesphn.org.au,1
2026-06-22,community,aol.com,1
2026-06-22,community,classicwayfamilypractice.com.au,1
2026-06-22,community water,WCIA News,1
2026-06-22,community water,portal.ada.org.au,1
2026-06-22,community water,aol.com,1
2026-06-22,compensation,A Current Affair,2
2026-06-22,compensation,Sky News,1
2026-06-22,complete,Michigan EGLE,1
2026-06-22,complete,Nurse Spark,1
2026-06-22,complete,Foot Patrol & Aviation Australia,1
2026-06-22,concerns,InterestingClips,1
2026-06-22,concerns,Full Measure with Sharyl Attkisson,1
2026-06-22,concerns,AK Insights,1
2026-06-22,concerns,DNAIndiaNews,1
2026-06-22,concerns,msn.com,1
2026-06-22,conference,mvec.mcri.edu.au,2
2026-06-22,conference,PLUTO_HAS_COME_BACK,1
2026-06-22,connett,Fluoride Free Australia,3
2026-06-22,connett,FluorideFreeWA Perth,2
2026-06-22,connett,Toxic Fluoride,1
2026-06-22,controversy,O2 IAS Academy,1
2026-06-22,controversy,National Press Foundation,1
2026-06-22,controversy,Let's Crack UPSC CSE Hindi,1
2026-06-22,controversy,Ana Gabriel Ritmos y Sentimientos,1
2026-06-22,controversy,boytoymichelle,1
2026-06-22,conversation,Faith Culture Politics Australia,2
2026-06-22,conversation,Dr Maria Florou,1
2026-06-22,conversations,bendigohealth.org.au,2
2026-06-22,conversations,nationaltribune.com.au,1
2026-06-22,coronavirus,Adv.Harshvardhan Singh Thakur,1
2026-06-22,coronavirus,PowerBottomBear92,1
2026-06-22,coronavirus,healthhub.hif.com.au,1
2026-06-22,cost,Sky News Australia,1
2026-06-22,cost,couriermail.com.au,1
2026-06-22,cost,askmygp.com.au,1
2026-06-22,could,DEVON PAW SHELTER ,2
2026-06-22,could,msn.com,2
2026-06-22,could,WAFF 48 News & Weather,1
2026-06-22,could,KMOV St. Louis,1
2026-06-22,could,AcornAl,1
2026-06-22,could,loopfission,1
2026-06-22,could,thewest.com.au,1
2026-06-22,could,nationaltribune.com.au,1
2026-06-22,could,nine.com.au,1
2026-06-22,could,kalkinemedia.com,1
2026-06-22,could,smh.com.au,1
2026-06-22,council,ABC News (Australia),2
2026-06-22,council,John Meaders,1
2026-06-22,council,KIMA Action News,1
2026-06-22,council,Ana Gabriel Ritmos y Sentimientos,1
2026-06-22,council,boytoymichelle,1
2026-06-22,council,Jason Active,1
2026-06-22,council,snowyvalleys.nsw.gov.au,1
2026-06-22,council,myallcoast.newsofthearea.com.au,1
2026-06-22,court,Toxic Fluoride,2
2026-06-22,court,The Dr Kumar Discovery,1
2026-06-22,court,Rebel News,1
2026-06-22,court,Daily Dart,1
2026-06-22,court,loopfission,1
2026-06-22,court ruling,Toxic Fluoride,2
2026-06-22,court ruling,The Dr Kumar Discovery,1
2026-06-22,cover,SupremacyGentleman666,1
2026-06-22,cover,Arkansas Underground,1
2026-06-22,cover,Datura,1
2026-06-22,cover,MINCE'N'WEED,1
2026-06-22,cover,s3-ap-southeast-2.amazonaws.com,1
2026-06-22,cover-up,TruthFoundry,1
2026-06-22,cover-up,The Economic Times,1
2026-06-22,cover-up,Redacted,1
2026-06-22,covid,WillowOfTheWisp,14
2026-06-22,covid,mike_honey,8
2026-06-22,covid,loopfission,6
2026-06-22,covid,The Economic Times,3
2026-06-22,covid,miragenews.com,3
2026-06-22,covid,Rebel News,2
2026-06-22,covid,The Midnight Pharmacy,2
2026-06-22,covid,"Australian Dept of Health, Disability and Ageing",2
2026-06-22,covid,A Current Affair,2
2026-06-22,covid,AcornAl,2
2026-06-22,covid,msn.com,2
2026-06-22,covid,thetimes.com.au,2
2026-06-22,covid,DW News,1
2026-06-22,covid,Kanooni Adhikar,1
2026-06-22,covid,The Insight Crafter,1
2026-06-22,covid,"Peter A. McCullough, MD, MPH™",1
2026-06-22,covid,Lawtinum,1
2026-06-22,covid,Dr Trozzi,1
2026-06-22,covid,Kristen Lindgren,1
2026-06-22,covid,KVUE,1
2026-06-22,covid,Dr. Misha Kogan,1
2026-06-22,covid,The Pulse Report,1
2026-06-22,covid,Jonathan Howard,1
2026-06-22,covid,The American F.A.N Podcast,1
2026-06-22,covid,Graig Weich BeyondComics. TV,1
2026-06-22,covid,Dr Diaguard,1
2026-06-22,covid,nathashasCheekyWorld,1
2026-06-22,covid,Flashlights,1
2026-06-22,covid,Owen Report,1
2026-06-22,covid,McCullough Foundation,1
2026-06-22,covid,Dr. David MD,1
2026-06-22,covid,UMN Office of Academic Clinical Affairs,1
2026-06-22,covid,The Daily Signal,1
2026-06-22,covid,The Financial Express,1
2026-06-22,covid,The Jimmy Dore Show,1
2026-06-22,covid,Blaire White,1
2026-06-22,covid,9NEWS,1
2026-06-22,covid,Youth Health Focus,1
2026-06-22,covid,HEALTH-HEALTH: 245k views : 3hours ago...,1
2026-06-22,covid,TerryWhite Chemmart Paragon ,1
2026-06-22,covid,Redacted,1
2026-06-22,covid,A Peaceful Perch,1
2026-06-22,covid,Sky News Australia,1
2026-06-22,covid,news.com.au,1
2026-06-22,covid,Daily Insight,1
2026-06-22,covid,Full Measure with Sharyl Attkisson,1
2026-06-22,covid,VS2ute,1
2026-06-22,covid,LechuckThreepwood,1
2026-06-22,covid,PowerBottomBear92,1
2026-06-22,covid,PLUTO_HAS_COME_BACK,1
2026-06-22,covid,stillwaitingforbacon,1
2026-06-22,covid,factsnack,1
2026-06-22,covid,s3-ap-southeast-2.amazonaws.com,1
2026-06-22,covid,hotdoc.com.au,1
2026-06-22,covid,healthhub.hif.com.au,1
2026-06-22,covid,emphn.org.au,1
2026-06-22,covid,wataganparkpharmacy.com,1
2026-06-22,covid,cairnspost.com.au,1
2026-06-22,covid flu,The Midnight Pharmacy,2
2026-06-22,covid flu,TerryWhite Chemmart Paragon ,1
2026-06-22,covid flu,cairnspost.com.au,1
2026-06-22,covid vaccination,loopfission,3
2026-06-22,covid vaccination,McCullough Foundation,1
2026-06-22,covid vaccination,PowerBottomBear92,1
2026-06-22,covid vaccination,factsnack,1
2026-06-22,covid vaccination,emphn.org.au,1
2026-06-22,covid vaccination,wataganparkpharmacy.com,1
2026-06-22,covid vaccine,The Economic Times,2
2026-06-22,covid vaccine,A Current Affair,2
2026-06-22,covid vaccine,The Insight Crafter,1
2026-06-22,covid vaccine,"Peter A. McCullough, MD, MPH™",1
2026-06-22,covid vaccine,Dr Trozzi,1
2026-06-22,covid vaccine,Kristen Lindgren,1
2026-06-22,covid vaccine,The American F.A.N Podcast,1
2026-06-22,covid vaccine,Graig Weich BeyondComics. TV,1
2026-06-22,covid vaccine,Dr Diaguard,1
2026-06-22,covid vaccine,Flashlights,1
2026-06-22,covid vaccine,Owen Report,1
2026-06-22,covid vaccine,The Daily Signal,1
2026-06-22,covid vaccine,The Financial Express,1
2026-06-22,covid vaccine,Blaire White,1
2026-06-22,covid vaccine,Rebel News,1
2026-06-22,covid vaccine,9NEWS,1
2026-06-22,covid vaccine,A Peaceful Perch,1
2026-06-22,covid vaccine,Sky News Australia,1
2026-06-22,covid vaccine,news.com.au,1
2026-06-22,covid vaccine,Full Measure with Sharyl Attkisson,1
2026-06-22,covid vaccine,PLUTO_HAS_COME_BACK,1
2026-06-22,covid vaccine,miragenews.com,1
2026-06-22,covid vaccines,DW News,1
2026-06-22,covid vaccines,Kanooni Adhikar,1
2026-06-22,covid vaccines,Lawtinum,1
2026-06-22,covid vaccines,Jonathan Howard,1
2026-06-22,covid vaccines,UMN Office of Academic Clinical Affairs,1
2026-06-22,covid vaccines,loopfission,1
2026-06-22,covid vaccines,hotdoc.com.au,1
2026-06-22,covid vaccines,miragenews.com,1
2026-06-22,covid vaccines,msn.com,1
2026-06-22,cow,Vet Info,3
2026-06-22,cow,Hannan's Cattle,1
2026-06-22,cow,PLUTO_HAS_COME_BACK,1
2026-06-22,crisis,Between The Lines - Podcast & Media,1
2026-06-22,crisis,miragenews.com,1
2026-06-22,crisis,savethechildren.org.au,1
2026-06-22,csl,kalkinemedia.com,3
2026-06-22,csl,kalkine.com.au,1
2026-06-22,current,A Current Affair,2
2026-06-22,current,INSIGHTS IAS,1
2026-06-22,current,healthed-test.kiratech.com.au,1
2026-06-22,cute,Nursinglife22,2
2026-06-22,cute,My Chem Academy ,1
2026-06-22,cute,Irish Franco,1
2026-06-22,cute,Hamdard hospital ,1
2026-06-22,cute,New Born,1
2026-06-22,cute,Jmk Vet,1
2026-06-22,cutebaby,MrZidi,1
2026-06-22,cutebaby,Bangaru Babu Diaries ,1
2026-06-22,cutebaby,Anvi cutediaries,1
2026-06-22,cutebaby,DrMoni Nicu Babies,1
2026-06-22,cutebaby,Hamdard hospital ,1
2026-06-22,cutebaby,Sayed Mujahid Husain,1
2026-06-22,cuts,miragenews.com,2
2026-06-22,cuts,The Logical Indian,1
2026-06-22,cuts cervical,miragenews.com,2
2026-06-22,cuts cervical,The Logical Indian,1
2026-06-22,daily,Dr. Debbie Ozment,1
2026-06-22,daily,Health Facts,1
2026-06-22,daily,Pinay Prenny in South Australia,1
2026-06-22,daily,pharmacydaily.com.au,1
2026-06-22,daily,thenewdaily.com.au,1
2026-06-22,dangerous,BioTech Informant,1
2026-06-22,dangerous,Toxic Fluoride,1
2026-06-22,dangerous,PLUTO_HAS_COME_BACK,1
2026-06-22,dangerous,adelaidenow.com.au,1
2026-06-22,dangerous,themercury.com.au,1
2026-06-22,dangerous,msn.com,1
2026-06-22,dangers,Christian Cat,1
2026-06-22,dangers,The State of Freedom,1
2026-06-22,dangers,Scientific death,1
2026-06-22,dangers,TheOmeganews,1
2026-06-22,dangers,The Gut Code ,1
2026-06-22,dangers,Natalie Tysdal,1
2026-06-22,dangers fluoride,Christian Cat,1
2026-06-22,dangers fluoride,The State of Freedom,1
2026-06-22,dangers fluoride,The Gut Code ,1
2026-06-22,day,Prilove,1
2026-06-22,day,Bangaru Babu Diaries ,1
2026-06-22,day,Akash & priti,1
2026-06-22,day,IsabellaCoronel,1
2026-06-22,day,Irish Franco,1
2026-06-22,day,manopraba life journey with Sai ma,1
2026-06-22,day,Lights on food,1
2026-06-22,day,Rohan Preeti Vlogs ,1
2026-06-22,day,Aakriti Dahal,1
2026-06-22,day,Ica-chu the Pug,1
2026-06-22,day,Dr Shirish Deshpande,1
2026-06-22,day,LENZING WEEKLY,1
2026-06-22,day,Akshay Dilaik Vlogs,1
2026-06-22,day,Amar and Nisha Vlogs,1
2026-06-22,day,NAYANA VARIYATH,1
2026-06-22,day,#Komalpalkarvlogs,1
2026-06-22,day,Choiyie,1
2026-06-22,deadly,msn.com,2
2026-06-22,deadly,BBC News,1
2026-06-22,deadly,loopfission,1
2026-06-22,deadly,au.news.yahoo.com,1
2026-06-22,deaths,miragenews.com,3
2026-06-22,deaths,Grant Stinchfield,2
2026-06-22,deaths,The Insight Crafter,1
2026-06-22,deaths,Liz Gunn,1
2026-06-22,deaths,Lawtinum,1
2026-06-22,deaths,Kristen Lindgren,1
2026-06-22,deaths,KVUE,1
2026-06-22,deaths,David McCaffrey,1
2026-06-22,deaths,Charismatic Studio,1
2026-06-22,deaths,Flashlights,1
2026-06-22,deaths,Crossfire Stories,1
2026-06-22,deaths,Owen Report,1
2026-06-22,deaths,McCullough Foundation,1
2026-06-22,deaths,The Daily Signal,1
2026-06-22,deaths,KMOV St. Louis,1
2026-06-22,deaths,OTV,1
2026-06-22,deaths,Sky News Australia,1
2026-06-22,deaths,nationaltribune.com.au,1
2026-06-22,debate,Text form Evidence,1
2026-06-22,debate,KIMA Action News,1
2026-06-22,debate,wgaltv,1
2026-06-22,debate,PlanetNotPlastic,1
2026-06-22,debate,Ana Gabriel Ritmos y Sentimientos,1
2026-06-22,debate,boytoymichelle,1
2026-06-22,debate,GoodAsDone,1
2026-06-22,debate,kalkine.com.au,1
2026-06-22,decision,IndiaFluProtection,1
2026-06-22,decision,loopfission,1
2026-06-22,decision,nationaltribune.com.au,1
2026-06-22,defence,newcastle.edu.au,2
2026-06-22,defence,govmarket.com.au,1
2026-06-22,defence,nationaltribune.com.au,1
2026-06-22,dementia,Dr. Noc,1
2026-06-22,dementia,"Brian Walcott, MD",1
2026-06-22,dementia,On the Mones,1
2026-06-22,dementia,WCVB Channel 5 Boston,1
2026-06-22,dementia,Ask Dr. Mia- Navigating Dementia Caregiving,1
2026-06-22,dementia,miragenews.com,1
2026-06-22,dementia,msn.com,1
2026-06-22,dementia risk,WCVB Channel 5 Boston,1
2026-06-22,dementia risk,miragenews.com,1
2026-06-22,dementia risk,msn.com,1
2026-06-22,dengue,Let's Crack UPSC CSE Hindi,2
2026-06-22,dengue,aapnews.aap.com.au,2
2026-06-22,dengue,msn.com,2
2026-06-22,dengue,O2 IAS Academy,1
2026-06-22,dengue,INSIGHTS IAS,1
2026-06-22,dengue,Dr M S S Mukharjee | Pulse Heart,1
2026-06-22,dengue,AK Insights,1
2026-06-22,dengue,Thanthi TV,1
2026-06-22,dengue vaccine,Let's Crack UPSC CSE Hindi,2
2026-06-22,dengue vaccine,O2 IAS Academy,1
2026-06-22,dengue vaccine,INSIGHTS IAS,1
2026-06-22,dengue vaccine,Dr M S S Mukharjee | Pulse Heart,1
2026-06-22,dengue vaccine,AK Insights,1
2026-06-22,dental,Pristine Smiles Dental,1
2026-06-22,dental,RPIIT ACADEMICS,1
2026-06-22,dental,The Dr. Phil Klein Dental Podcast,1
2026-06-22,dental,DENTAL JUNCTION,1
2026-06-22,dental,dentalatkeys.com.au,1
2026-06-22,dentalhealth,KC Complete Fighter ,1
2026-06-22,dentalhealth,Health Science,1
2026-06-22,dentalhealth,Sehat Byte,1
2026-06-22,dentist,British Thought Leaders,1
2026-06-22,dentist,Dr. Andrew Choi ,1
2026-06-22,dentist,PlanetNotPlastic,1
2026-06-22,dentist,dentalatkeys.com.au,1
2026-06-22,department,govmarket.com.au,2
2026-06-22,department,dpird.nsw.gov.au,2
2026-06-22,department,loopfission,1
2026-06-22,description,ReyNest,1
2026-06-22,description,Chris Aussie,1
2026-06-22,description,springboard.health.qld.gov.au,1
2026-06-22,designed,msn.com,1
2026-06-22,designed,citynews.com.au,1
2026-06-22,designed,puffnstuff.com.au,1
2026-06-22,designed,abc.net.au,1
2026-06-22,destroyed,Uncommon Ground,1
2026-06-22,destroyed,Social Society w/ Brandon Clark,1
2026-06-22,destroyed,The Discourse w/Brandon Clark,1
2026-06-22,development,TeleSUR English,1
2026-06-22,development,American Voices Unfiltered,1
2026-06-22,development,rmit.edu.au,1
2026-06-22,diamine,Deserving Dental,1
2026-06-22,diamine,Giggles Grins,1
2026-06-22,diamine,dentalatkeys.com.au,1
2026-06-22,diamine fluoride,Deserving Dental,1
2026-06-22,diamine fluoride,Giggles Grins,1
2026-06-22,diamine fluoride,dentalatkeys.com.au,1
2026-06-22,diphtheria,RC REDDY IAS STUDY CIRCLE,1
2026-06-22,diphtheria,Rainbow Children’s Hospital & BirthRight,1
2026-06-22,diphtheria,Horney Fure,1
2026-06-22,diphtheria,MelodyTV,1
2026-06-22,diphtheria,ABC News (Australia),1
2026-06-22,diphtheria,SBS News,1
2026-06-22,diphtheria,crownstmedicalcentre.com.au,1
2026-06-22,diphtheria,oceanmedical.com.au,1
2026-06-22,diphtheria,murraypioneer.com.au,1
2026-06-22,diphtheria,nt.gov.au,1
2026-06-22,diphtheria,murrayvalleystandard.com.au,1
2026-06-22,diphtheria,unsw.edu.au,1
2026-06-22,diphtheria,rsvp.chemistwarehouse.com.au,1
2026-06-22,diphtheria outbreak,Horney Fure,1
2026-06-22,diphtheria outbreak,MelodyTV,1
2026-06-22,diphtheria outbreak,ABC News (Australia),1
2026-06-22,diphtheria outbreak,murrayvalleystandard.com.au,1
2026-06-22,discovery,wamnnews.com.au,2
2026-06-22,discovery,The AI Residency,1
2026-06-22,discovery,discoveryalert.com.au,1
2026-06-22,disease,msn.com,2
2026-06-22,disease,Save Yourself with Dr. Amy Shah ,1
2026-06-22,disease,Vet Info,1
2026-06-22,disease,Dr Alo,1
2026-06-22,disease,AK Insights,1
2026-06-22,disease,PowerBottomBear92,1
2026-06-22,disease,miragenews.com,1
2026-06-22,disease,newshub.medianet.com.au,1
2026-06-22,disease,nationaltribune.com.au,1
2026-06-22,disease,thewest.com.au,1
2026-06-22,disease,mvec.mcri.edu.au,1
2026-06-22,diseases,ojs.cdi.cdc.gov.au,2
2026-06-22,diseases,pharmadispatch.com,1
2026-06-22,diseases,springboard.health.qld.gov.au,1
2026-06-22,diseases,studocu.com,1
2026-06-22,doctor,thelocaldoctor.com.au,2
2026-06-22,doctor,Quentin & Vanessa Jiles,1
2026-06-22,doctor,Grant Stinchfield,1
2026-06-22,doctor,Sathyadev and Vaishali,1
2026-06-22,doctor,Dr. Tommy Martin,1
2026-06-22,doctor,DENTAL JUNCTION,1
2026-06-22,doctor,Fit Arshia,1
2026-06-22,doctor,Nursinglife22,1
2026-06-22,doctor,VS2ute,1
2026-06-22,doctor,quavertail,1
2026-06-22,doctor,loopfission,1
2026-06-22,doctor,hotdoc.com.au,1
2026-06-22,doctors,crownstmedicalcentre.com.au,2
2026-06-22,doctors,oceanmedical.com.au,2
2026-06-22,doctors,Erraticlee Me,1
2026-06-22,doctors,Two Fun Guys Multiverse,1
2026-06-22,doctors,9NEWS,1
2026-06-22,doctors,loopfission,1
2026-06-22,doctors,msf.org.au,1
2026-06-22,doctors update,crownstmedicalcentre.com.au,2
2026-06-22,doctors update,oceanmedical.com.au,2
2026-06-22,doctors update,9NEWS,1
2026-06-22,dog,JHANSI LAKSHMI PETS,1
2026-06-22,dog,Zoo Buddy2.0,1
2026-06-22,dog,FZN Cosmos,1
2026-06-22,dog,Ridoy story ,1
2026-06-22,dog,Dog Public Safety ,1
2026-06-22,dog,Ica-chu the Pug,1
2026-06-22,dog,Jmk Vet,1
2026-06-22,dog,RK_kennel_திருப்பூர் ,1
2026-06-22,dog,The Pet Food Files,1
2026-06-22,dog,News18 Tamil Nadu,1
2026-06-22,dog,Street Dog Planet44,1
2026-06-22,dog,Vet Dr. Sagir Uddin Ahmed,1
2026-06-22,dog,myallcoast.newsofthearea.com.au,1
2026-06-22,dog,abc.net.au,1
2026-06-22,dog vaccination,JHANSI LAKSHMI PETS,1
2026-06-22,dog vaccination,Ridoy story ,1
2026-06-22,dog vaccination,Jmk Vet,1
2026-06-22,dog vaccination,News18 Tamil Nadu,1
2026-06-22,dog vaccination,Street Dog Planet44,1
2026-06-22,don't,nationaltribune.com.au,2
2026-06-22,don't,Dr. Praveenya Mahanthi,1
2026-06-22,don't,The Bony Nurse,1
2026-06-22,don't,Adelaide UHF,1
2026-06-22,don't,healthed-test.kiratech.com.au,1
2026-06-22,done,GJhogfarm,2
2026-06-22,done,Vet Info,2
2026-06-22,done,Dr. Nichole Morris,1
2026-06-22,done,DrMoni Nicu Babies,1
2026-06-22,done,Karuppan & CO,1
2026-06-22,done,RK_kennel_திருப்பூர் ,1
2026-06-22,done,AnnaBanana-y,1
2026-06-22,doses,International Relations,1
2026-06-22,doses,Chumpai1986,1
2026-06-22,doses,miragenews.com,1
2026-06-22,drinking,Dr. Julian Cross,1
2026-06-22,drinking,Plant Parenting 360,1
2026-06-22,drinking,Andrew Kaufman,1
2026-06-22,drinking,Scientific death,1
2026-06-22,drinking,InterestingClips,1
2026-06-22,drinking,:BananenRepublik in Deutschland,1
2026-06-22,drinking,WJTV 12 News,1
2026-06-22,drinking,The Gut Code ,1
2026-06-22,drinking,max vs machines,1
2026-06-22,drinking,ABC News (Australia),1
2026-06-22,drinking water,Plant Parenting 360,1
2026-06-22,drinking water,Andrew Kaufman,1
2026-06-22,drinking water,Scientific death,1
2026-06-22,drinking water,InterestingClips,1
2026-06-22,drinking water,:BananenRepublik in Deutschland,1
2026-06-22,drinking water,WJTV 12 News,1
2026-06-22,drinking water,max vs machines,1
2026-06-22,drinking water,ABC News (Australia),1
2026-06-22,drive,Soul Healer,1
2026-06-22,drive,PetParadise,1
2026-06-22,drive,discoveryalert.com.au,1
2026-06-22,drop,Nurse didi,1
2026-06-22,drop,ShiftedParadigmsAU,1
2026-06-22,drop,thenewdaily.com.au,1
2026-06-22,dthshow,EVERYDAY CLIP,1
2026-06-22,dthshow,ElFrameRoll,1
2026-06-22,dthshow,Rest is History ,1
2026-06-22,early,Ankura Hospital for Women & Children,1
2026-06-22,early,loopfission,1
2026-06-22,early,miragenews.com,1
2026-06-22,early,earlychildhood.qld.gov.au,1
2026-06-22,easy,TerryWhite Chemmart Paragon ,1
2026-06-22,easy,TerryWhite Chemmart Cumberland Park Pharmacy,1
2026-06-22,easy,bendigohealth.org.au,1
2026-06-22,ebola,miragenews.com,3
2026-06-22,ebola,KADAK,2
2026-06-22,ebola,msf.org.au,2
2026-06-22,ebola,Health unfiltered,1
2026-06-22,ebola,7NEWS Australia,1
2026-06-22,ebola,unsw.edu.au,1
2026-06-22,ebola,aapnews.aap.com.au,1
2026-06-22,ebola,nine.com.au,1
2026-06-22,ebola,savethechildren.org.au,1
2026-06-22,ebola,northernbeachesreview.com.au,1
2026-06-22,education,mvec.mcri.edu.au,8
2026-06-22,education,earlychildhood.qld.gov.au,1
2026-06-22,effect,KC Complete Fighter ,1
2026-06-22,effect,The Veritas Project ,1
2026-06-22,effect,greentext_guy,1
2026-06-22,effect,loopfission,1
2026-06-22,effective,My Top Show,1
2026-06-22,effective,UMN Office of Academic Clinical Affairs,1
2026-06-22,effective,HEALTH-HEALTH: 245k views : 3hours ago...,1
2026-06-22,effective,miragenews.com,1
2026-06-22,effects,TheOmeganews,1
2026-06-22,effects,The Economic Times,1
2026-06-22,effects,Toxic Fluoride,1
2026-06-22,ended,thetimes.com.au,2
2026-06-22,ended,EBPD Video,1
2026-06-22,ended,Andrew Kaufman,1
2026-06-22,ended,Let’s be real 101,1
2026-06-22,every,ReyNest,1
2026-06-22,every,Crafted Everyday,1
2026-06-22,every,The Pet Food Files,1
2026-06-22,excess,Liz Gunn,1
2026-06-22,excess,David McCaffrey,1
2026-06-22,excess,Back to the Science,1
2026-06-22,expands,WION,1
2026-06-22,expands,APT,1
2026-06-22,expands,9 News Australia,1
2026-06-22,experience,TerryWhite Chemmart Paragon ,1
2026-06-22,experience,TerryWhite Chemmart Cumberland Park Pharmacy,1
2026-06-22,experience,iOLANDE MELODY,1
2026-06-22,experience,nationaltribune.com.au,1
2026-06-22,expert,findanexpert.unimelb.edu.au,2
2026-06-22,expert,KWQC News,1
2026-06-22,expert,nationaltribune.com.au,1
2026-06-22,experts,msn.com,5
2026-06-22,experts,nine.com.au,2
2026-06-22,experts,newshub.medianet.com.au,1
2026-06-22,explained,Aaj Ki Baat,1
2026-06-22,explained,DOCTOR LIFE EXTENSION,1
2026-06-22,explained,Core Pre-Health Science Explainers,1
2026-06-22,explained,Forever With Trisha,1
2026-06-22,explained,Teeth Talk Girl,1
2026-06-22,explained,Sydney Children's Hospitals Network,1
2026-06-22,explained,puffnstuff.com.au,1
2026-06-22,explains,The Dr Kumar Discovery,1
2026-06-22,explains,Caries and fairies,1
2026-06-22,explains,CNN,1
2026-06-22,explosive,The Economic Times,3
2026-06-22,explosive,PlanetNotPlastic,1
2026-06-22,exposed,The Insight Crafter,1
2026-06-22,exposed,Dr Diaguard,1
2026-06-22,exposed,Arkansas Underground,1
2026-06-22,exposed,London Real,1
2026-06-22,exposed,Between The Lines - Podcast & Media,1
2026-06-22,exposes,Toxic Fluoride,2
2026-06-22,exposes,FullSpoiler [EN],1
2026-06-22,exposes,Redacted,1
2026-06-22,eye,The Veritas Project ,2
2026-06-22,eye,ADELINE ATLAS,1
2026-06-22,eye,VOID ABYSS,1
2026-06-22,facts,Jannick Röhl,1
2026-06-22,facts,BEST INFLUENCER,1
2026-06-22,facts,Facts Matter with Roman Balmakov,1
2026-06-22,facts,SKT Fact,1
2026-06-22,facts,Toxic Fluoride,1
2026-06-22,family,Whole Family Medicine,1
2026-06-22,family,IndiaFluProtection,1
2026-06-22,family,Rohan Preeti Vlogs ,1
2026-06-22,farm,Vet Info,3
2026-06-22,farm,Abyss,1
2026-06-22,farm,Crafted Everyday,1
2026-06-22,farm,Tahir poultry farm ,1
2026-06-22,farming,The Modern Shepherd 🐏🐐,2
2026-06-22,farming,Aaj Ki Baat,1
2026-06-22,farming,FarmQuick,1
2026-06-22,farming,Effective-Tour-656,1
2026-06-22,fda,m.au.investing.com,2
2026-06-22,fda,Kristen Lindgren,1
2026-06-22,fda,KVUE,1
2026-06-22,fda,Owen Report,1
2026-06-22,fda,McCullough Foundation,1
2026-06-22,fda,The Daily Signal,1
2026-06-22,fda,Living Well With Dr. Michelle Jorgensen,1
2026-06-22,fda,PLUTO_HAS_COME_BACK,1
2026-06-22,fda,au.investing.com,1
2026-06-22,federal,The Dr Kumar Discovery,1
2026-06-22,federal,Daily Dart,1
2026-06-22,federal,ABC News (Australia),1
2026-06-22,federal,loopfission,1
2026-06-22,federal court,The Dr Kumar Discovery,1
2026-06-22,federal court,Daily Dart,1
2026-06-22,federal court,loopfission,1
2026-06-22,fertilizer,Hidden Health Info,2
2026-06-22,fertilizer,Teeth Talk Girl,1
2026-06-22,fertilizer,Agelesssociety,1
2026-06-22,fertilizer,Plant Parenting 360,1
2026-06-22,fight,miragenews.com,2
2026-06-22,fight,WION,1
2026-06-22,fight,Between The Lines - Podcast & Media,1
2026-06-22,filter removes,WiseMoney,1
2026-06-22,filter removes,Rate This Product,1
2026-06-22,filter removes,Water Filter Guru,1
2026-06-22,filters,Kidz Heaven,1
2026-06-22,filters,Relative Tools,1
2026-06-22,filters,Organised Free Spirit,1
2026-06-22,filters,CNN,1
2026-06-22,filters,Rank On Top,1
2026-06-22,filters,Water Filter Guru,1
2026-06-22,find,findanexpert.unimelb.edu.au,2
2026-06-22,find,7NEWS Australia,1
2026-06-22,find,nationaltribune.com.au,1
2026-06-22,finds,ibtimes.com.au,2
2026-06-22,finds,KMOV St. Louis,1
2026-06-22,finds,Channel 4 News,1
2026-06-22,finds,OTV,1
2026-06-22,finds,thewest.com.au,1
2026-06-22,finds,msn.com,1
2026-06-22,first,miragenews.com,2
2026-06-22,first,newcastle.edu.au,2
2026-06-22,first,MrZidi,1
2026-06-22,first,Brain Desk,1
2026-06-22,first,WION,1
2026-06-22,first,Harmony Pediatrics,1
2026-06-22,first,Let's Crack UPSC CSE Hindi,1
2026-06-22,first,withswa,1
2026-06-22,first,citynews.com.au,1
2026-06-22,first,firstnationsnews.com.au,1
2026-06-22,first,nationaltribune.com.au,1
2026-06-22,first,puffnstuff.com.au,1
2026-06-22,first line,newcastle.edu.au,2
2026-06-22,first line,nationaltribune.com.au,1
2026-06-22,first line,miragenews.com,1
2026-06-22,flu,miragenews.com,8
2026-06-22,flu,The Midnight Pharmacy,4
2026-06-22,flu,TerryWhite Chemmart Paragon ,3
2026-06-22,flu,timesnewsgroup.com.au,3
2026-06-22,flu,KADAK,2
2026-06-22,flu,"Australian Dept of Health, Disability and Ageing",2
2026-06-22,flu,bloomsthechemist.com.au,2
2026-06-22,flu,couriermail.com.au,2
2026-06-22,flu,ibtimes.com.au,2
2026-06-22,flu,westernplainsapp.com.au,2
2026-06-22,flu,wangarattachronicle.com.au,2
2026-06-22,flu,parkwoodgreenmedical.com.au,2
2026-06-22,flu,perthnow.com.au,2
2026-06-22,flu,thewest.com.au,2
2026-06-22,flu,msn.com,2
2026-06-22,flu,wamnnews.com.au,2
2026-06-22,flu,IndiaFluProtection,1
2026-06-22,flu,KMOV St. Louis,1
2026-06-22,flu,"WBAY TV-2 | Green Bay, WI",1
2026-06-22,flu,NARC memories,1
2026-06-22,flu,TerryWhite Chemmart Cumberland Park Pharmacy,1
2026-06-22,flu,MS NOW,1
2026-06-22,flu,The Mark Thompson Show,1
2026-06-22,flu,A Peaceful Perch,1
2026-06-22,flu,MediStar Hospitals ,1
2026-06-22,flu,10 News,1
2026-06-22,flu,7NEWS Australia,1
2026-06-22,flu,The Bony Nurse,1
2026-06-22,flu,Pinay Prenny in South Australia,1
2026-06-22,flu,newshub.medianet.com.au,1
2026-06-22,flu,racgp.org.au,1
2026-06-22,flu,riverineherald.com.au,1
2026-06-22,flu,sheppnews.com.au,1
2026-06-22,flu,healthtranslations.vic.gov.au,1
2026-06-22,flu,s3-ap-southeast-2.amazonaws.com,1
2026-06-22,flu,hotdoc.com.au,1
2026-06-22,flu,swsphn.com.au,1
2026-06-22,flu,m.au.investing.com,1
2026-06-22,flu,coonambletimes.com.au,1
2026-06-22,flu,goldcoastbulletin.com.au,1
2026-06-22,flu,australiantenders.com.au,1
2026-06-22,flu,cairnspost.com.au,1
2026-06-22,flu,narranderaargus.com.au,1
2026-06-22,flu,au.investing.com,1
2026-06-22,flu,wha.net.au,1
2026-06-22,flu,bendigohealth.org.au,1
2026-06-22,flu,govmarket.com.au,1
2026-06-22,flu,abc.net.au,1
2026-06-22,flu,classicwayfamilypractice.com.au,1
2026-06-22,flu,smh.com.au,1
2026-06-22,flu outbreak,msn.com,2
2026-06-22,flu outbreak,MS NOW,1
2026-06-22,flu outbreak,The Mark Thompson Show,1
2026-06-22,flu season,wangarattachronicle.com.au,2
2026-06-22,flu season,parkwoodgreenmedical.com.au,2
2026-06-22,flu season,miragenews.com,2
2026-06-22,flu season,thewest.com.au,2
2026-06-22,flu season,The Bony Nurse,1
2026-06-22,flu season,riverineherald.com.au,1
2026-06-22,flu season,sheppnews.com.au,1
2026-06-22,flu season,narranderaargus.com.au,1
2026-06-22,flu season,wha.net.au,1
2026-06-22,flu shot,miragenews.com,2
2026-06-22,flu shot,smh.com.au,1
2026-06-22,flu vaccination,The Midnight Pharmacy,2
2026-06-22,flu vaccination,TerryWhite Chemmart Paragon ,2
2026-06-22,flu vaccination,parkwoodgreenmedical.com.au,2
2026-06-22,flu vaccination,miragenews.com,2
2026-06-22,flu vaccination,TerryWhite Chemmart Cumberland Park Pharmacy,1
2026-06-22,flu vaccination,newshub.medianet.com.au,1
2026-06-22,flu vaccination,racgp.org.au,1
2026-06-22,flu vaccination,healthtranslations.vic.gov.au,1
2026-06-22,flu vaccination,s3-ap-southeast-2.amazonaws.com,1
2026-06-22,flu vaccination,swsphn.com.au,1
2026-06-22,flu vaccination,coonambletimes.com.au,1
2026-06-22,flu vaccination,australiantenders.com.au,1
2026-06-22,flu vaccination,govmarket.com.au,1
2026-06-22,flu vaccine,bloomsthechemist.com.au,2
2026-06-22,flu vaccine,westernplainsapp.com.au,2
2026-06-22,flu vaccine,IndiaFluProtection,1
2026-06-22,flu vaccine,KMOV St. Louis,1
2026-06-22,flu vaccine,"WBAY TV-2 | Green Bay, WI",1
2026-06-22,flu vaccine,NARC memories,1
2026-06-22,flu vaccine,MediStar Hospitals ,1
2026-06-22,flu vaccine,10 News,1
2026-06-22,flu vaccine,7NEWS Australia,1
2026-06-22,flu vaccine,Pinay Prenny in South Australia,1
2026-06-22,flu vaccine,couriermail.com.au,1
2026-06-22,flu vaccine,m.au.investing.com,1
2026-06-22,flu vaccine,goldcoastbulletin.com.au,1
2026-06-22,flu vaccine,au.investing.com,1
2026-06-22,flu vaccines,The Midnight Pharmacy,2
2026-06-22,flu vaccines,perthnow.com.au,2
2026-06-22,flu vaccines,TerryWhite Chemmart Paragon ,1
2026-06-22,flu vaccines,classicwayfamilypractice.com.au,1
2026-06-22,flumist,crohnsandcolitis.org.au,2
2026-06-22,flumist,thewest.com.au,2
2026-06-22,flumist,mvec.mcri.edu.au,1
2026-06-22,fluoride cover,SupremacyGentleman666,1
2026-06-22,fluoride cover,Arkansas Underground,1
2026-06-22,fluoride cover,Datura,1
2026-06-22,fluoride debate,Text form Evidence,1
2026-06-22,fluoride debate,PlanetNotPlastic,1
2026-06-22,fluoride debate,GoodAsDone,1
2026-06-22,fluoride drinking,InterestingClips,1
2026-06-22,fluoride drinking,WJTV 12 News,1
2026-06-22,fluoride drinking,max vs machines,1
2026-06-22,fluoride health,Toxic Fluoride,2
2026-06-22,fluoride health,Dr. Gina Nick,1
2026-06-22,fluoride health,Dr. Debbie Ozment,1
2026-06-22,fluoride industrial,Furnace Of Adversity Ba,1
2026-06-22,fluoride industrial,Waboche,1
2026-06-22,fluoride industrial,Christian Cat,1
2026-06-22,fluoride punk,DigitalLove13,2
2026-06-22,fluoride punk,prod. rxhff,1
2026-06-22,fluoride reduction,Kidz Heaven,2
2026-06-22,fluoride reduction,Water Filter Guru,1
2026-06-22,fluoride tap,KWQC News,1
2026-06-22,fluoride tap,Aleks Fidurski,1
2026-06-22,fluoride tap,Ali Malik,1
2026-06-22,fluoride toothpaste,Boost Health Body,1
2026-06-22,fluoride toothpaste,Dr. AntIHero MD,1
2026-06-22,fluoride toothpaste,Health 360 simplified,1
2026-06-22,fluoride toothpaste,Pristine Smiles Dental,1
2026-06-22,fluoride toothpaste,michifinds,1
2026-06-22,fluoride toothpaste,Adam Rounisto Reviews,1
2026-06-22,fluoride toothpaste,Nick Conte,1
2026-06-22,fluoride toothpaste,The Mama Dentist,1
2026-06-22,fluoride toothpaste,Dr Roshan Rayen,1
2026-06-22,fluoride toothpaste,everyday.com.au,1
2026-06-22,fluoride toxicity,Fluoride Free Australia,2
2026-06-22,fluoride toxicity,Toxic Fluoride,1
2026-06-22,fluoride-free,Sarah Torrence ,2
2026-06-22,fluoride-free,Peachyfind,1
2026-06-22,fluoride-free,Sunflour Academy of Gluten Free Fusion,1
2026-06-22,fluoride-free,Brandon Trame,1
2026-06-22,fluoride-free,Taylor the Saver,1
2026-06-22,fluoride-free,Jessica Reviews,1
2026-06-22,fluoride-free,Epic Reviewz,1
2026-06-22,fluoride-free,Les Farley's Odds And Ends,1
2026-06-22,fluoride-free,Knot at the spot,1
2026-06-22,fluoride-free,Oral Science,1
2026-06-22,fluoride-free,NOBS,1
2026-06-22,fluoride-free,ifern Virginia USA,1
2026-06-22,fluoride-free,Greater Long Island Dental,1
2026-06-22,fluoride-free,Dark Finance ,1
2026-06-22,fluoride-free,Forever With Trisha,1
2026-06-22,fluoride-free,Alex goes Coconuts,1
2026-06-22,fluoride-free,biovea.com,1
2026-06-22,fluoride-free toothpaste,Taylor the Saver,1
2026-06-22,fluoride-free toothpaste,Jessica Reviews,1
2026-06-22,fluoride-free toothpaste,Les Farley's Odds And Ends,1
2026-06-22,fluoride-free toothpaste,Oral Science,1
2026-06-22,fluoride-free toothpaste,NOBS,1
2026-06-22,fluoride-free toothpaste,Greater Long Island Dental,1
2026-06-22,fluoride-free toothpaste,Sarah Torrence ,1
2026-06-22,food,DEVON PAW SHELTER ,2
2026-06-22,food,Zackattack Studios,1
2026-06-22,food,Akash & priti,1
2026-06-22,forever,Let’s be real 101,1
2026-06-22,forever,Forever With Trisha,1
2026-06-22,forever,Water Filter Guru,1
2026-06-22,free fried,floatyboat,1
2026-06-22,free fried,dead yami,1
2026-06-22,free fried,Alteg ,1
2026-06-22,free toothpaste,Sarah Torrence ,2
2026-06-22,free toothpaste,The Trend Marketplace,1
2026-06-22,free toothpaste,Straight Up Reviews,1
2026-06-22,free toothpaste,Ramese Sanders,1
2026-06-22,free toothpaste,Genuine Tech,1
2026-06-22,free toothpaste,pat.the.dentist,1
2026-06-22,free toothpaste,iOLANDE MELODY,1
2026-06-22,friday,ngaardamedia.com.au,2
2026-06-22,friday,Wheatbelt-woman,1
2026-06-22,fried,𝐆𝐑,5
2026-06-22,fried,Fried By Rami :0,2
2026-06-22,fried,DigitalLove13,2
2026-06-22,fried,SupremacyGentleman666,1
2026-06-22,fried,g0nnr,1
2026-06-22,fried,prod. rxhff,1
2026-06-22,fried,aceexistence ,1
2026-06-22,fried,HAKEL,1
2026-06-22,fried,wingsxrra,1
2026-06-22,fried,Abyss,1
2026-06-22,fried,floatyboat,1
2026-06-22,fried,unoquattrotredue,1
2026-06-22,fried,kzs,1
2026-06-22,fried,Th3_D1v1d3d,1
2026-06-22,fried,Datura,1
2026-06-22,fried,TCLawyer,1
2026-06-22,fried,othrsde,1
2026-06-22,fried,dead yami,1
2026-06-22,fried,MINCE'N'WEED,1
2026-06-22,fried,Alteg ,1
2026-06-22,fried fluoride,𝐆𝐑,5
2026-06-22,fried fluoride,Fried By Rami :0,2
2026-06-22,fried fluoride,DigitalLove13,2
2026-06-22,fried fluoride,SupremacyGentleman666,1
2026-06-22,fried fluoride,g0nnr,1
2026-06-22,fried fluoride,prod. rxhff,1
2026-06-22,fried fluoride,aceexistence ,1
2026-06-22,fried fluoride,HAKEL,1
2026-06-22,fried fluoride,wingsxrra,1
2026-06-22,fried fluoride,Abyss,1
2026-06-22,fried fluoride,floatyboat,1
2026-06-22,fried fluoride,unoquattrotredue,1
2026-06-22,fried fluoride,kzs,1
2026-06-22,fried fluoride,Th3_D1v1d3d,1
2026-06-22,fried fluoride,Datura,1
2026-06-22,fried fluoride,TCLawyer,1
2026-06-22,fried fluoride,othrsde,1
2026-06-22,fried fluoride,dead yami,1
2026-06-22,fried fluoride,MINCE'N'WEED,1
2026-06-22,fried fluoride,Alteg ,1
2026-06-22,friendly,Hey Shayla,1
2026-06-22,friendly,PetParadise,1
2026-06-22,friendly,Alex goes Coconuts,1
2026-06-22,funded,AcornAl,1
2026-06-22,funded,askmygp.com.au,1
2026-06-22,funded,hotdoc.com.au,1
2026-06-22,funding,wa.gov.au,2
2026-06-22,funding,Congress Clips,1
2026-06-22,funding,firstnationsnews.com.au,1
2026-06-22,funding boost,wa.gov.au,2
2026-06-22,funding boost,firstnationsnews.com.au,1
2026-06-22,future,wamnnews.com.au,2
2026-06-22,future,The State of Freedom,1
2026-06-22,future,Signal From Tomorrow,1
2026-06-22,future,KADAK,1
2026-06-22,future,The Knowledge Hub 2026,1
2026-06-22,fyp,Sarah Torrence ,4
2026-06-22,fyp,Rimjhim Parlour,1
2026-06-22,fyp,EVERYDAY CLIP,1
2026-06-22,fyp,Jeffrey,1
2026-06-22,fyp,OCEAN_D KOMIC Tv,1
2026-06-22,gearing,timesnewsgroup.com.au,2
2026-06-22,gearing,nationaltribune.com.au,1
2026-06-22,get,"Australian Dept of Health, Disability and Ageing",2
2026-06-22,get,westernplainsapp.com.au,2
2026-06-22,get,parkwoodgreenmedical.com.au,2
2026-06-22,get,dpird.nsw.gov.au,2
2026-06-22,get,Strange Science HQ ,1
2026-06-22,get,Mr_AAHIL,1
2026-06-22,get,WILD FACT DAILY,1
2026-06-22,get,Dr. Tommy Martin,1
2026-06-22,get,The Midnight Pharmacy,1
2026-06-22,get,Acam’s Diary,1
2026-06-22,get,The AI Residency,1
2026-06-22,get,The Bony Nurse,1
2026-06-22,get,bananapant1,1
2026-06-22,get,miragenews.com,1
2026-06-22,get,adelaidenow.com.au,1
2026-06-22,get,themercury.com.au,1
2026-06-22,get,msn.com,1
2026-06-22,get,narranderaargus.com.au,1
2026-06-22,get,connectweb.com.au,1
2026-06-22,get,newshub.medianet.com.au,1
2026-06-22,get vaccinated,"Australian Dept of Health, Disability and Ageing",2
2026-06-22,get vaccinated,The Midnight Pharmacy,1
2026-06-22,get vaccinated,The Bony Nurse,1
2026-06-22,get vaccinated,adelaidenow.com.au,1
2026-06-22,get vaccinated,themercury.com.au,1
2026-06-22,get vaccinated,narranderaargus.com.au,1
2026-06-22,get vaccine,dpird.nsw.gov.au,2
2026-06-22,get vaccine,bananapant1,1
2026-06-22,gets,Text form Evidence,1
2026-06-22,gets,Crafted Everyday,1
2026-06-22,gets,askmygp.com.au,1
2026-06-22,getting,mvec.mcri.edu.au,2
2026-06-22,getting,Sounds Like A Cult & Magical Overthinkers,1
2026-06-22,getting,Support Services Connect Australia ,1
2026-06-22,getting,Robertos1987,1
2026-06-22,getting,smh.com.au,1
2026-06-22,gigi,DR1 SHARE,1
2026-06-22,gigi,Dentisme,1
2026-06-22,gigi,Istiqomah,1
2026-06-22,girl,JEN ZII,1
2026-06-22,girl,Nursinglife22,1
2026-06-22,girl,msn.com,1
2026-06-22,give,International Relations,1
2026-06-22,give,Sky News,1
2026-06-22,give,loopfission,1
2026-06-22,give,Downtown4life,1
2026-06-22,gland,VOID ABYSS,1
2026-06-22,gland,ADELINE ATLAS,1
2026-06-22,gland,Toxic Fluoride,1
2026-06-22,global,nine.com.au,2
2026-06-22,global,newshub.medianet.com.au,2
2026-06-22,global,Startup Age,1
2026-06-22,global,10 News,1
2026-06-22,global,nationaltribune.com.au,1
2026-06-22,goat,Vet Info,14
2026-06-22,goat,The Modern Shepherd 🐏🐐,2
2026-06-22,goat,Dr.VetR.N.B,1
2026-06-22,goat,Hannan's Cattle,1
2026-06-22,goat,FarmQuick,1
2026-06-22,goat vaccine,Vet Info,5
2026-06-22,goat vaccine,FarmQuick,1
2026-06-22,goatfarming,Vet Info,3
2026-06-22,goatfarming,manjuagrofarms🌾,1
2026-06-22,good,Erraticlee Me,1
2026-06-22,good,Dr. Andrew Choi ,1
2026-06-22,good,AcornAl,1
2026-06-22,got,Blaire White,1
2026-06-22,got,OCEAN_D KOMIC Tv,1
2026-06-22,got,Redacted,1
2026-06-22,got,I isekai'd BL,1
2026-06-22,got,Pinay Prenny in South Australia,1
2026-06-22,gov,Newsmax Australia,1
2026-06-22,gov,healthtranslations.vic.gov.au,1
2026-06-22,gov,nt.gov.au,1
2026-06-22,gov,village-voice.com.au,1
2026-06-22,government,Adelaide UHF,1
2026-06-22,government,loopfission,1
2026-06-22,government,newshub.medianet.com.au,1
2026-06-22,government,racgp.org.au,1
2026-06-22,government,search.jobs.wa.gov.au,1
2026-06-22,government,hotdoc.com.au,1
2026-06-22,grows,miragenews.com,2
2026-06-22,grows,WION,1
2026-06-22,grows,7NEWS Australia,1
2026-06-22,growth,kalkinemedia.com,1
2026-06-22,growth,discoveryalert.com.au,1
2026-06-22,growth,indexbox.io,1
2026-06-22,guide,Dr.Rajendra Bhuriya,1
2026-06-22,guide,Medvital,1
2026-06-22,guide,Harmony Pediatrics,1
2026-06-22,guide,Thrive Australia,1
2026-06-22,guide,wataganparkpharmacy.com,1
2026-06-22,guide,water2water.com.au,1
2026-06-22,gympie,ABC News (Australia),2
2026-06-22,gympie,Ana Gabriel Ritmos y Sentimientos,1
2026-06-22,gympie,boytoymichelle,1
2026-06-22,gympie council,ABC News (Australia),2
2026-06-22,gympie council,Ana Gabriel Ritmos y Sentimientos,1
2026-06-22,gympie council,boytoymichelle,1
2026-06-22,hasn't,thetimes.com.au,2
2026-06-22,hasn't,Russell Brand,1
2026-06-22,health,Nursinglife22,3
2026-06-22,health,Toxic Fluoride,3
2026-06-22,health,bendigohealth.org.au,3
2026-06-22,health,loopfission,2
2026-06-22,health,msn.com,2
2026-06-22,health,wyndham.starweekly.com.au,2
2026-06-22,health,timesnewsgroup.com.au,2
2026-06-22,health,thetimes.com.au,2
2026-06-22,health,stanmorepharmacy.com.au,2
2026-06-22,health,Dr. Gina Nick,1
2026-06-22,health,Text form Evidence,1
2026-06-22,health,Podcast Goldmine,1
2026-06-22,health,The Ultimate Asset Podcast,1
2026-06-22,health,Dr. Debbie Ozment,1
2026-06-22,health,Truth AWaken,1
2026-06-22,health,The Incomplete Past,1
2026-06-22,health,British Thought Leaders,1
2026-06-22,health,Save Yourself with Dr. Amy Shah ,1
2026-06-22,health,Loma Linda University Health,1
2026-06-22,health,Grant Stinchfield,1
2026-06-22,health,Dr. Likhita Dasari,1
2026-06-22,health,Oral Health Foundation,1
2026-06-22,health,IndiaFluProtection,1
2026-06-22,health,EVERYDAY CLIP,1
2026-06-22,health,SumanTV Lifestyle,1
2026-06-22,health,The Midnight Pharmacy,1
2026-06-22,health,TerryWhite Chemmart Paragon ,1
2026-06-22,health,Marshall In The Middle,1
2026-06-22,health,PlanetNotPlastic,1
2026-06-22,health,Cleveland Dental Care,1
2026-06-22,health,Ana Gabriel Ritmos y Sentimientos,1
2026-06-22,health,boytoymichelle,1
2026-06-22,health,WAMN News,1
2026-06-22,health,Choiyie,1
2026-06-22,health,The Bony Nurse,1
2026-06-22,health,"Australian Dept of Health, Disability and Ageing",1
2026-06-22,health,factsnack,1
2026-06-22,health,starweekly.com.au,1
2026-06-22,health,mphn.org.au,1
2026-06-22,health,unsw.edu.au,1
2026-06-22,health,healthhub.hif.com.au,1
2026-06-22,health,cesphn.org.au,1
2026-06-22,health,health.wa.gov.au,1
2026-06-22,health,citynewsqbn.com.au,1
2026-06-22,health,travelvax.com.au,1
2026-06-22,health,govmarket.com.au,1
2026-06-22,health,health.gov.au,1
2026-06-22,health,cairnspost.com.au,1
2026-06-22,health,sydneynorthhealthnetwork.org.au,1
2026-06-22,health,wha.net.au,1
2026-06-22,health,islandsbusiness.com,1
2026-06-22,health,goldcoast.health.qld.gov.au,1
2026-06-22,health,springboard.health.qld.gov.au,1
2026-06-22,health,nswhealth.seertechsolutions.com.au,1
2026-06-22,health routine,wyndham.starweekly.com.au,2
2026-06-22,health routine,starweekly.com.au,1
2026-06-22,healthcare,interconnecthealthcare.com.au,2
2026-06-22,healthcare,kalkinemedia.com,2
2026-06-22,healthcare,Young Ancestor,1
2026-06-22,healthcare,The Midnight Pharmacy,1
2026-06-22,healthcare,MedMitra ,1
2026-06-22,healthcare,hospitalhealth.com.au,1
2026-06-22,healthed,healthed-test.kiratech.com.au,5
2026-06-22,healthed,healthed.com.au,1
2026-06-22,healthy,Flora Daten,1
2026-06-22,healthy, used to be a bartender at the borgata ,1
2026-06-22,healthy, DentBloom ,1
2026-06-22,healthy,HABA By Conroy,1
2026-06-22,healthy,Digitall Kavita,1
2026-06-22,healthy,Towne Centre Family Dental and the Implant & SmileMakeover Studio,1
2026-06-22,healthy,Forever With Trisha,1
2026-06-22,healthy,nationaltribune.com.au,1
2026-06-22,heart,Dr Alo,1
2026-06-22,heart,Ask Dr. Mia- Navigating Dementia Caregiving,1
2026-06-22,heart,LechuckThreepwood,1
2026-06-22,heart,loopfission,1
2026-06-22,heart,msn.com,1
2026-06-22,hegseth,Aaron Parnas,1
2026-06-22,hegseth,MS NOW,1
2026-06-22,hegseth,The Mark Thompson Show,1
2026-06-22,help,wa.gov.au,2
2026-06-22,help,dead yami,1
2026-06-22,help,bananapant1,1
2026-06-22,help,nationaltribune.com.au,1
2026-06-22,help,smh.com.au,1
2026-06-22,helps,adelaidenow.com.au,2
2026-06-22,helps,Bisson Dentistry,1
2026-06-22,helps,Rest is History ,1
2026-06-22,hepatitis,msn.com,2
2026-06-22,hepatitis,miragenews.com,2
2026-06-22,hepatitis,MrZidi,1
2026-06-22,hepatitis,dch_official_,1
2026-06-22,hepatitis,DrMoni Nicu Babies,1
2026-06-22,hepatitis,Suma,1
2026-06-22,hepatitis,New Born,1
2026-06-22,hepatitis,loopfission,1
2026-06-22,hepatitis,doherty.edu.au,1
2026-06-22,hepatitis,pbs.gov.au,1
2026-06-22,hepatitis vaccine,miragenews.com,2
2026-06-22,hepatitis vaccine,MrZidi,1
2026-06-22,hepatitis vaccine,dch_official_,1
2026-06-22,hepatitis vaccine,Suma,1
2026-06-22,herald,smh.com.au,2
2026-06-22,herald,Miningcomau,1
2026-06-22,herald,riverineherald.com.au,1
2026-06-22,here's,Rate This Product,1
2026-06-22,here's,The HighWire with Del Bigtree,1
2026-06-22,here's,citynews.com.au,1
2026-06-22,here's,bodyandsoul.com.au,1
2026-06-22,here's,nationaltribune.com.au,1
2026-06-22,here's,miragenews.com,1
2026-06-22,hesitancy,miragenews.com,2
2026-06-22,hesitancy,JOWMA,1
2026-06-22,hidden,The Ultimate Asset Podcast,1
2026-06-22,hidden,DR BERG DC HEALTH ,1
2026-06-22,hidden,The State of Freedom,1
2026-06-22,hidden,Scientific death,1
2026-06-22,hidden,Arkansas Underground,1
2026-06-22,hidden,Dr. Isaac Jones,1
2026-06-22,hidden,Emma Voysey Health,1
2026-06-22,hidden,Itlu Mee Jaffar,1
2026-06-22,hidden,scots.nsw.edu.au,1
2026-06-22,hidden,nationaltribune.com.au,1
2026-06-22,hidden,pharmadispatch.com,1
2026-06-22,hidden truth,DR BERG DC HEALTH ,1
2026-06-22,hidden truth,Emma Voysey Health,1
2026-06-22,hidden truth,Itlu Mee Jaffar,1
2026-06-22,high,msn.com,2
2026-06-22,high,Grant Stinchfield,1
2026-06-22,high,are you sick of the srp and aps for overprice,1
2026-06-22,high,BLaQz84,1
2026-06-22,history,miragenews.com,2
2026-06-22,history,Pingo Creative Technology,1
2026-06-22,history,Delta Dental,1
2026-06-22,history,Arkansas Underground,1
2026-06-22,history,Oral Health Foundation,1
2026-06-22,hits,The Mark Thompson Show,1
2026-06-22,hits,couriermail.com.au,1
2026-06-22,hits,goldcoastbulletin.com.au,1
2026-06-22,hospital,RAFIK,1
2026-06-22,hospital,JEN ZII,1
2026-06-22,hospital,Karuppan & CO,1
2026-06-22,hospital,NARC memories,1
2026-06-22,hospital,withswa,1
2026-06-22,hospital,Manipal Hospitals,1
2026-06-22,hospital,AG Vlog's,1
2026-06-22,hospital,Ankura Hospital for Women & Children,1
2026-06-22,hospital,7NEWS Australia,1
2026-06-22,hospital,hospitalhealth.com.au,1
2026-06-22,hospital,scah.com.au,1
2026-06-22,hospital,cesphn.org.au,1
2026-06-22,house,Water Filter Guru,2
2026-06-22,house, used to be a bartender at the borgata ,1
2026-06-22,house,Hayley Green,1
2026-06-22,house,AquaCo Water Filters Australia,1
2026-06-22,house,Haqiqat media,1
2026-06-22,house,cairnspost.com.au,1
2026-06-22,hpv,miragenews.com,3
2026-06-22,hpv,Marblebah S/G,2
2026-06-22,hpv,SumanTV Lifestyle,1
2026-06-22,hpv,WION,1
2026-06-22,hpv,BBC News,1
2026-06-22,hpv,Channel 4 News,1
2026-06-22,hpv,Wazzii KE,1
2026-06-22,hpv,CTV News,1
2026-06-22,hpv,Satendra Singh,1
2026-06-22,hpv,OTV,1
2026-06-22,hpv,Ankura Hospital for Women & Children,1
2026-06-22,hpv,The Logical Indian,1
2026-06-22,hpv,10 News,1
2026-06-22,hpv,lastwordonnothing.com,1
2026-06-22,hpv,bodyandsoul.com.au,1
2026-06-22,hpv,findanexpert.unimelb.edu.au,1
2026-06-22,hpv vaccine,miragenews.com,3
2026-06-22,hpv vaccine,Marblebah S/G,2
2026-06-22,hpv vaccine,SumanTV Lifestyle,1
2026-06-22,hpv vaccine,WION,1
2026-06-22,hpv vaccine,Channel 4 News,1
2026-06-22,hpv vaccine,Wazzii KE,1
2026-06-22,hpv vaccine,CTV News,1
2026-06-22,hpv vaccine,Satendra Singh,1
2026-06-22,hpv vaccine,OTV,1
2026-06-22,hpv vaccine,The Logical Indian,1
2026-06-22,hpv vaccine,10 News,1
2026-06-22,hpv vaccine,lastwordonnothing.com,1
2026-06-22,hub,theindiansun.com.au,2
2026-06-22,hub,newshub.medianet.com.au,2
2026-06-22,hub,APT,1
2026-06-22,hub,askmygp.com.au,1
2026-06-22,huge,thewest.com.au,2
2026-06-22,huge,loopfission,1
2026-06-22,huge,spectator.com.au,1
2026-06-22,human,Brain Desk,1
2026-06-22,human,WION,1
2026-06-22,human,pbs.gov.au,1
2026-06-22,human,abc.net.au,1
2026-06-22,hydroxyapatite,Peachyfind,1
2026-06-22,hydroxyapatite,The Menopausal Mom,1
2026-06-22,hydroxyapatite,The Trend Marketplace,1
2026-06-22,hydroxyapatite,Straight Up Reviews,1
2026-06-22,hydroxyapatite,Dentisme,1
2026-06-22,hydroxyapatite,Carly Brown Heals,1
2026-06-22,hydroxyapatite,Lung Transplant Nation,1
2026-06-22,i'm,Dr. Nichole Morris,1
2026-06-22,i'm,miragenews.com,1
2026-06-22,i'm,msn.com,1
2026-06-22,immunisation,mvec.mcri.edu.au,2
2026-06-22,immunisation,TerryWhite Chemmart Paragon ,1
2026-06-22,immunisation,TerryWhite Chemmart Cumberland Park Pharmacy,1
2026-06-22,immunisation,ncirs.org.au,1
2026-06-22,immunisation,medicalrepublic.com.au,1
2026-06-22,immunisation,findanexpert.unimelb.edu.au,1
2026-06-22,immunisation,newshub.medianet.com.au,1
2026-06-22,immunisation,cesphn.org.au,1
2026-06-22,immunisation,health.gov.au,1
2026-06-22,immunisations,thelocaldoctor.com.au,2
2026-06-22,immunisations,quinnsmindariesuperclinic.com.au,1
2026-06-22,immunity better,Dr. David MD,1
2026-06-22,immunity better,Healthy Living Clinic,1
2026-06-22,immunity better,9NEWS,1
2026-06-22,immunization,Arogya Kaumudy,2
2026-06-22,immunization,Rainbow Children’s Hospital & BirthRight,1
2026-06-22,immunization,OCEAN_D KOMIC Tv,1
2026-06-22,immunization,Nurse Spark,1
2026-06-22,immunization,MedMitra ,1
2026-06-22,immunization,Vet Dr. Sagir Uddin Ahmed,1
2026-06-22,importance,JHANSI LAKSHMI PETS,1
2026-06-22,importance,Dr. Likhita Dasari,1
2026-06-22,importance,News Central TV,1
2026-06-22,importance,classicwayfamilypractice.com.au,1
2026-06-22,important,Dr. Praveenya Mahanthi,1
2026-06-22,important,Patiala Hospital ,1
2026-06-22,important,The Dr. Phil Klein Dental Podcast,1
2026-06-22,important,racgp.org.au,1
2026-06-22,incelcore,SupremacyGentleman666,1
2026-06-22,incelcore,floatyboat,1
2026-06-22,incelcore,Alteg ,1
2026-06-22,including,BLaQz84,1
2026-06-22,including,springboard.health.qld.gov.au,1
2026-06-22,including,govmarket.com.au,1
2026-06-22,india,International Relations,1
2026-06-22,india,O2 IAS Academy,1
2026-06-22,india,WION,1
2026-06-22,industrial,Furnace Of Adversity Ba,1
2026-06-22,industrial,Waboche,1
2026-06-22,industrial,Christian Cat,1
2026-06-22,industrial,New Earth Consciousness,1
2026-06-22,industrial,Voting Matters,1
2026-06-22,industrial,Alternative Therepies,1
2026-06-22,industrial byproduct,Furnace Of Adversity Ba,1
2026-06-22,industrial byproduct,Waboche,1
2026-06-22,industrial byproduct,Christian Cat,1
2026-06-22,industrial byproduct,New Earth Consciousness,1
2026-06-22,industry,Stay Tuned with Preet Bharara,1
2026-06-22,industry,Graig Weich BeyondComics. TV,1
2026-06-22,industry,Effective-Tour-656,1
2026-06-22,infection,ibtimes.com.au,2
2026-06-22,infection,The PreHistoric Farmer,1
2026-06-22,infection,miragenews.com,1
2026-06-22,infections,JOWMA,1
2026-06-22,infections,adelaidenow.com.au,1
2026-06-22,infections,themercury.com.au,1
2026-06-22,infectious,newshub.medianet.com.au,1
2026-06-22,infectious,pharmadispatch.com,1
2026-06-22,infectious,studocu.com,1
2026-06-22,influenza,govmarket.com.au,4
2026-06-22,influenza,bloomsthechemist.com.au,2
2026-06-22,influenza,crohnsandcolitis.org.au,2
2026-06-22,influenza,mvec.mcri.edu.au,2
2026-06-22,influenza,thewest.com.au,2
2026-06-22,influenza,adelaidenow.com.au,2
2026-06-22,influenza,Dr Mukunda Timilsina,1
2026-06-22,influenza,healthtranslations.vic.gov.au,1
2026-06-22,influenza,swsphn.com.au,1
2026-06-22,influenza,australiantenders.com.au,1
2026-06-22,influenza flu,bloomsthechemist.com.au,2
2026-06-22,influenza flu,healthtranslations.vic.gov.au,1
2026-06-22,influenza vaccination,govmarket.com.au,3
2026-06-22,influenza vaccination,swsphn.com.au,1
2026-06-22,influenza vaccination,australiantenders.com.au,1
2026-06-22,influenza vaccine,crohnsandcolitis.org.au,2
2026-06-22,influenza vaccine,Dr Mukunda Timilsina,1
2026-06-22,influenza vaccine,govmarket.com.au,1
2026-06-22,information,Toxic Fluoride,1
2026-06-22,information,buckland-rv.com.au,1
2026-06-22,information,healthhub.hif.com.au,1
2026-06-22,information,rsvp.chemistwarehouse.com.au,1
2026-06-22,injection,Vet Info,9
2026-06-22,injection,Nurse didi,2
2026-06-22,injection,nursemadam,1
2026-06-22,injection,Rainbow Children’s Hospital & BirthRight,1
2026-06-22,injection,Crafted Everyday,1
2026-06-22,injection,Hatchery Solution,1
2026-06-22,injection,Kaylee and Daddy ,1
2026-06-22,injection,Nursinglife22,1
2026-06-22,injection vaccination,Nurse didi,2
2026-06-22,injection vaccination,Vet Info,2
2026-06-22,injection vaccination,nursemadam,1
2026-06-22,injured,A Current Affair,2
2026-06-22,injured,msn.com,1
2026-06-22,inside,indailysa.com.au,2
2026-06-22,inside,Inside Human 3D,1
2026-06-22,inside,Toxic Fluoride,1
2026-06-22,inside,insidestory.org.au,1
2026-06-22,international,mvec.mcri.edu.au,2
2026-06-22,international,au.finance.yahoo.com,1
2026-06-22,investing,au.investing.com,3
2026-06-22,investing,m.au.investing.com,3
2026-06-22,investing com,au.investing.com,3
2026-06-22,investing com,m.au.investing.com,3
2026-06-22,issues,msn.com,3
2026-06-22,issues,LechuckThreepwood,1
2026-06-22,it's,Sunflour Academy of Gluten Free Fusion,1
2026-06-22,it's, used to be a bartender at the borgata ,1
2026-06-22,it's,The Gut Code ,1
2026-06-22,it's,connectweb.com.au,1
2026-06-22,it's,newshub.medianet.com.au,1
2026-06-22,jabs,loopfission,1
2026-06-22,jabs,miragenews.com,1
2026-06-22,jabs,theaustralian.com.au,1
2026-06-22,july,pbs.gov.au,3
2026-06-22,july,emphn.org.au,2
2026-06-22,july,ngaardamedia.com.au,2
2026-06-22,july,loopfission,1
2026-06-22,july,mvec.mcri.edu.au,1
2026-06-22,july,nationaltribune.com.au,1
2026-06-22,june,cesphn.org.au,2
2026-06-22,june,NMG Global Connect,1
2026-06-22,june,INSIGHTS IAS,1
2026-06-22,june,portmacquarie.newsofthearea.com.au,1
2026-06-22,june,medicalrepublic.com.au,1
2026-06-22,june,nationaltribune.com.au,1
2026-06-22,june,travelvax.com.au,1
2026-06-22,june,hotdoc.com.au,1
2026-06-22,kids,Sarah Torrence ,4
2026-06-22,kids,mvec.mcri.edu.au,2
2026-06-22,kids,miragenews.com,2
2026-06-22,kids,The Pulse Report,1
2026-06-22,kids,Flora Daten,1
2026-06-22,kids,Living Well With Dr. Michelle Jorgensen,1
2026-06-22,kids, DentBloom ,1
2026-06-22,kids,NARC memories,1
2026-06-22,kids,The Mama Dentist,1
2026-06-22,kids,Elena Hulsey,1
2026-06-22,kids,Storique,1
2026-06-22,kids,The Dr. Phil Klein Dental Podcast,1
2026-06-22,kids,DNAIndiaNews,1
2026-06-22,kids,Ajith Narayanankutty,1
2026-06-22,kids,10 News,1
2026-06-22,kids,saraharchie93,1
2026-06-22,kids,scots.nsw.edu.au,1
2026-06-22,knew,Shihtzufamily ,1
2026-06-22,knew,Young Ancestor,1
2026-06-22,knew,PLUTO_HAS_COME_BACK,1
2026-06-22,know,Hydro Clarity Lab,1
2026-06-22,know,The Midnight Hour FM,1
2026-06-22,know,Agelesssociety,1
2026-06-22,know,ReyNest,1
2026-06-22,know,The Menopausal Mom,1
2026-06-22,know,ST.MOTHER TERESA DENTAL AND COSMETIC CLINIC,1
2026-06-22,know,Back to the Science,1
2026-06-22,know,news.com.au,1
2026-06-22,know,Fluoride Free Australia,1
2026-06-22,know,Health Facts,1
2026-06-22,know,Toxic Fluoride,1
2026-06-22,know,bodyandsoul.com.au,1
2026-06-22,lab,Laboratory Tutor ,1
2026-06-22,lab,Downtown4life,1
2026-06-22,lab,psychologytoday.com,1
2026-06-22,latest,The Hill,1
2026-06-22,latest,buckland-rv.com.au,1
2026-06-22,latest,newshub.medianet.com.au,1
2026-06-22,lead,UPivitzzz,1
2026-06-22,lead,The Robb Carter Show,1
2026-06-22,lead,Water Filter Guru,1
2026-06-22,leading,The Jimmy Dore Show,1
2026-06-22,leading,premier.vic.gov.au,1
2026-06-22,leading,nationaltribune.com.au,1
2026-06-22,learn,Empowering health ,1
2026-06-22,learn,Bearded Water Sommelier,1
2026-06-22,learn,O2 IAS Academy,1
2026-06-22,lie,FullSpoiler [EN],1
2026-06-22,lie,The American F.A.N Podcast,1
2026-06-22,lie,Lara Logan,1
2026-06-22,lie,VOID ABYSS,1
2026-06-22,lie,Dr. Vishal Patel: Pediatric Neurologist,1
2026-06-22,lied,The Pulse Report,1
2026-06-22,lied,Young Ancestor,1
2026-06-22,lied,My Top Show,1
2026-06-22,lied,Sky News Australia,1
2026-06-22,lied,Newsmax Australia,1
2026-06-22,lies,House Clips Clips,1
2026-06-22,lies,Jonathan Howard,1
2026-06-22,lies,BioTech Informant,1
2026-06-22,lies,golden clips ,1
2026-06-22,lies,Graig Weich BeyondComics. TV,1
2026-06-22,lies,Dr. Nichole Morris,1
2026-06-22,lies,Adam Allred Official,1
2026-06-22,lies,Uncommon Ground,1
2026-06-22,lies,Social Society w/ Brandon Clark,1
2026-06-22,lies,The Discourse w/Brandon Clark,1
2026-06-22,lies,Dr. John Campbell,1
2026-06-22,lies,Back to the Science,1
2026-06-22,like,Advaith Gurung,1
2026-06-22,like,Dr Shirish Deshpande,1
2026-06-22,like,are you sick of the srp and aps for overprice,1
2026-06-22,line,newcastle.edu.au,2
2026-06-22,line,nationaltribune.com.au,1
2026-06-22,line,miragenews.com,1
2026-06-22,line defence,newcastle.edu.au,2
2026-06-22,line defence,nationaltribune.com.au,1
2026-06-22,link,DEVON PAW SHELTER ,2
2026-06-22,link,9 News Australia,1
2026-06-22,linked,Blaire White,1
2026-06-22,linked,The Gut Code ,1
2026-06-22,linked,On the Mones,1
2026-06-22,linked,miragenews.com,1
2026-06-22,list,miragenews.com,1
2026-06-22,list,nationaltribune.com.au,1
2026-06-22,list,msn.com,1
2026-06-22,lives,Rainbow Children’s Hospital & BirthRight,1
2026-06-22,lives,Dr. Leslie Treece,1
2026-06-22,lives,Ajith Narayanankutty,1
2026-06-22,lives,10 News,1
2026-06-22,lives,loopfission,1
2026-06-22,lives,PLUTO_HAS_COME_BACK,1
2026-06-22,lives,nationaltribune.com.au,1
2026-06-22,livestock,airr.com.au,2
2026-06-22,livestock,FarmQuick,1
2026-06-22,livestock,dpird.nsw.gov.au,1
2026-06-22,livestock,miragenews.com,1
2026-06-22,livestock,nationaltribune.com.au,1
2026-06-22,local,thelocaldoctor.com.au,2
2026-06-22,local,msn.com,2
2026-06-22,local,dubbophotonews.com.au,1
2026-06-22,local,cesphn.org.au,1
2026-06-22,long,miragenews.com,3
2026-06-22,long,loopfission,2
2026-06-22,long,Fluoride Free Australia,1
2026-06-22,long,Vân làm mẹ,1
2026-06-22,long covid,loopfission,2
2026-06-22,long covid,miragenews.com,1
2026-06-22,loss,miragenews.com,3
2026-06-22,loss,The Gut Code ,1
2026-06-22,loss,theaustralian.com.au,1
2026-06-22,loss,couriermail.com.au,1
2026-06-22,love,Sunflour Academy of Gluten Free Fusion,1
2026-06-22,love,DrMoni Nicu Babies,1
2026-06-22,love,    MummaKi_Gudiya,1
2026-06-22,love,𝐆𝐑,1
2026-06-22,love,Th3_D1v1d3d,1
2026-06-22,love,Sarah Torrence ,1
2026-06-22,low,thewest.com.au,2
2026-06-22,low,Blaire White,1
2026-06-22,low,Effective-Tour-656,1
2026-06-22,lower,On the Mones,1
2026-06-22,lower,miragenews.com,1
2026-06-22,lower,coonambletimes.com.au,1
2026-06-22,lower,msn.com,1
2026-06-22,machine,work smart studio,1
2026-06-22,machine,Hatchery Solution,1
2026-06-22,machine,everyday.com.au,1
2026-06-22,made,The Process,1
2026-06-22,made,:BananenRepublik in Deutschland,1
2026-06-22,made,IndiaFluProtection,1
2026-06-22,made,Aaron Parnas,1
2026-06-22,maga,Uncommon Ground,1
2026-06-22,maga,Social Society w/ Brandon Clark,1
2026-06-22,maga,The Discourse w/Brandon Clark,1
2026-06-22,maga destroyed,Uncommon Ground,1
2026-06-22,maga destroyed,Social Society w/ Brandon Clark,1
2026-06-22,maga destroyed,The Discourse w/Brandon Clark,1
2026-06-22,major,MS NOW,1
2026-06-22,major,Miningcomau,1
2026-06-22,major,nationaltribune.com.au,1
2026-06-22,make,wyndham.starweekly.com.au,2
2026-06-22,make,Signal From Tomorrow,1
2026-06-22,make,Jers Ben,1
2026-06-22,make,starweekly.com.au,1
2026-06-22,make rsv,wyndham.starweekly.com.au,2
2026-06-22,make rsv,starweekly.com.au,1
2026-06-22,makes,Crossfire Stories,1
2026-06-22,makes,Brandon Trame,1
2026-06-22,makes,WAMN News,1
2026-06-22,makes,scots.nsw.edu.au,1
2026-06-22,making,TerryWhite Chemmart Paragon ,1
2026-06-22,making,TerryWhite Chemmart Cumberland Park Pharmacy,1
2026-06-22,making,Robertos1987,1
2026-06-22,mandate,FlashGrid News,1
2026-06-22,mandate,Rebel News,1
2026-06-22,mandate,Herzog Foundation,1
2026-06-22,mandate,The Mark Thompson Show,1
2026-06-22,mandate,loopfission,1
2026-06-22,mandatory,Patiala Hospital ,1
2026-06-22,mandatory,Rainbow Children’s Hospital & BirthRight,1
2026-06-22,mandatory,Robertos1987,1
2026-06-22,manufacturing,theindiansun.com.au,2
2026-06-22,manufacturing,manmonthly.com.au,2
2026-06-22,manufacturing,miragenews.com,1
2026-06-22,manufacturing,australianmanufacturing.com.au,1
2026-06-22,matter,Bisson Dentistry,1
2026-06-22,matter,nishantha jayaweera,1
2026-06-22,matter,Facts Matter with Roman Balmakov,1
2026-06-22,matters,Medanta,1
2026-06-22,matters,The Midnight Pharmacy,1
2026-06-22,matters,TerryWhite Chemmart Paragon ,1
2026-06-22,matters,portal.ada.org.au,1
2026-06-22,may,miragenews.com,4
2026-06-22,may,AutoModerator,2
2026-06-22,may,The Pet Food Files,1
2026-06-22,may,OTV,1
2026-06-22,may,WCVB Channel 5 Boston,1
2026-06-22,may,M K44,1
2026-06-22,may,timesnewsgroup.com.au,1
2026-06-22,may,msn.com,1
2026-06-22,may,pharmadispatch.com,1
2026-06-22,mccullough,"Peter A. McCullough, MD, MPH™",1
2026-06-22,mccullough,Grant Stinchfield,1
2026-06-22,mccullough,Clipoo-mania,1
2026-06-22,mccullough,Redacted,1
2026-06-22,measles,ABC News (Australia),2
2026-06-22,measles,Medanta,1
2026-06-22,measles,miragenews.com,1
2026-06-22,measles,gaza.com.au,1
2026-06-22,media,kalkinemedia.com,3
2026-06-22,media,ama.com.au,1
2026-06-22,medical,healthdirect.gov.au,3
2026-06-22,medical,govmarket.com.au,3
2026-06-22,medical,Graig Weich BeyondComics. TV,1
2026-06-22,medical,CTV News,1
2026-06-22,medical,Between The Lines - Podcast & Media,1
2026-06-22,medical,medicalrepublic.com.au,1
2026-06-22,medical,djsir.vic.gov.au,1
2026-06-22,medical,islandsbusiness.com,1
2026-06-22,medicine,Whole Family Medicine,1
2026-06-22,medicine,KMOV St. Louis,1
2026-06-22,medicine,Dr. Tommy Martin,1
2026-06-22,medicine,medicinetoday.com.au,1
2026-06-22,melbourne,mvec.mcri.edu.au,8
2026-06-22,melbourne,parkwoodgreenmedical.com.au,2
2026-06-22,melbourne,oncelived,1
2026-06-22,melbourne,loopfission,1
2026-06-22,melbourne,findanexpert.unimelb.edu.au,1
2026-06-22,melbourne,djsir.vic.gov.au,1
2026-06-22,melbourne,newshub.medianet.com.au,1
2026-06-22,men,miragenews.com,1
2026-06-22,men,nationaltribune.com.au,1
2026-06-22,men,msn.com,1
2026-06-22,meningitis,au.news.yahoo.com,2
2026-06-22,meningitis,ITV News,1
2026-06-22,meningitis,Channel 4 News,1
2026-06-22,meningitis vaccine,au.news.yahoo.com,2
2026-06-22,meningitis vaccine,Channel 4 News,1
2026-06-22,miller,perthisok.com,2
2026-06-22,miller,wamnnews.com.au,2
2026-06-22,million,au.news.yahoo.com,2
2026-06-22,million,Channel 4 News,1
2026-06-22,minivlog,Sangita Odia vlogger ,1
2026-06-22,minivlog,KL at TN,1
2026-06-22,minivlog,Anvi cutediaries,1
2026-06-22,minivlog,Akash & priti,1
2026-06-22,minivlog,Nanichinni daily vlogs,1
2026-06-22,minivlog,manopraba life journey with Sai ma,1
2026-06-22,minivlog,Mr & mrs sengar family vlog,1
2026-06-22,minivlog,Amar and Nisha Vlogs,1
2026-06-22,mmr,Uncommon Ground,1
2026-06-22,mmr,Social Society w/ Brandon Clark,1
2026-06-22,mmr,The Discourse w/Brandon Clark,1
2026-06-22,mmr vaccine,Uncommon Ground,1
2026-06-22,mmr vaccine,Social Society w/ Brandon Clark,1
2026-06-22,mmr vaccine,The Discourse w/Brandon Clark,1
2026-06-22,moderna,au.investing.com,2
2026-06-22,moderna,m.au.investing.com,1
2026-06-22,moment,uma daily life,1
2026-06-22,moment,MISTI  MONA  VLOG,1
2026-06-22,moment,Rohan Preeti Vlogs ,1
2026-06-22,momlife,Mom Life With Mateo,1
2026-06-22,momlife,Amar and Nisha Vlogs,1
2026-06-22,momlife,#Komalpalkarvlogs,1
2026-06-22,month,DEVON PAW SHELTER ,2
2026-06-22,month,ReyNest,1
2026-06-22,month,Sathyadev and Vaishali,1
2026-06-22,month,uma daily life,1
2026-06-22,month,MISTI  MONA  VLOG,1
2026-06-22,month,Dhruv Anjana Vlogs,1
2026-06-22,month,Daily Insight,1
2026-06-22,month,savethechildren.org.au,1
2026-06-22,month vaccination,ReyNest,1
2026-06-22,month vaccination,Dhruv Anjana Vlogs,1
2026-06-22,month vaccination,Daily Insight,1
2026-06-22,months,manopraba life journey with Sai ma,1
2026-06-22,months,Sistrology Memories,1
2026-06-22,months,Fit Arshia,1
2026-06-22,morning,smh.com.au,2
2026-06-22,morning,cesphn.org.au,1
2026-06-22,mpox,ojs.cdi.cdc.gov.au,2
2026-06-22,mpox,medicinetoday.com.au,1
2026-06-22,mpox,oceanmedical.com.au,1
2026-06-22,mpox,crownstmedicalcentre.com.au,1
2026-06-22,mrna,miragenews.com,3
2026-06-22,mrna,theindiansun.com.au,2
2026-06-22,mrna,manmonthly.com.au,2
2026-06-22,mrna,Stay Tuned with Preet Bharara,1
2026-06-22,mrna,Brain Desk,1
2026-06-22,mrna,KMOV St. Louis,1
2026-06-22,mrna,Amesh Adalja MD,1
2026-06-22,mrna,PLUTO_HAS_COME_BACK,1
2026-06-22,mrna,Chumpai1986,1
2026-06-22,mrna,dpird.nsw.gov.au,1
2026-06-22,mrna,studocu.com,1
2026-06-22,mrna flu,miragenews.com,2
2026-06-22,mrna flu,KMOV St. Louis,1
2026-06-22,mrna manufacturing,theindiansun.com.au,2
2026-06-22,mrna manufacturing,manmonthly.com.au,2
2026-06-22,mrna manufacturing,miragenews.com,1
2026-06-22,mrna vaccine,Stay Tuned with Preet Bharara,1
2026-06-22,mrna vaccine,Amesh Adalja MD,1
2026-06-22,mrna vaccine,studocu.com,1
2026-06-22,multiple,miragenews.com,2
2026-06-22,multiple,unsw.edu.au,1
2026-06-22,myth,VOID ABYSS,1
2026-06-22,myth,Dr Diaguard,1
2026-06-22,myth,London Real,1
2026-06-22,myths,BEST INFLUENCER,1
2026-06-22,myths,myPediaclinic,1
2026-06-22,myths,Sydney Children's Hospitals Network,1
2026-06-22,nano,Spotted Deals with Amy & Griffey,2
2026-06-22,nano,The Menopausal Mom,1
2026-06-22,nano,The Trend Marketplace,1
2026-06-22,nano,Straight Up Reviews,1
2026-06-22,nano,Lung Transplant Nation,1
2026-06-22,nano,Genuine Tech,1
2026-06-22,nano hydroxyapatite,The Menopausal Mom,1
2026-06-22,nano hydroxyapatite,The Trend Marketplace,1
2026-06-22,nano hydroxyapatite,Straight Up Reviews,1
2026-06-22,nano hydroxyapatite,Lung Transplant Nation,1
2026-06-22,nano-hydroxyapatite,Sunflour Academy of Gluten Free Fusion,1
2026-06-22,nano-hydroxyapatite,NOBS,1
2026-06-22,nano-hydroxyapatite,Teeth Talk Girl,1
2026-06-22,nasal,adelaidenow.com.au,2
2026-06-22,nasal,Arogya Kaumudy,1
2026-06-22,nasal,9 News Australia,1
2026-06-22,nasal,10 News,1
2026-06-22,nasal,7NEWS Australia,1
2026-06-22,nasal spray,adelaidenow.com.au,2
2026-06-22,nasal spray,Arogya Kaumudy,1
2026-06-22,nasal spray,9 News Australia,1
2026-06-22,nasal spray,10 News,1
2026-06-22,national,nationaltribune.com.au,19
2026-06-22,national,govmarket.com.au,2
2026-06-22,national,Nurse Spark,1
2026-06-22,national,9 News Australia,1
2026-06-22,national,doherty.edu.au,1
2026-06-22,national,health.gov.au,1
2026-06-22,natural toothpaste,Foot Patrol & Aviation Australia,1
2026-06-22,natural toothpaste,Alex goes Coconuts,1
2026-06-22,natural toothpaste,everyday.com.au,1
2026-06-22,ndis,The Midnight Pharmacy,2
2026-06-22,ndis,TerryWhite Chemmart Paragon ,1
2026-06-22,need,The Pet Food Files,1
2026-06-22,need,Redacted,1
2026-06-22,need,MediStar Hospitals ,1
2026-06-22,need,Cairns and Tropical Gardening by Rob Pyne,1
2026-06-22,need,msn.com,1
2026-06-22,network,loopfission,1
2026-06-22,network,mphn.org.au,1
2026-06-22,network,sydneynorthhealthnetwork.org.au,1
2026-06-22,neurotoxin,Puneet Nanda,1
2026-06-22,neurotoxin,Conversations with a Chiropractor Podcast,1
2026-06-22,neurotoxin,Fluoride Free Australia,1
2026-06-22,never,Two Fun Guys Multiverse,1
2026-06-22,never,Affordable Pet Labs,1
2026-06-22,never,Young Ancestor,1
2026-06-22,never,Dr Williams Clinic,1
2026-06-22,never,Blaire White,1
2026-06-22,never,Living Well With Dr. Michelle Jorgensen,1
2026-06-22,never,WILD FACT DAILY,1
2026-06-22,new,miragenews.com,2
2026-06-22,new,nationaltribune.com.au,2
2026-06-22,new,Dr. Misha Kogan,1
2026-06-22,new,WCIA News,1
2026-06-22,new,A Internet Show,1
2026-06-22,new,Redacted,1
2026-06-22,new,Nursinglife22,1
2026-06-22,new,Patiala Hospital ,1
2026-06-22,new,The Damage Report,1
2026-06-22,new,KMOV St. Louis,1
2026-06-22,new,"WBAY TV-2 | Green Bay, WI",1
2026-06-22,new,Internet MythBusters,1
2026-06-22,new,WWLTV,1
2026-06-22,new,Channel 4 News,1
2026-06-22,new,APT,1
2026-06-22,new,Daily Insight,1
2026-06-22,new,10 News,1
2026-06-22,new,AcornAl,1
2026-06-22,new,loopfission,1
2026-06-22,new,Zoukamai,1
2026-06-22,new,aol.com,1
2026-06-22,new,msn.com,1
2026-06-22,new,citynewsqbn.com.au,1
2026-06-22,new,australianmanufacturing.com.au,1
2026-06-22,new,doherty.edu.au,1
2026-06-22,new,savethechildren.org.au,1
2026-06-22,new,thenewdaily.com.au,1
2026-06-22,new vaccine,A Internet Show,1
2026-06-22,new vaccine,WWLTV,1
2026-06-22,new vaccine,APT,1
2026-06-22,newborn,Newborn Love ,2
2026-06-22,newborn,DrMoni Nicu Babies,1
2026-06-22,newborn,Hamdard hospital ,1
2026-06-22,newborn,Dr Monica Rajput,1
2026-06-22,newborn,New Born,1
2026-06-22,newborn,Newborn Diaries,1
2026-06-22,newborn,OCEAN_D KOMIC Tv,1
2026-06-22,newbornbaby,Newborn Love ,2
2026-06-22,newbornbaby,Ami Prameli,1
2026-06-22,newbornbaby,Aakriti Dahal,1
2026-06-22,newbornbaby vaccine,Newborn Love ,2
2026-06-22,newbornbaby vaccine,Aakriti Dahal,1
2026-06-22,news,miragenews.com,46
2026-06-22,news,ABC News (Australia),6
2026-06-22,news,10 News,3
2026-06-22,news,7NEWS Australia,3
2026-06-22,news,9 News Australia,2
2026-06-22,news,newshub.medianet.com.au,2
2026-06-22,news,aapnews.aap.com.au,2
2026-06-22,news,indailysa.com.au,2
2026-06-22,news,ngaardamedia.com.au,2
2026-06-22,news,abc.net.au,2
2026-06-22,news,DW News,1
2026-06-22,news,BOL News,1
2026-06-22,news,Daily Dart,1
2026-06-22,news,BBC News,1
2026-06-22,news,GLOBAL FUTURE UPDATE,1
2026-06-22,news,Horney Fure,1
2026-06-22,news,PLUTO_HAS_COME_BACK,1
2026-06-22,news,au.news.yahoo.com,1
2026-06-22,news,portmacquarie.newsofthearea.com.au,1
2026-06-22,news,sheppnews.com.au,1
2026-06-22,news,dubbophotonews.com.au,1
2026-06-22,news,buckland-rv.com.au,1
2026-06-22,news,firstnationsnews.com.au,1
2026-06-22,news,dremmabuckland.com.au,1
2026-06-22,news,connectweb.com.au,1
2026-06-22,news australia,9 News Australia,2
2026-06-22,news australia,au.news.yahoo.com,1
2026-06-22,nip,AcornAl,1
2026-06-22,nip,askmygp.com.au,1
2026-06-22,nip,health.gov.au,1
2026-06-22,north,stillwaitingforbacon,1
2026-06-22,north,brimbanknorthwest.starweekly.com.au,1
2026-06-22,north,sydneynorthhealthnetwork.org.au,1
2026-06-22,north,msn.com,1
2026-06-22,november,WillowOfTheWisp,3
2026-06-22,november,mvec.mcri.edu.au,2
2026-06-22,november,Fluoride Free Water,1
2026-06-22,november,pbs.gov.au,1
2026-06-22,nsw,dpird.nsw.gov.au,2
2026-06-22,nsw,timesnewsgroup.com.au,2
2026-06-22,nsw,westernplainsapp.com.au,2
2026-06-22,nsw,9 News Australia,1
2026-06-22,nsw,7NEWS Australia,1
2026-06-22,nsw,nswhealth.seertechsolutions.com.au,1
2026-06-22,nsw health,timesnewsgroup.com.au,2
2026-06-22,nsw health,nswhealth.seertechsolutions.com.au,1
2026-06-22,numbers,thewest.com.au,2
2026-06-22,numbers,stillwaitingforbacon,1
2026-06-22,numbers,coonambletimes.com.au,1
2026-06-22,nurse,hotdoc.com.au,2
2026-06-22,nurse,dch_official_,1
2026-06-22,nurse,Nurse Spark,1
2026-06-22,nursing,dch_official_,1
2026-06-22,nursing,Nurse Spark,1
2026-06-22,nursing,MedMitra ,1
2026-06-22,nursing,hospitalhealth.com.au,1
2026-06-22,offered,au.news.yahoo.com,2
2026-06-22,offered,Channel 4 News,1
2026-06-22,old,DOCTOR LIFE EXTENSION,1
2026-06-22,old,lastwordonnothing.com,1
2026-06-22,old,healthed-test.kiratech.com.au,1
2026-06-22,older,PLUTO_HAS_COME_BACK,1
2026-06-22,older,mphn.org.au,1
2026-06-22,older,miragenews.com,1
2026-06-22,older,sydneynorthhealthnetwork.org.au,1
2026-06-22,one,msn.com,3
2026-06-22,one,Paradigm Thrasher,1
2026-06-22,one,Save Yourself with Dr. Amy Shah ,1
2026-06-22,one,Channel 4 News,1
2026-06-22,one,Vejon Health,1
2026-06-22,one,KADAK,1
2026-06-22,one,Startup Age,1
2026-06-22,one,IndiaFluProtection,1
2026-06-22,one,WAFF 48 News & Weather,1
2026-06-22,one,Dr. Tommy Martin,1
2026-06-22,one,Dr. Vishal Patel: Pediatric Neurologist,1
2026-06-22,one,Daily Insight,1
2026-06-22,one,Haqiqat media,1
2026-06-22,one,The Advertiser,1
2026-06-22,one,loopfission,1
2026-06-22,one,au.news.yahoo.com,1
2026-06-22,one,nationaltribune.com.au,1
2026-06-22,one,savethechildren.org.au,1
2026-06-22,one,insidestory.org.au,1
2026-06-22,one,gaza.com.au,1
2026-06-22,online,airr.com.au,2
2026-06-22,online,cutpriceonline.com.au,1
2026-06-22,online,dentalatkeys.com.au,1
2026-06-22,oral,Newborn Love ,1
2026-06-22,oral,Oral Health Foundation,1
2026-06-22,oral,research-repository.uwa.edu.au,1
2026-06-22,osmosis,刘锦卢,1
2026-06-22,osmosis,Church 1010,1
2026-06-22,osmosis,Rank On Top,1
2026-06-22,outbreak,msn.com,4
2026-06-22,outbreak,Aaron Parnas,1
2026-06-22,outbreak,MS NOW,1
2026-06-22,outbreak,The Mark Thompson Show,1
2026-06-22,outbreak,Horney Fure,1
2026-06-22,outbreak,MelodyTV,1
2026-06-22,outbreak,ABC News (Australia),1
2026-06-22,outbreak,7NEWS Australia,1
2026-06-22,outbreak,murrayvalleystandard.com.au,1
2026-06-22,outbreak,nine.com.au,1
2026-06-22,outbreak,gaza.com.au,1
2026-06-22,outbreaks,ABC News (Australia),1
2026-06-22,outbreaks,au.news.yahoo.com,1
2026-06-22,outbreaks,unsw.edu.au,1
2026-06-22,overrated,𝐆𝐑,3
2026-06-22,overrated,MINCE'N'WEED,1
2026-06-22,pain,fatima_edix,1
2026-06-22,pain,Mumbai Eye Care Hospital,1
2026-06-22,pain,msn.com,1
2026-06-22,pandemic,nine.com.au,2
2026-06-22,pandemic,thetimes.com.au,2
2026-06-22,pandemic,wamnnews.com.au,2
2026-06-22,pandemic,NMG Global Connect,1
2026-06-22,pandemic,Dr Williams Clinic,1
2026-06-22,pandemic,A Peaceful Perch,1
2026-06-22,pandemic,loopfission,1
2026-06-22,pandemic,msn.com,1
2026-06-22,pandemic,au.finance.yahoo.com,1
2026-06-22,pandemic,smh.com.au,1
2026-06-22,parenting,Rainbow Children’s Hospital & BirthRight,1
2026-06-22,parenting,Health Science,1
2026-06-22,parenting,Sehat Byte,1
2026-06-22,parenting,Ajith Narayanankutty,1
2026-06-22,parents,Dr. Praveenya Mahanthi,1
2026-06-22,parents,Living Well With Dr. Michelle Jorgensen,1
2026-06-22,parents,fatima_edix,1
2026-06-22,parents,saraharchie93,1
2026-06-22,parents,scots.nsw.edu.au,1
2026-06-22,parliament,Hayley Green,1
2026-06-22,parliament,Haqiqat media,1
2026-06-22,parliament,nationaltribune.com.au,1
2026-06-22,parliament,smh.com.au,1
2026-06-22,part,Haqiqat media,4
2026-06-22,part,wyndham.starweekly.com.au,2
2026-06-22,part,John Meaders,1
2026-06-22,part,Laboratory Tutor ,1
2026-06-22,part,FluorideFreeWA Perth,1
2026-06-22,part,loopfission,1
2026-06-22,part,starweekly.com.au,1
2026-06-22,party,Hayley Green,2
2026-06-22,party,Zoukamai,1
2026-06-22,patients,Alabama Public Health,1
2026-06-22,patients,WWLTV,1
2026-06-22,patients,loopfission,1
2026-06-22,paul,Fluoride Free Australia,4
2026-06-22,paul,FluorideFreeWA Perth,2
2026-06-22,paul,Toxic Fluoride,1
2026-06-22,paul connett,Fluoride Free Australia,3
2026-06-22,paul connett,FluorideFreeWA Perth,2
2026-06-22,paul connett,Toxic Fluoride,1
2026-06-22,peak,newshub.medianet.com.au,1
2026-06-22,peak,racgp.org.au,1
2026-06-22,peak,ama.com.au,1
2026-06-22,people,au.news.yahoo.com,2
2026-06-22,people,Whispers From Solian,1
2026-06-22,people,The PreHistoric Farmer,1
2026-06-22,people,PLUTO_HAS_COME_BACK,1
2026-06-22,people,mphn.org.au,1
2026-06-22,people,sydneynorthhealthnetwork.org.au,1
2026-06-22,people,findanexpert.unimelb.edu.au,1
2026-06-22,perth,perthisok.com,2
2026-06-22,perth,FluorideFreeWA Perth,1
2026-06-22,perth,Downtown4life,1
2026-06-22,perth,water2water.com.au,1
2026-06-22,pertussis,curate.curtin.edu.au,2
2026-06-22,pertussis,pbs.gov.au,1
2026-06-22,pet,Affordable Pet Labs,1
2026-06-22,pet,WNDU 16 News Now,1
2026-06-22,pet,Ankit Parekh Vlogs,1
2026-06-22,pet,nationaltribune.com.au,1
2026-06-22,pets,Prilove,1
2026-06-22,pets,Irish Franco,1
2026-06-22,pets,Jmk Vet,1
2026-06-22,pets,Street Dog Planet44,1
2026-06-22,pfizer,The Hill,1
2026-06-22,pfizer,Graig Weich BeyondComics. TV,1
2026-06-22,pfizer,news.com.au,1
2026-06-22,pfizer,Sky News Australia,1
2026-06-22,pfizer,Chumpai1986,1
2026-06-22,pharmaceutical,pbs.gov.au,2
2026-06-22,pharmaceutical,Graig Weich BeyondComics. TV,1
2026-06-22,pharmaceutical,psa.org.au,1
2026-06-22,pharmacy,healthdirect.gov.au,4
2026-06-22,pharmacy,perthnow.com.au,2
2026-06-22,pharmacy,stanmorepharmacy.com.au,2
2026-06-22,pharmacy,RPIIT ACADEMICS,1
2026-06-22,pharmacy,ajp.com.au,1
2026-06-22,pharmacy,retailpharmacymagazine.com.au,1
2026-06-22,pharmacy,wataganparkpharmacy.com,1
2026-06-22,pharmacy,pharmacydaily.com.au,1
2026-06-22,pineal,VOID ABYSS,1
2026-06-22,pineal,Weird Frequencies,1
2026-06-22,pineal,ADELINE ATLAS,1
2026-06-22,pineal,Toxic Fluoride,1
2026-06-22,pineal gland,VOID ABYSS,1
2026-06-22,pineal gland,ADELINE ATLAS,1
2026-06-22,pineal gland,Toxic Fluoride,1
2026-06-22,plastic,Spotted Deals with Amy & Griffey,2
2026-06-22,plastic,nationaltribune.com.au,1
2026-06-22,please,DEVON PAW SHELTER ,2
2026-06-22,please,captainzigzag,1
2026-06-22,please,bananapant1,1
2026-06-22,pneumococcal,mvec.mcri.edu.au,3
2026-06-22,pneumococcal,emphn.org.au,2
2026-06-22,pneumococcal,Dr. Likhita Dasari,1
2026-06-22,pneumococcal,pbs.gov.au,1
2026-06-22,pneumococcal vaccination,emphn.org.au,2
2026-06-22,pneumococcal vaccination,Dr. Likhita Dasari,1
2026-06-22,pneumococcal vaccination,mvec.mcri.edu.au,1
2026-06-22,podcast,JOWMA,1
2026-06-22,podcast,Oral Health Foundation,1
2026-06-22,podcast,Carly Brown Heals,1
2026-06-22,podcast,DNAIndiaNews,1
2026-06-22,poisoning,The HighWire with Del Bigtree,1
2026-06-22,poisoning,The State of Freedom,1
2026-06-22,poisoning,silkyauday,1
2026-06-22,policy,mvec.mcri.edu.au,2
2026-06-22,policy,portal.ada.org.au,1
2026-06-22,policy,pharmadispatch.com,1
2026-06-22,potential,curate.curtin.edu.au,2
2026-06-22,potential,InterestingClips,1
2026-06-22,potential,hospitalhealth.com.au,1
2026-06-22,poultry,Tahir poultry farm ,1
2026-06-22,poultry,Vet Info,1
2026-06-22,poultry,rmit.edu.au,1
2026-06-22,power,NTV Kenya,1
2026-06-22,power,Parisa,1
2026-06-22,power,The Veritas Project ,1
2026-06-22,power,Cleveland Dental Care,1
2026-06-22,pregnancy,Akash & priti,1
2026-06-22,pregnancy,360 Degree Classes,1
2026-06-22,pregnancy,swsphn.com.au,1
2026-06-22,premier,WAMN News,1
2026-06-22,premier,Wheatbelt-woman,1
2026-06-22,premier,premier.vic.gov.au,1
2026-06-22,presentation,Fluoride Free Australia,2
2026-06-22,presentation,Toxic Fluoride,1
2026-06-22,presentation,PLUTO_HAS_COME_BACK,1
2026-06-22,prevent,Aseel rooster  Jahanzaib ,1
2026-06-22,prevent,Harmony Pediatrics,1
2026-06-22,prevent,OTV,1
2026-06-22,prevent,Ankura Hospital for Women & Children,1
2026-06-22,prevent,Mumbai Eye Care Hospital,1
2026-06-22,prevent,smh.com.au,1
2026-06-22,preventable,zero_rabies,1
2026-06-22,preventable,nationaltribune.com.au,1
2026-06-22,preventable,springboard.health.qld.gov.au,1
2026-06-22,prevention,indailysa.com.au,2
2026-06-22,prevention,michifinds,1
2026-06-22,prevention,Dr. Likhita Dasari,1
2026-06-22,prevention,Health unfiltered,1
2026-06-22,prevention,Skylox Transit,1
2026-06-22,prevention,SumanTV Lifestyle,1
2026-06-22,prevention,Towne Centre Family Dental and the Implant & SmileMakeover Studio,1
2026-06-22,prevention,Haan Health Medical Centre,1
2026-06-22,primary,dpird.nsw.gov.au,2
2026-06-22,primary,perthnow.com.au,2
2026-06-22,primary,mphn.org.au,1
2026-06-22,primary,healthdirect.gov.au,1
2026-06-22,professional,"Australian Dept of Health, Disability and Ageing",1
2026-06-22,professional,AcornAl,1
2026-06-22,professional,health.gov.au,1
2026-06-22,professor,Fluoride Free Australia,3
2026-06-22,professor,Caries and fairies,1
2026-06-22,professor,Toxic Fluoride,1
2026-06-22,professor paul,Fluoride Free Australia,3
2026-06-22,professor paul,Toxic Fluoride,1
2026-06-22,program,govmarket.com.au,5
2026-06-22,program,Vet Info,2
2026-06-22,program,australiantenders.com.au,2
2026-06-22,program,CTV News,1
2026-06-22,program,The Midnight Pharmacy,1
2026-06-22,program,Street Dog Planet44,1
2026-06-22,program,Amesh Adalja MD,1
2026-06-22,program,9 News Australia,1
2026-06-22,program,loopfission,1
2026-06-22,program,emphn.org.au,1
2026-06-22,program,health.gov.au,1
2026-06-22,prompts,msn.com,2
2026-06-22,prompts,ABC News (Australia),1
2026-06-22,protect,wa.gov.au,2
2026-06-22,protect,adelaidenow.com.au,2
2026-06-22,protect,The mother Doctor,1
2026-06-22,protect,My Mobile Dentist Battle,1
2026-06-22,protect,firstnationsnews.com.au,1
2026-06-22,protect,earlychildhood.qld.gov.au,1
2026-06-22,protect,miragenews.com,1
2026-06-22,protected,wataganparkpharmacy.com,1
2026-06-22,protected,wha.net.au,1
2026-06-22,protected,balgowlahvillagemedicalpractice.com.au,1
2026-06-22,protecting,The Midnight Pharmacy,2
2026-06-22,protecting,TerryWhite Chemmart Paragon ,1
2026-06-22,protecting,ST.MOTHER TERESA DENTAL AND COSMETIC CLINIC,1
2026-06-22,protecting,classicwayfamilypractice.com.au,1
2026-06-22,protection,Relative Tools,1
2026-06-22,protection,Mr & mrs sengar family vlog,1
2026-06-22,protection,The Midnight Pharmacy,1
2026-06-22,protection,TerryWhite Chemmart Paragon ,1
2026-06-22,protection,Haan Health Medical Centre,1
2026-06-22,protection,Ajith Narayanankutty,1
2026-06-22,protection,Ankura Hospital for Women & Children,1
2026-06-22,protection,theislanderonline.com.au,1
2026-06-22,protection,mvec.mcri.edu.au,1
2026-06-22,protects,Rainbow Children’s Hospital & BirthRight,1
2026-06-22,protects,SumanTV Lifestyle,1
2026-06-22,protects,Ajith Narayanankutty,1
2026-06-22,public,miragenews.com,2
2026-06-22,public,The Incomplete Past,1
2026-06-22,public,Paradigm Thrasher,1
2026-06-22,public,Alabama Public Health,1
2026-06-22,public, used to be a bartender at the borgata ,1
2026-06-22,public,Dr. Leslie Treece,1
2026-06-22,public,Cleveland Dental Care,1
2026-06-22,public,islandsbusiness.com,1
2026-06-22,public health,The Incomplete Past,1
2026-06-22,public health,Cleveland Dental Care,1
2026-06-22,public health,islandsbusiness.com,1
2026-06-22,punk,DigitalLove13,2
2026-06-22,punk,prod. rxhff,1
2026-06-22,punk,wingsxrra,1
2026-06-22,punk,othrsde,1
2026-06-22,punk,dead yami,1
2026-06-22,punk rock,DigitalLove13,2
2026-06-22,punk rock,prod. rxhff,1
2026-06-22,punk rock,wingsxrra,1
2026-06-22,punk rock,othrsde,1
2026-06-22,puppy,Zoo Buddy2.0,1
2026-06-22,puppy,Soul Healer,1
2026-06-22,puppy,Karuppan & CO,1
2026-06-22,puppy,withswa,1
2026-06-22,puppy,Jmk Vet,1
2026-06-22,push,The Damage Report,1
2026-06-22,push,WION,1
2026-06-22,push,australianmanufacturing.com.au,1
2026-06-22,quality,Pristine Smiles Dental,1
2026-06-22,quality,RK_kennel_திருப்பூர் ,1
2026-06-22,quality,emphn.org.au,1
2026-06-22,quality,goldcoast.health.qld.gov.au,1
2026-06-22,queensland,Sky News Australia,1
2026-06-22,queensland,Medical Journal of Australia,1
2026-06-22,queensland,ABC News In-depth,1
2026-06-22,queensland,TOTT News,1
2026-06-22,queensland,loopfission,1
2026-06-22,queensland,village-voice.com.au,1
2026-06-22,queensland,goldcoast.health.qld.gov.au,1
2026-06-22,queensland,springboard.health.qld.gov.au,1
2026-06-22,question,The Incomplete Past,1
2026-06-22,question,PSM Simplified: Community Medicine & Research,1
2026-06-22,question,Vejon Health,1
2026-06-22,question,Let's Crack UPSC CSE Hindi,1
2026-06-22,rabies,Shihtzufamily ,1
2026-06-22,rabies,Hank Green,1
2026-06-22,rabies,Dr Pulkit Kumar,1
2026-06-22,rabies,CTV News,1
2026-06-22,rabies,zero_rabies,1
2026-06-22,racgp,racgp.org.au,3
2026-06-22,racgp,newshub.medianet.com.au,1
2026-06-22,rates,WAFF 48 News & Weather,1
2026-06-22,rates,ABC News (Australia),1
2026-06-22,rates,9 News Australia,1
2026-06-22,rates,10 News,1
2026-06-22,rates,couriermail.com.au,1
2026-06-22,rates,swsphn.com.au,1
2026-06-22,rates,thenewdaily.com.au,1
2026-06-22,rates,healthed-test.kiratech.com.au,1
2026-06-22,ready,"Australian Dept of Health, Disability and Ageing",2
2026-06-22,ready,Gann Decoder Sree Harsha,1
2026-06-22,real,TruthFoundry,1
2026-06-22,real,David McCaffrey,1
2026-06-22,real,National Press Foundation,1
2026-06-22,real,nationaltribune.com.au,1
2026-06-22,really,Reviewed By Danny,1
2026-06-22,really,Inside Human 3D,1
2026-06-22,really,HAKEL,1
2026-06-22,really,The Robb Carter Show,1
2026-06-22,really,MediStar Hospitals ,1
2026-06-22,really,Toxic Fluoride,1
2026-06-22,really,American Voices Unfiltered,1
2026-06-22,reasons,Fluoride Free Australia,2
2026-06-22,reasons,Back to the Science,1
2026-06-22,recent,Toxic Fluoride,2
2026-06-22,recent,CTV News,1
2026-06-22,recent,dubbophotonews.com.au,1
2026-06-22,recommended,9NEWS,1
2026-06-22,recommended,Drench Line Podcast,1
2026-06-22,recommended,swsphn.com.au,1
2026-06-22,records,SBS News,1
2026-06-22,records,askmygp.com.au,1
2026-06-22,records,timesnewsgroup.com.au,1
2026-06-22,reduce,UPivitzzz,1
2026-06-22,reduce,KMOV St. Louis,1
2026-06-22,reduce,WCVB Channel 5 Boston,1
2026-06-22,reduce,Chumpai1986,1
2026-06-22,reduce,nationaltribune.com.au,1
2026-06-22,reduce,msn.com,1
2026-06-22,reduction,Kidz Heaven,2
2026-06-22,reduction,Water Filter Guru,1
2026-06-22,reduction,Dr. Noc,1
2026-06-22,reference,mvec.mcri.edu.au,2
2026-06-22,reference,Medvital,1
2026-06-22,registration,AcornAl,1
2026-06-22,registration,VS2ute,1
2026-06-22,registration,PLUTO_HAS_COME_BACK,1
2026-06-22,relatable,Mom Life With Mateo,1
2026-06-22,relatable,fatima_edix,1
2026-06-22,relatable,Nurse Chidera💉,1
2026-06-22,remove,Reviewed By Danny,1
2026-06-22,remove,刘锦卢,1
2026-06-22,remove,Water Filter Guru,1
2026-06-22,remove,SoftPro Water Systems,1
2026-06-22,remove,CNN,1
2026-06-22,remove,ABC News In-depth,1
2026-06-22,remove,AquaCo Water Filters Australia,1
2026-06-22,remove,Jason Active,1
2026-06-22,remove,everyday.com.au,1
2026-06-22,remove fluoride,Reviewed By Danny,1
2026-06-22,remove fluoride,刘锦卢,1
2026-06-22,remove fluoride,Water Filter Guru,1
2026-06-22,remove fluoride,SoftPro Water Systems,1
2026-06-22,remove fluoride,CNN,1
2026-06-22,remove fluoride,ABC News In-depth,1
2026-06-22,remove fluoride,AquaCo Water Filters Australia,1
2026-06-22,remove fluoride,Jason Active,1
2026-06-22,remove fluoride,everyday.com.au,1
2026-06-22,removes,WiseMoney,1
2026-06-22,removes,Retro’s Bushcraft Uncovered,1
2026-06-22,removes,Rate This Product,1
2026-06-22,removes,Ana Gabriel Ritmos y Sentimientos,1
2026-06-22,removes,boytoymichelle,1
2026-06-22,removes,Water Filter Guru,1
2026-06-22,removes,bigw.com.au,1
2026-06-22,removes fluoride,WiseMoney,1
2026-06-22,removes fluoride,Retro’s Bushcraft Uncovered,1
2026-06-22,removes fluoride,Rate This Product,1
2026-06-22,removes fluoride,Ana Gabriel Ritmos y Sentimientos,1
2026-06-22,removes fluoride,boytoymichelle,1
2026-06-22,removes fluoride,Water Filter Guru,1
2026-06-22,report,assimalhakeem,1
2026-06-22,report,Facts Matter with Roman Balmakov,1
2026-06-22,report,Joining Hands In Health,1
2026-06-22,report,WakeUpAlert,1
2026-06-22,report,miragenews.com,1
2026-06-22,report,citynewsqbn.com.au,1
2026-06-22,requirement,msn.com,2
2026-06-22,requirement,MS NOW,1
2026-06-22,research,miragenews.com,2
2026-06-22,research,WCIA News,1
2026-06-22,research,GP Orthodontic Tips - StraightSmile Solutions,1
2026-06-22,research,portal.ada.org.au,1
2026-06-22,research,s3-ap-southeast-2.amazonaws.com,1
2026-06-22,research,aol.com,1
2026-06-22,research,djsir.vic.gov.au,1
2026-06-22,research,nationaltribune.com.au,1
2026-06-22,research,minister.industry.gov.au,1
2026-06-22,residents,westernplainsapp.com.au,2
2026-06-22,residents,crownstmedicalcentre.com.au,1
2026-06-22,residents,oceanmedical.com.au,1
2026-06-22,respiratory,newcastle.edu.au,2
2026-06-22,respiratory,sbs.com.au,2
2026-06-22,respiratory,pbs.gov.au,2
2026-06-22,respiratory,newshub.medianet.com.au,1
2026-06-22,respiratory,nationaltribune.com.au,1
2026-06-22,respiratory,puffnstuff.com.au,1
2026-06-22,respiratory,miragenews.com,1
2026-06-22,respiratory viruses,newcastle.edu.au,2
2026-06-22,respiratory viruses,sbs.com.au,2
2026-06-22,respiratory viruses,nationaltribune.com.au,1
2026-06-22,respiratory viruses,miragenews.com,1
2026-06-22,response,aapnews.aap.com.au,2
2026-06-22,response,hbomberguy,1
2026-06-22,results,4 News Now,1
2026-06-22,results,iOLANDE MELODY,1
2026-06-22,results,msn.com,1
2026-06-22,results,miragenews.com,1
2026-06-22,reveals,miragenews.com,2
2026-06-22,reveals,Truth Over Trend with Matthew Maher,1
2026-06-22,reveals,Redacted,1
2026-06-22,reveals,msn.com,1
2026-06-22,reveals,cairnspost.com.au,1
2026-06-22,reverse,刘锦卢,1
2026-06-22,reverse,Church 1010,1
2026-06-22,reverse,Rank On Top,1
2026-06-22,reverse osmosis,刘锦卢,1
2026-06-22,reverse osmosis,Church 1010,1
2026-06-22,reverse osmosis,Rank On Top,1
2026-06-22,review,Reviewed By Danny,1
2026-06-22,review,Gadget Girl,1
2026-06-22,review,michifinds,1
2026-06-22,review,Peachyfind,1
2026-06-22,review,Epic Reviewz,1
2026-06-22,review,Straight Up Reviews,1
2026-06-22,review,Knot at the spot,1
2026-06-22,review,Foot Patrol & Aviation Australia,1
2026-06-22,review,Water Filter Guru,1
2026-06-22,review,au.investing.com,1
2026-06-22,review,cleanandnative.com.au,1
2026-06-22,rfk,Congress Clips,1
2026-06-22,rfk,Jonathan Howard,1
2026-06-22,rfk,Graig Weich BeyondComics. TV,1
2026-06-22,rfk,Amesh Adalja MD,1
2026-06-22,rfk,Toxic Fluoride,1
2026-06-22,rfk,msn.com,1
2026-06-22,right,Watch Read,1
2026-06-22,right,Health Science,1
2026-06-22,right,Sehat Byte,1
2026-06-22,right,PlanetNotPlastic,1
2026-06-22,right,Fluoride Free Australia,1
2026-06-22,rise,msn.com,2
2026-06-22,rise,WAFF 48 News & Weather,1
2026-06-22,rise,adelaidenow.com.au,1
2026-06-22,rise,themercury.com.au,1
2026-06-22,rise,aapnews.aap.com.au,1
2026-06-22,risk,ibtimes.com.au,2
2026-06-22,risk,miragenews.com,2
2026-06-22,risk,msn.com,2
2026-06-22,risk,The Ultimate Asset Podcast,1
2026-06-22,risk,Dr. Isaac Jones,1
2026-06-22,risk,Dr. Noc,1
2026-06-22,risk,The Economic Times,1
2026-06-22,risk,On the Mones,1
2026-06-22,risk,WCVB Channel 5 Boston,1
2026-06-22,risk,The Logical Indian,1
2026-06-22,risk,LechuckThreepwood,1
2026-06-22,risk,PowerBottomBear92,1
2026-06-22,risk,loopfission,1
2026-06-22,risk,BLaQz84,1
2026-06-22,risk,cairnspost.com.au,1
2026-06-22,risk,thenewdaily.com.au,1
2026-06-22,risk,racgp.org.au,1
2026-06-22,risks,Toxic Fluoride,2
2026-06-22,risks,msn.com,2
2026-06-22,risks,wamnnews.com.au,2
2026-06-22,risks,WCIA News,1
2026-06-22,risks,JOWMA,1
2026-06-22,risks,MindVoice Production,1
2026-06-22,risks,aol.com,1
2026-06-22,rock,DigitalLove13,2
2026-06-22,rock,prod. rxhff,1
2026-06-22,rock,wingsxrra,1
2026-06-22,rock,othrsde,1
2026-06-22,rock,dead yami,1
2026-06-22,rock type,DigitalLove13,2
2026-06-22,rock type,prod. rxhff,1
2026-06-22,rock type,wingsxrra,1
2026-06-22,rock type,othrsde,1
2026-06-22,role,RPIIT ACADEMICS,1
2026-06-22,role,ST.MOTHER TERESA DENTAL AND COSMETIC CLINIC,1
2026-06-22,role,springboard.health.qld.gov.au,1
2026-06-22,rollout,ITV News,1
2026-06-22,rollout,news.com.au,1
2026-06-22,rollout,australianmanufacturing.com.au,1
2026-06-22,rollout,couriermail.com.au,1
2026-06-22,rollout,goldcoastbulletin.com.au,1
2026-06-22,routine,wyndham.starweekly.com.au,2
2026-06-22,routine,starweekly.com.au,1
2026-06-22,rsv,"Australian Dept of Health, Disability and Ageing",2
2026-06-22,rsv,wyndham.starweekly.com.au,2
2026-06-22,rsv,hotdoc.com.au,2
2026-06-22,rsv,sbs.com.au,2
2026-06-22,rsv,7NEWS Australia,1
2026-06-22,rsv,AcornAl,1
2026-06-22,rsv,starweekly.com.au,1
2026-06-22,rsv,adelaidenow.com.au,1
2026-06-22,rsv,themercury.com.au,1
2026-06-22,rsv,ama.com.au,1
2026-06-22,rsv,theislanderonline.com.au,1
2026-06-22,rsv,buckland-rv.com.au,1
2026-06-22,rsv,mphn.org.au,1
2026-06-22,rsv,mvec.mcri.edu.au,1
2026-06-22,rsv,sydneynorthhealthnetwork.org.au,1
2026-06-22,rsv vaccination,wyndham.starweekly.com.au,2
2026-06-22,rsv vaccination,starweekly.com.au,1
2026-06-22,rsv vaccination,ama.com.au,1
2026-06-22,rsv vaccination,buckland-rv.com.au,1
2026-06-22,rsv vaccination,mphn.org.au,1
2026-06-22,rsv vaccination,hotdoc.com.au,1
2026-06-22,rsv vaccination,sydneynorthhealthnetwork.org.au,1
2026-06-22,rtbrkr,g0nnr,1
2026-06-22,rtbrkr,TCLawyer,1
2026-06-22,rtbrkr,othrsde,1
2026-06-22,rtbrkr,Alteg ,1
2026-06-22,ruling,Toxic Fluoride,2
2026-06-22,ruling,The Dr Kumar Discovery,1
2026-06-22,ruling,Daily Dart,1
2026-06-22,safe,Toxic Fluoride,2
2026-06-22,safe,My Top Show,1
2026-06-22,safe,Rhose Vlog,1
2026-06-22,safe,myPediaclinic,1
2026-06-22,safe,Brandon Trame,1
2026-06-22,safe,TerryWhite Chemmart Paragon ,1
2026-06-22,safe,TerryWhite Chemmart Cumberland Park Pharmacy,1
2026-06-22,safe,Sarah Torrence ,1
2026-06-22,safety,KWQC News,1
2026-06-22,safety,National Press Foundation,1
2026-06-22,safety,Redacted,1
2026-06-22,safety,loopfission,1
2026-06-22,save,dian shaw,1
2026-06-22,save,Rainbow Children’s Hospital & BirthRight,1
2026-06-22,save,Dr. Leslie Treece,1
2026-06-22,save,nationaltribune.com.au,1
2026-06-22,save lives,Rainbow Children’s Hospital & BirthRight,1
2026-06-22,save lives,Dr. Leslie Treece,1
2026-06-22,save lives,nationaltribune.com.au,1
2026-06-22,saving,Dark Finance ,1
2026-06-22,saving,10 News,1
2026-06-22,saving,PLUTO_HAS_COME_BACK,1
2026-06-22,says,msn.com,2
2026-06-22,says,nationaltribune.com.au,2
2026-06-22,says,The Daily Signal,1
2026-06-22,says,Internet MythBusters,1
2026-06-22,schedules,American Academy of Pediatrics,1
2026-06-22,schedules,Loma Linda University Health,1
2026-06-22,schedules,Quentin & Vanessa Jiles,1
2026-06-22,schedules,JOWMA,1
2026-06-22,schedules,KPBS Public Media,1
2026-06-22,scheme,pbs.gov.au,2
2026-06-22,scheme,Sky News,1
2026-06-22,science,The Knowledge Hub 2026,2
2026-06-22,science,My Chem Academy ,1
2026-06-22,science,Jolina Wong,1
2026-06-22,science,BEST INFLUENCER,1
2026-06-22,science,National Press Foundation,1
2026-06-22,science,Internet MythBusters,1
2026-06-22,science,The Economic Times,1
2026-06-22,science,Natalie Tysdal,1
2026-06-22,science,PlanetNotPlastic,1
2026-06-22,science,Amesh Adalja MD,1
2026-06-22,science,msn.com,1
2026-06-22,scientists,miragenews.com,1
2026-06-22,scientists,msn.com,1
2026-06-22,scientists,abc.net.au,1
2026-06-22,season,ibtimes.com.au,2
2026-06-22,season,wangarattachronicle.com.au,2
2026-06-22,season,parkwoodgreenmedical.com.au,2
2026-06-22,season,miragenews.com,2
2026-06-22,season,thewest.com.au,2
2026-06-22,season,adelaidenow.com.au,2
2026-06-22,season,The Modern Shepherd 🐏🐐,1
2026-06-22,season,NARC memories,1
2026-06-22,season,The Bony Nurse,1
2026-06-22,season,riverineherald.com.au,1
2026-06-22,season,sheppnews.com.au,1
2026-06-22,season,narranderaargus.com.au,1
2026-06-22,season,wha.net.au,1
2026-06-22,second,"Australian Dept of Health, Disability and Ageing",2
2026-06-22,second,    MummaKi_Gudiya,1
2026-06-22,second,FluorideFreeWA Perth,1
2026-06-22,secret,indailysa.com.au,2
2026-06-22,secret,couriermail.com.au,1
2026-06-22,senate,The Economic Times,3
2026-06-22,senate,The Financial Express,1
2026-06-22,seniors,Support Services Connect Australia ,1
2026-06-22,seniors,Thrive Australia,1
2026-06-22,seniors,miragenews.com,1
2026-06-22,services,govmarket.com.au,5
2026-06-22,services,rsvp.chemistwarehouse.com.au,1
2026-06-22,sheep,The Modern Shepherd 🐏🐐,2
2026-06-22,sheep,Dr.VetR.N.B,1
2026-06-22,shingles,Dr. Noc,1
2026-06-22,shingles,On the Mones,1
2026-06-22,shingles,WCVB Channel 5 Boston,1
2026-06-22,shingles,"J ""Fast AF"" Whiite",1
2026-06-22,shingles,ThemFilesTV,1
2026-06-22,shingles,Ask Dr. Mia- Navigating Dementia Caregiving,1
2026-06-22,shingles,miragenews.com,1
2026-06-22,shingles,msn.com,1
2026-06-22,shingles,askmygp.com.au,1
2026-06-22,shingles vaccine,Dr. Noc,1
2026-06-22,shingles vaccine,On the Mones,1
2026-06-22,shingles vaccine,WCVB Channel 5 Boston,1
2026-06-22,shingles vaccine,"J ""Fast AF"" Whiite",1
2026-06-22,shingles vaccine,ThemFilesTV,1
2026-06-22,shingles vaccine,miragenews.com,1
2026-06-22,shingles vaccine,msn.com,1
2026-06-22,shingles vaccine,askmygp.com.au,1
2026-06-22,shocking,Jim Feijo,1
2026-06-22,shocking,Truth Over Trend with Matthew Maher,1
2026-06-22,shocking,Plant Parenting 360,1
2026-06-22,shocking,Monsters LLC,1
2026-06-22,shocking,Clipoo-mania,1
2026-06-22,shocking,Charismatic Studio,1
2026-06-22,shocking,McCullough Foundation,1
2026-06-22,shocking,New Earth Consciousness,1
2026-06-22,shocking,Amesh Adalja MD,1
2026-06-22,shocking vaccine,Truth Over Trend with Matthew Maher,1
2026-06-22,shocking vaccine,Monsters LLC,1
2026-06-22,shocking vaccine,McCullough Foundation,1
2026-06-22,shocking vaccine,Amesh Adalja MD,1
2026-06-22,short,Fluoride Free Australia,1
2026-06-22,short,Nursinglife22,1
2026-06-22,short,JHANSI LAKSHMI PETS,1
2026-06-22,short,Nanichinni daily vlogs,1
2026-06-22,short,Nurse Chidera💉,1
2026-06-22,short,Toxic Fluoride,1
2026-06-22,shorts,Chinext,15
2026-06-22,shorts,Vet Info,8
2026-06-22,shorts,Teeth Talk Girl,2
2026-06-22,shorts,Nurse didi,2
2026-06-22,shorts,Nursinglife22,2
2026-06-22,shorts,The Gut Code ,2
2026-06-22,shorts,The Veritas Project ,2
2026-06-22,shorts,The Insight Crafter,1
2026-06-22,shorts,Dr. Debbie Ozment,1
2026-06-22,shorts,Health 360 simplified,1
2026-06-22,shorts,Shihtzufamily ,1
2026-06-22,shorts,Caries and fairies,1
2026-06-22,shorts,The State of Freedom,1
2026-06-22,shorts,nursemadam,1
2026-06-22,shorts,Monsters LLC,1
2026-06-22,shorts,Sangita Odia vlogger ,1
2026-06-22,shorts,Dr. Praveenya Mahanthi,1
2026-06-22,shorts,Quentin & Vanessa Jiles,1
2026-06-22,shorts,House Clips Clips,1
2026-06-22,shorts,Adam Allred Official,1
2026-06-22,shorts,Grant Stinchfield,1
2026-06-22,shorts,Hamza Jutt,1
2026-06-22,shorts,Charismatic Studio,1
2026-06-22,shorts,KL at TN,1
2026-06-22,shorts,International Relations,1
2026-06-22,shorts,Signal From Tomorrow,1
2026-06-22,shorts,Brain Desk,1
2026-06-22,shorts,PSM Simplified: Community Medicine & Research,1
2026-06-22,shorts,    MummaKi_Gudiya,1
2026-06-22,shorts,Nanichinni daily vlogs,1
2026-06-22,shorts,KADAK,1
2026-06-22,shorts,uma daily life,1
2026-06-22,shorts,Ridoy story ,1
2026-06-22,shorts,Drench Line Podcast,1
2026-06-22,shorts,New Earth Consciousness,1
2026-06-22,shorts,Harmony Pediatrics,1
2026-06-22,shorts,Mr & mrs sengar family vlog,1
2026-06-22,shorts,360 Degree Classes,1
2026-06-22,shorts,MISTI  MONA  VLOG,1
2026-06-22,shorts,Rimjhim Parlour,1
2026-06-22,shorts,EVERYDAY CLIP,1
2026-06-22,shorts,Comedy Skitz,1
2026-06-22,shorts,Youth Health Focus,1
2026-06-22,shorts,WILD FACT DAILY,1
2026-06-22,shorts,Jmk Vet,1
2026-06-22,shorts,Towne Centre Family Dental and the Implant & SmileMakeover Studio,1
2026-06-22,shorts,Satendra Singh,1
2026-06-22,shorts,GLOBAL FUTURE UPDATE,1
2026-06-22,shorts,Sasi murugan lifestyle ,1
2026-06-22,shorts,withswa,1
2026-06-22,shorts,A Peaceful Perch,1
2026-06-22,shorts,Marshall In The Middle,1
2026-06-22,shorts,Girls Space,1
2026-06-22,shorts,Natalie Tysdal,1
2026-06-22,shorts,PlanetNotPlastic,1
2026-06-22,shorts,Rest is History ,1
2026-06-22,shorts,Ankura Hospital for Women & Children,1
2026-06-22,shorts,Between The Lines - Podcast & Media,1
2026-06-22,shorts,Pinay Prenny in South Australia,1
2026-06-22,shorts shortsfeed,Chinext,15
2026-06-22,shorts shortsfeed,Comedy Skitz,1
2026-06-22,shorts trending,nursemadam,1
2026-06-22,shorts trending,uma daily life,1
2026-06-22,shorts trending,MISTI  MONA  VLOG,1
2026-06-22,shortsfeed,Chinext,15
2026-06-22,shortsfeed,Sangita Odia vlogger ,1
2026-06-22,shortsfeed,Akanksha Mishra,1
2026-06-22,shortsfeed,Comedy Skitz,1
2026-06-22,shortsfeed,NARC memories,1
2026-06-22,shortvideo,MrZidi,1
2026-06-22,shortvideo,Caries and fairies,1
2026-06-22,shortvideo,    MummaKi_Gudiya,1
2026-06-22,shortvideo,Nanichinni daily vlogs,1
2026-06-22,shortvideo,Sai charanya Badavath ,1
2026-06-22,shot,miragenews.com,2
2026-06-22,shot,KPBS Public Media,1
2026-06-22,shot,Newborn Love ,1
2026-06-22,shot,Rebel News,1
2026-06-22,shot,Redacted,1
2026-06-22,shot,smh.com.au,1
2026-06-22,shots,ibtimes.com.au,2
2026-06-22,shots,The Pulse Report,1
2026-06-22,shots,Ajith Narayanankutty,1
2026-06-22,shower,Compared Tools,1
2026-06-22,shower,Relative Tools,1
2026-06-22,shower,UPivitzzz,1
2026-06-22,shower,bigw.com.au,1
2026-06-22,shower filter,Compared Tools,1
2026-06-22,shower filter,Relative Tools,1
2026-06-22,shower filter,UPivitzzz,1
2026-06-22,shower filter,bigw.com.au,1
2026-06-22,shows,The Hill,1
2026-06-22,shows,Kanooni Adhikar,1
2026-06-22,shows,Lawtinum,1
2026-06-22,shows,Dr. Misha Kogan,1
2026-06-22,shows,4 News Now,1
2026-06-22,shows,loopfission,1
2026-06-22,shows,dubbophotonews.com.au,1
2026-06-22,shows,nationaltribune.com.au,1
2026-06-22,sick,Aseel rooster  Jahanzaib ,1
2026-06-22,sick,Blaire White,1
2026-06-22,sick,NARC memories,1
2026-06-22,sick,citynewsqbn.com.au,1
2026-06-22,side,The Economic Times,1
2026-06-22,side,greentext_guy,1
2026-06-22,side,Toxic Fluoride,1
2026-06-22,side,loopfission,1
2026-06-22,silver,Deserving Dental,1
2026-06-22,silver,Giggles Grins,1
2026-06-22,silver,dentalatkeys.com.au,1
2026-06-22,silver diamine,Deserving Dental,1
2026-06-22,silver diamine,Giggles Grins,1
2026-06-22,silver diamine,dentalatkeys.com.au,1
2026-06-22,six,aapnews.aap.com.au,2
2026-06-22,six,OCEAN_D KOMIC Tv,1
2026-06-22,sleep,Empowering health ,1
2026-06-22,sleep,msn.com,1
2026-06-22,sleep,nationaltribune.com.au,1
2026-06-22,slow,wangarattachronicle.com.au,2
2026-06-22,slow,couriermail.com.au,1
2026-06-22,slow,narranderaargus.com.au,1
2026-06-22,slowed,𝐆𝐑,4
2026-06-22,slowed,Fried By Rami :0,1
2026-06-22,slowed,Abyss,1
2026-06-22,slowed,unoquattrotredue,1
2026-06-22,smart,The mother Doctor,1
2026-06-22,smart,Ridoy story ,1
2026-06-22,smart,nationaltribune.com.au,1
2026-06-22,smile,The Ultimate Asset Podcast,1
2026-06-22,smile,Caries and fairies,1
2026-06-22,smile,Taylor the Saver,1
2026-06-22,smile,Digitall Kavita,1
2026-06-22,smile,Sarah Torrence ,1
2026-06-22,social,"Australian Dept of Health, Disability and Ageing",2
2026-06-22,social,health.gov.au,1
2026-06-22,song,Nina Khosla,1
2026-06-22,song,SupremacyGentleman666,1
2026-06-22,song,aceexistence ,1
2026-06-22,song, DentBloom ,1
2026-06-22,south,indailysa.com.au,2
2026-06-22,south,Daily Insight,1
2026-06-22,south,ShiftedParadigmsAU,1
2026-06-22,south,adelaidenow.com.au,1
2026-06-22,south,themercury.com.au,1
2026-06-22,south,gendata.com.au,1
2026-06-22,south,cesphn.org.au,1
2026-06-22,south,swsphn.com.au,1
2026-06-22,south,discoveryalert.com.au,1
2026-06-22,south australia,indailysa.com.au,2
2026-06-22,south australia,ShiftedParadigmsAU,1
2026-06-22,south australia,adelaidenow.com.au,1
2026-06-22,south australia,themercury.com.au,1
2026-06-22,south australia,gendata.com.au,1
2026-06-22,sparks,Kristen Lindgren,1
2026-06-22,sparks,Ana Gabriel Ritmos y Sentimientos,1
2026-06-22,sparks,boytoymichelle,1
2026-06-22,sparks,couriermail.com.au,1
2026-06-22,sparks,kalkine.com.au,1
2026-06-22,spray,adelaidenow.com.au,2
2026-06-22,spray,Arogya Kaumudy,1
2026-06-22,spray,9 News Australia,1
2026-06-22,spray,10 News,1
2026-06-22,stage,Gadget Girl,1
2026-06-22,stage,Kidz Heaven,1
2026-06-22,stage,bigw.com.au,1
2026-06-22,star,wyndham.starweekly.com.au,3
2026-06-22,star,starweekly.com.au,1
2026-06-22,star,brimbanknorthwest.starweekly.com.au,1
2026-06-22,star weekly,wyndham.starweekly.com.au,3
2026-06-22,star weekly,starweekly.com.au,1
2026-06-22,star weekly,brimbanknorthwest.starweekly.com.au,1
2026-06-22,start,Towne Centre Family Dental and the Implant & SmileMakeover Studio,1
2026-06-22,start,couriermail.com.au,1
2026-06-22,start,brimbanknorthwest.starweekly.com.au,1
2026-06-22,start,narranderaargus.com.au,1
2026-06-22,started,LENZING WEEKLY,1
2026-06-22,started,The AI Residency,1
2026-06-22,started,Organic Oases Penang,1
2026-06-22,starts,indailysa.com.au,2
2026-06-22,starts,wangarattachronicle.com.au,2
2026-06-22,starts,Haan Health Medical Centre,1
2026-06-22,statistics,mike_honey,8
2026-06-22,statistics,Clipoo-mania,1
2026-06-22,statistics,PLUTO_HAS_COME_BACK,1
2026-06-22,still,Let’s be real 101,1
2026-06-22,still,Hayley Green,1
2026-06-22,still,portal.ada.org.au,1
2026-06-22,still,coonambletimes.com.au,1
2026-06-22,still,narranderaargus.com.au,1
2026-06-22,still,msn.com,1
2026-06-22,still,miragenews.com,1
2026-06-22,stock,au.investing.com,2
2026-06-22,stock,couriermail.com.au,1
2026-06-22,stock,goldcoastbulletin.com.au,1
2026-06-22,stock,m.au.investing.com,1
2026-06-22,stop,Fluoride Free Australia,3
2026-06-22,stop,Dr. Julian Cross,1
2026-06-22,stop,DR BERG DC HEALTH ,1
2026-06-22,stop,ITV News,1
2026-06-22,stop,dian shaw,1
2026-06-22,stop,𝐆𝐑,1
2026-06-22,stop,CTV News,1
2026-06-22,stop,Youth Health Focus,1
2026-06-22,stop,The Gut Code ,1
2026-06-22,stop,The Economic Times,1
2026-06-22,stop,WakeUpAlert,1
2026-06-22,stop,msn.com,1
2026-06-22,stop,miragenews.com,1
2026-06-22,story,thetimes.com.au,2
2026-06-22,story,David McCaffrey,1
2026-06-22,story,Toxic Fluoride,1
2026-06-22,story,insidestory.org.au,1
2026-06-22,strains,miragenews.com,2
2026-06-22,strains,Medvital,1
2026-06-22,strategy,Dr. John Campbell,1
2026-06-22,strategy,Paradigm Thrasher,1
2026-06-22,strategy,doherty.edu.au,1
2026-06-22,strikes,msn.com,2
2026-06-22,strikes,Daily Dart,1
2026-06-22,stronger,nationaltribune.com.au,2
2026-06-22,stronger,newcastle.edu.au,2
2026-06-22,stronger,Facts Matter with Roman Balmakov,1
2026-06-22,stronger,News 12,1
2026-06-22,stronger,Ajith Narayanankutty,1
2026-06-22,stronger first,newcastle.edu.au,2
2026-06-22,stronger first,nationaltribune.com.au,1
2026-06-22,students,KPBS Public Media,1
2026-06-22,students,Channel 4 News,1
2026-06-22,students,Nurse Spark,1
2026-06-22,study,miragenews.com,2
2026-06-22,study,ibtimes.com.au,2
2026-06-22,study,nationaltribune.com.au,2
2026-06-22,study,MythCrashed,1
2026-06-22,study,Dr. Misha Kogan,1
2026-06-22,study,Daniel Rico,1
2026-06-22,study,RC REDDY IAS STUDY CIRCLE,1
2026-06-22,study,Hamza Jutt,1
2026-06-22,study,KMOV St. Louis,1
2026-06-22,study,Channel 4 News,1
2026-06-22,study,CTV News,1
2026-06-22,study,OTV,1
2026-06-22,study,WCVB Channel 5 Boston,1
2026-06-22,study,Full Measure with Sharyl Attkisson,1
2026-06-22,study,loopfission,1
2026-06-22,study,medicinetoday.com.au,1
2026-06-22,study,thewest.com.au,1
2026-06-22,study,msn.com,1
2026-06-22,study finds,ibtimes.com.au,2
2026-06-22,study finds,KMOV St. Louis,1
2026-06-22,study finds,Channel 4 News,1
2026-06-22,study finds,OTV,1
2026-06-22,study finds,thewest.com.au,1
2026-06-22,study finds,msn.com,1
2026-06-22,study suggests,WCVB Channel 5 Boston,1
2026-06-22,study suggests,miragenews.com,1
2026-06-22,study suggests,medicinetoday.com.au,1
2026-06-22,study suggests,nationaltribune.com.au,1
2026-06-22,suggests,WCVB Channel 5 Boston,1
2026-06-22,suggests,miragenews.com,1
2026-06-22,suggests,medicinetoday.com.au,1
2026-06-22,suggests,nationaltribune.com.au,1
2026-06-22,supply,Toxic Fluoride,3
2026-06-22,supply,ABC News (Australia),2
2026-06-22,supply,Brenda Staudenmaier,1
2026-06-22,supply,BOL News,1
2026-06-22,supply,Voting Matters,1
2026-06-22,supply,Ana Gabriel Ritmos y Sentimientos,1
2026-06-22,supply,boytoymichelle,1
2026-06-22,supply,Jason Active,1
2026-06-22,supply,snowyvalleys.nsw.gov.au,1
2026-06-22,supply,govmarket.com.au,1
2026-06-22,surprise,Sayed Mujahid Husain,1
2026-06-22,surprise,EVERYDAY CLIP,1
2026-06-22,surprise,Akshay Dilaik Vlogs,1
2026-06-22,sydney,smh.com.au,2
2026-06-22,sydney,cesphn.org.au,1
2026-06-22,sydney,swsphn.com.au,1
2026-06-22,sydney,sydneynorthhealthnetwork.org.au,1
2026-06-22,system,timesnewsgroup.com.au,2
2026-06-22,system,Paradigm Thrasher,1
2026-06-22,system,Strange Science HQ ,1
2026-06-22,system,Jolina Wong,1
2026-06-22,system,Sky News,1
2026-06-22,system,Toxic Fluoride,1
2026-06-22,systems,WCIA News,1
2026-06-22,systems,Dr. Leslie Treece,1
2026-06-22,systems,nationaltribune.com.au,1
2026-06-22,systems,aol.com,1
2026-06-22,systems,water2water.com.au,1
2026-06-22,takes,theindiansun.com.au,2
2026-06-22,takes,Rebel News,1
2026-06-22,talks,American Academy of Pediatrics,1
2026-06-22,talks,thehealthybelly,1
2026-06-22,talks,Save Yourself with Dr. Amy Shah ,1
2026-06-22,tap,The Gut Code ,2
2026-06-22,tap,KWQC News,1
2026-06-22,tap,WiseMoney,1
2026-06-22,tap,Aleks Fidurski,1
2026-06-22,tap,healthreelm,1
2026-06-22,tap,Ali Malik,1
2026-06-22,tap,The Robb Carter Show,1
2026-06-22,tap water,The Gut Code ,2
2026-06-22,tap water,KWQC News,1
2026-06-22,tap water,WiseMoney,1
2026-06-22,tap water,Aleks Fidurski,1
2026-06-22,tap water,healthreelm,1
2026-06-22,tap water,Ali Malik,1
2026-06-22,tap water,The Robb Carter Show,1
2026-06-22,targets,10 News,1
2026-06-22,targets,doherty.edu.au,1
2026-06-22,targets,miragenews.com,1
2026-06-22,teeth,dian shaw,1
2026-06-22,teeth,My Mobile Dentist Battle,1
2026-06-22,teeth,KC Complete Fighter ,1
2026-06-22,teeth, DentBloom ,1
2026-06-22,teeth,ST.MOTHER TERESA DENTAL AND COSMETIC CLINIC,1
2026-06-22,teeth,Forever With Trisha,1
2026-06-22,teeth,Rest is History ,1
2026-06-22,teeth,Dental Designs Clinic,1
2026-06-22,teeth,msn.com,1
2026-06-22,tetanus,RC REDDY IAS STUDY CIRCLE,1
2026-06-22,tetanus,Rainbow Children’s Hospital & BirthRight,1
2026-06-22,tetanus,Kulen Elephant Family,1
2026-06-22,tetanus,pbs.gov.au,1
2026-06-22,tga,Sky News Australia,1
2026-06-22,tga,loopfission,1
2026-06-22,tga,mvec.mcri.edu.au,1
2026-06-22,there's,nine.com.au,2
2026-06-22,there's,narranderaargus.com.au,1
2026-06-22,they're,Signal From Tomorrow,1
2026-06-22,they're,Zackattack Studios,1
2026-06-22,they're,loopfission,1
2026-06-22,think,TruthFoundry,1
2026-06-22,think,Mr_AAHIL,1
2026-06-22,think,Zackattack Studios,1
2026-06-22,think,Dark Finance ,1
2026-06-22,third,The Veritas Project ,2
2026-06-22,third,ADELINE ATLAS,1
2026-06-22,third,VOID ABYSS,1
2026-06-22,third,Soul Healer,1
2026-06-22,third,northernbeachesreview.com.au,1
2026-06-22,third eye,The Veritas Project ,2
2026-06-22,third eye,ADELINE ATLAS,1
2026-06-22,third eye,VOID ABYSS,1
2026-06-22,thousands,International Relations,1
2026-06-22,thousands,loopfission,1
2026-06-22,thousands,miragenews.com,1
2026-06-22,time,mvec.mcri.edu.au,2
2026-06-22,time,Shihtzufamily ,1
2026-06-22,time,GJhogfarm,1
2026-06-22,time,Jmk Vet,1
2026-06-22,time,miragenews.com,1
2026-06-22,times,timesnewsgroup.com.au,5
2026-06-22,times,thetimes.com.au,2
2026-06-22,times,coonambletimes.com.au,1
2026-06-22,tiny,Ajith Narayanankutty,2
2026-06-22,tiny,nationaltribune.com.au,1
2026-06-22,tips,stanmorepharmacy.com.au,2
2026-06-22,tips,Dr. Likhita Dasari,1
2026-06-22,today,Ajith Narayanankutty,2
2026-06-22,today,WakeUpAlert,2
2026-06-22,today,bloomsthechemist.com.au,2
2026-06-22,today,Soul Healer,1
2026-06-22,today,JEN ZII,1
2026-06-22,today,Joining Hands In Health,1
2026-06-22,today,Pinay Prenny in South Australia,1
2026-06-22,today,medicinetoday.com.au,1
2026-06-22,today,psychologytoday.com,1
2026-06-22,today,au.investing.com,1
2026-06-22,today tonight,WakeUpAlert,2
2026-06-22,today tonight,Joining Hands In Health,1
2026-06-22,tomorrow,Ajith Narayanankutty,2
2026-06-22,tomorrow,Robertos1987,1
2026-06-22,tonight,WakeUpAlert,2
2026-06-22,tonight,Joining Hands In Health,1
2026-06-22,tooth,Peachyfind,1
2026-06-22,tooth,Harmony Pediatrics,1
2026-06-22,tooth,Core Pre-Health Science Explainers,1
2026-06-22,toothpaste,Sarah Torrence ,4
2026-06-22,toothpaste,NOBS,2
2026-06-22,toothpaste,everyday.com.au,2
2026-06-22,toothpaste,Boost Health Body,1
2026-06-22,toothpaste,Dr. AntIHero MD,1
2026-06-22,toothpaste,Health 360 simplified,1
2026-06-22,toothpaste,Pristine Smiles Dental,1
2026-06-22,toothpaste,Caries and fairies,1
2026-06-22,toothpaste,michifinds,1
2026-06-22,toothpaste,DR BERG DC HEALTH ,1
2026-06-22,toothpaste,Peachyfind,1
2026-06-22,toothpaste,Adam Rounisto Reviews,1
2026-06-22,toothpaste,Sunflour Academy of Gluten Free Fusion,1
2026-06-22,toothpaste,Nick Conte,1
2026-06-22,toothpaste,Scientific death,1
2026-06-22,toothpaste,Rhose Vlog,1
2026-06-22,toothpaste,silkyauday,1
2026-06-22,toothpaste,VOID ABYSS,1
2026-06-22,toothpaste,Dr. Isaac Jones,1
2026-06-22,toothpaste,Taylor the Saver,1
2026-06-22,toothpaste,Jessica Reviews,1
2026-06-22,toothpaste,The Menopausal Mom,1
2026-06-22,toothpaste,Epic Reviewz,1
2026-06-22,toothpaste,The Trend Marketplace,1
2026-06-22,toothpaste,Skylox Transit,1
2026-06-22,toothpaste,Les Farley's Odds And Ends,1
2026-06-22,toothpaste,Straight Up Reviews,1
2026-06-22,toothpaste,The Mama Dentist,1
2026-06-22,toothpaste,Knot at the spot,1
2026-06-22,toothpaste,HABA By Conroy,1
2026-06-22,toothpaste,Oral Science,1
2026-06-22,toothpaste,Lung Transplant Nation,1
2026-06-22,toothpaste,ifern Virginia USA,1
2026-06-22,toothpaste,Greater Long Island Dental,1
2026-06-22,toothpaste,Health Science,1
2026-06-22,toothpaste,Sehat Byte,1
2026-06-22,toothpaste,Dr Roshan Rayen,1
2026-06-22,toothpaste,Dark Finance ,1
2026-06-22,toothpaste,Teeth Talk Girl,1
2026-06-22,toothpaste,Ramese Sanders,1
2026-06-22,toothpaste,Foot Patrol & Aviation Australia,1
2026-06-22,toothpaste,Genuine Tech,1
2026-06-22,toothpaste,pat.the.dentist,1
2026-06-22,toothpaste,Alex goes Coconuts,1
2026-06-22,toothpaste,iOLANDE MELODY,1
2026-06-22,toothpaste,cutpriceonline.com.au,1
2026-06-22,toothpaste,biovea.com,1
2026-06-22,toothpaste fluoride-free,Knot at the spot,1
2026-06-22,toothpaste fluoride-free,ifern Virginia USA,1
2026-06-22,toothpaste fluoride-free,biovea.com,1
2026-06-22,toothpaste review,michifinds,1
2026-06-22,toothpaste review,Peachyfind,1
2026-06-22,toothpaste review,Foot Patrol & Aviation Australia,1
2026-06-22,top,Compared Tools,1
2026-06-22,top,Kidz Heaven,1
2026-06-22,top,Relative Tools,1
2026-06-22,top,Fluoride Free Australia,1
2026-06-22,top,Rank On Top,1
2026-06-22,top best,Compared Tools,1
2026-06-22,top best,Relative Tools,1
2026-06-22,top best,Rank On Top,1
2026-06-22,total,michifinds,1
2026-06-22,total,Skylox Transit,1
2026-06-22,total,everyday.com.au,1
2026-06-22,toxic,Fluoride Free Australia,3
2026-06-22,toxic,Hidden Health Info,2
2026-06-22,toxic,Dr. Gina Nick,1
2026-06-22,toxic,Monz on the Mic,1
2026-06-22,toxic,Jim Feijo,1
2026-06-22,toxic,Ali Malik,1
2026-06-22,toxic,Brenda Staudenmaier,1
2026-06-22,toxic,The Gut Code ,1
2026-06-22,toxic,Dark Finance ,1
2026-06-22,toxic byproduct,Hidden Health Info,2
2026-06-22,toxic byproduct,Dr. Gina Nick,1
2026-06-22,toxic byproduct,Monz on the Mic,1
2026-06-22,toxic byproduct,Jim Feijo,1
2026-06-22,toxic waste,Fluoride Free Australia,1
2026-06-22,toxic waste,Brenda Staudenmaier,1
2026-06-22,toxic waste,The Gut Code ,1
2026-06-22,toxicity,Fluoride Free Australia,2
2026-06-22,toxicity,Toxic Fluoride,1
2026-06-22,toxicity presentation,Fluoride Free Australia,2
2026-06-22,toxicity presentation,Toxic Fluoride,1
2026-06-22,travel,msn.com,2
2026-06-22,travel,medileave.com.au,1
2026-06-22,travel,travelvax.com.au,1
2026-06-22,travel,balgowlahvillagemedicalpractice.com.au,1
2026-06-22,treatment,Michigan EGLE,1
2026-06-22,treatment,Vet Info,1
2026-06-22,treatment,Dr Mony ,1
2026-06-22,treatment,loopfission,1
2026-06-22,treatment,nt.gov.au,1
2026-06-22,treatment,miragenews.com,1
2026-06-22,treatment,msn.com,1
2026-06-22,treatment,oceanmedical.com.au,1
2026-06-22,treatment,crownstmedicalcentre.com.au,1
2026-06-22,trending,Vet Info,13
2026-06-22,trending,Nursinglife22,3
2026-06-22,trending,nursemadam,1
2026-06-22,trending,Sangita Odia vlogger ,1
2026-06-22,trending,Grant Stinchfield,1
2026-06-22,trending,Nanichinni daily vlogs,1
2026-06-22,trending,uma daily life,1
2026-06-22,trending,MISTI  MONA  VLOG,1
2026-06-22,trending,Akanksha Mishra,1
2026-06-22,trending,SKT Fact,1
2026-06-22,trending,New Born,1
2026-06-22,trending,AK Insights,1
2026-06-22,trial,WION,1
2026-06-22,trial,NBC News,1
2026-06-22,trial,village-voice.com.au,1
2026-06-22,trust,Text form Evidence,1
2026-06-22,trust,Graig Weich BeyondComics. TV,1
2026-06-22,trust,msn.com,1
2026-06-22,trust,miragenews.com,1
2026-06-22,truth,Dr. Gina Nick,1
2026-06-22,truth,Jim Feijo,1
2026-06-22,truth,Truth AWaken,1
2026-06-22,truth,The Dr Kumar Discovery,1
2026-06-22,truth,Save Yourself with Dr. Amy Shah ,1
2026-06-22,truth,DR BERG DC HEALTH ,1
2026-06-22,truth,Grant Stinchfield,1
2026-06-22,truth,Dr Diaguard,1
2026-06-22,truth,Blonde Majority,1
2026-06-22,truth,Emma Voysey Health,1
2026-06-22,truth,EVERYDAY CLIP,1
2026-06-22,truth,GP Orthodontic Tips - StraightSmile Solutions,1
2026-06-22,truth,Itlu Mee Jaffar,1
2026-06-22,truth,Dental Designs Clinic,1
2026-06-22,truth,Marcus Denning,1
2026-06-22,truth,TheSteepSix,1
2026-06-22,twc,ajp.com.au,1
2026-06-22,twc,retailpharmacymagazine.com.au,1
2026-06-22,twc,pharmacydaily.com.au,1
2026-06-22,two,miragenews.com,2
2026-06-22,two,newshub.medianet.com.au,1
2026-06-22,type,DigitalLove13,2
2026-06-22,type,g0nnr,1
2026-06-22,type,prod. rxhff,1
2026-06-22,type,wingsxrra,1
2026-06-22,type,floatyboat,1
2026-06-22,type,TCLawyer,1
2026-06-22,type,othrsde,1
2026-06-22,type,dead yami,1
2026-06-22,type,Alteg ,1
2026-06-22,type beat,DigitalLove13,2
2026-06-22,type beat,g0nnr,1
2026-06-22,type beat,prod. rxhff,1
2026-06-22,type beat,wingsxrra,1
2026-06-22,type beat,floatyboat,1
2026-06-22,type beat,TCLawyer,1
2026-06-22,type beat,othrsde,1
2026-06-22,type beat,dead yami,1
2026-06-22,type beat,Alteg ,1
2026-06-22,university,newcastle.edu.au,2
2026-06-22,university,Loma Linda University Health,1
2026-06-22,university,The Advertiser,1
2026-06-22,university,findanexpert.unimelb.edu.au,1
2026-06-22,university,rmit.edu.au,1
2026-06-22,university,thewest.com.au,1
2026-06-22,update,crownstmedicalcentre.com.au,2
2026-06-22,update,oceanmedical.com.au,2
2026-06-22,update,cesphn.org.au,2
2026-06-22,update,9NEWS,1
2026-06-22,update,medicalrepublic.com.au,1
2026-06-22,update,health.wa.gov.au,1
2026-06-22,updated,mvec.mcri.edu.au,2
2026-06-22,updated,Robertos1987,1
2026-06-22,updates,buckland-rv.com.au,1
2026-06-22,updates,healthhub.hif.com.au,1
2026-06-22,updates,racgp.org.au,1
2026-06-22,updates,pharmadispatch.com,1
2026-06-22,uptake,thewest.com.au,2
2026-06-22,uptake,nationaltribune.com.au,1
2026-06-22,urged,westernplainsapp.com.au,2
2026-06-22,urged,murraypioneer.com.au,1
2026-06-22,urged,myallcoast.newsofthearea.com.au,1
2026-06-22,urgent,adelaidenow.com.au,1
2026-06-22,urgent,themercury.com.au,1
2026-06-22,urgent,couriermail.com.au,1
2026-06-22,urgent warning,adelaidenow.com.au,1
2026-06-22,urgent warning,themercury.com.au,1
2026-06-22,urgent warning,couriermail.com.au,1
2026-06-22,urges,Wheatbelt-woman,1
2026-06-22,urges,ama.com.au,1
2026-06-22,urges,miragenews.com,1
2026-06-22,use,The Process,1
2026-06-22,use,Furnace Of Adversity Ba,1
2026-06-22,use,Waboche,1
2026-06-22,use,Forbes Breaking News,1
2026-06-22,use,are you sick of the srp and aps for overprice,1
2026-06-22,use,msn.com,1
2026-06-22,using,miragenews.com,2
2026-06-22,using,WakeUpAlert,1
2026-06-22,using,AnnaBanana-y,1
2026-06-22,vaccinate,Redacted,1
2026-06-22,vaccinate,Vet Info,1
2026-06-22,vaccinate,omer qasimzade,1
2026-06-22,vaccinate,msn.com,1
2026-06-22,vaccinated,"Australian Dept of Health, Disability and Ageing",2
2026-06-22,vaccinated,mvec.mcri.edu.au,2
2026-06-22,vaccinated,The Midnight Pharmacy,1
2026-06-22,vaccinated,OCEAN_D KOMIC Tv,1
2026-06-22,vaccinated,The Bony Nurse,1
2026-06-22,vaccinated,adelaidenow.com.au,1
2026-06-22,vaccinated,themercury.com.au,1
2026-06-22,vaccinated,narranderaargus.com.au,1
2026-06-22,vaccination day,Prilove,1
2026-06-22,vaccination day,Bangaru Babu Diaries ,1
2026-06-22,vaccination day,Irish Franco,1
2026-06-22,vaccination day,manopraba life journey with Sai ma,1
2026-06-22,vaccination day,Lights on food,1
2026-06-22,vaccination day,Rohan Preeti Vlogs ,1
2026-06-22,vaccination day,Aakriti Dahal,1
2026-06-22,vaccination day,Dr Shirish Deshpande,1
2026-06-22,vaccination day,LENZING WEEKLY,1
2026-06-22,vaccination day,Akshay Dilaik Vlogs,1
2026-06-22,vaccination day,Amar and Nisha Vlogs,1
2026-06-22,vaccination day,NAYANA VARIYATH,1
2026-06-22,vaccination day,#Komalpalkarvlogs,1
2026-06-22,vaccination done,Vet Info,2
2026-06-22,vaccination done,Karuppan & CO,1
2026-06-22,vaccination matters,Medanta,1
2026-06-22,vaccination matters,The Midnight Pharmacy,1
2026-06-22,vaccination matters,TerryWhite Chemmart Paragon ,1
2026-06-22,vaccination part,wyndham.starweekly.com.au,2
2026-06-22,vaccination part,starweekly.com.au,1
2026-06-22,vaccination program,govmarket.com.au,5
2026-06-22,vaccination program,Vet Info,2
2026-06-22,vaccination program,australiantenders.com.au,2
2026-06-22,vaccination program,CTV News,1
2026-06-22,vaccination program,The Midnight Pharmacy,1
2026-06-22,vaccination program,Street Dog Planet44,1
2026-06-22,vaccination program,9 News Australia,1
2026-06-22,vaccination program,loopfission,1
2026-06-22,vaccination shorts,Vet Info,2
2026-06-22,vaccination shorts,nursemadam,1
2026-06-22,vaccination shorts,Nurse didi,1
2026-06-22,vaccination shorts,Ridoy story ,1
2026-06-22,vaccination trending,Vet Info,2
2026-06-22,vaccination trending,Akanksha Mishra,1
2026-06-22,vaccinations,interconnecthealthcare.com.au,2
2026-06-22,vaccinations,Kylan Heiner | Space to Thrive,1
2026-06-22,vaccinations,Strange Science HQ ,1
2026-06-22,vaccinations,House Clips Clips,1
2026-06-22,vaccinations,KOIN 6,1
2026-06-22,vaccinations,Haan Health Medical Centre,1
2026-06-22,vaccinations,Malcolm Roberts,1
2026-06-22,vaccinations,AcornAl,1
2026-06-22,vaccinations,loopfission,1
2026-06-22,vaccinations,Robertos1987,1
2026-06-22,vaccinations,medileave.com.au,1
2026-06-22,vaccinations,healthed-test.kiratech.com.au,1
2026-06-22,vaccinations,balgowlahvillagemedicalpractice.com.au,1
2026-06-22,vaccinations,racgp.org.au,1
2026-06-22,vaccinations,quinnsmindariesuperclinic.com.au,1
2026-06-22,vaccinations,govmarket.com.au,1
2026-06-22,vaccinations,miragenews.com,1
2026-06-22,vaccinations,connectweb.com.au,1
2026-06-22,vaccinations,newshub.medianet.com.au,1
2026-06-22,vaccine cuts,miragenews.com,2
2026-06-22,vaccine cuts,The Logical Indian,1
2026-06-22,vaccine day,Akash & priti,1
2026-06-22,vaccine day,IsabellaCoronel,1
2026-06-22,vaccine day,Ica-chu the Pug,1
2026-06-22,vaccine deaths,The Insight Crafter,1
2026-06-22,vaccine deaths,Grant Stinchfield,1
2026-06-22,vaccine deaths,Flashlights,1
2026-06-22,vaccine deaths,Crossfire Stories,1
2026-06-22,vaccine deaths,Owen Report,1
2026-06-22,vaccine deaths,The Daily Signal,1
2026-06-22,vaccine deaths,Sky News Australia,1
2026-06-22,vaccine hesitancy,miragenews.com,2
2026-06-22,vaccine hesitancy,JOWMA,1
2026-06-22,vaccine injection,Vet Info,1
2026-06-22,vaccine injection,Hatchery Solution,1
2026-06-22,vaccine injection,Kaylee and Daddy ,1
2026-06-22,vaccine injection,Nursinglife22,1
2026-06-22,vaccine lies,BioTech Informant,1
2026-06-22,vaccine lies,Adam Allred Official,1
2026-06-22,vaccine lies,Uncommon Ground,1
2026-06-22,vaccine lies,Social Society w/ Brandon Clark,1
2026-06-22,vaccine lies,The Discourse w/Brandon Clark,1
2026-06-22,vaccine lies,Dr. John Campbell,1
2026-06-22,vaccine mandate,FlashGrid News,1
2026-06-22,vaccine mandate,Rebel News,1
2026-06-22,vaccine mandate,Herzog Foundation,1
2026-06-22,vaccine mandate,The Mark Thompson Show,1
2026-06-22,vaccine may,OTV,1
2026-06-22,vaccine may,WCVB Channel 5 Boston,1
2026-06-22,vaccine may,miragenews.com,1
2026-06-22,vaccine rates,ABC News (Australia),1
2026-06-22,vaccine rates,9 News Australia,1
2026-06-22,vaccine rates,10 News,1
2026-06-22,vaccine rates,thenewdaily.com.au,1
2026-06-22,vaccine requirement,msn.com,2
2026-06-22,vaccine requirement,MS NOW,1
2026-06-22,vaccine rollout,ITV News,1
2026-06-22,vaccine rollout,couriermail.com.au,1
2026-06-22,vaccine rollout,goldcoastbulletin.com.au,1
2026-06-22,vaccine schedules,American Academy of Pediatrics,1
2026-06-22,vaccine schedules,Loma Linda University Health,1
2026-06-22,vaccine schedules,Quentin & Vanessa Jiles,1
2026-06-22,vaccine schedules,KPBS Public Media,1
2026-06-22,vaccine shorts,Sangita Odia vlogger ,1
2026-06-22,vaccine shorts,Nursinglife22,1
2026-06-22,vaccine shorts,Vet Info,1
2026-06-22,vaccine today,bloomsthechemist.com.au,2
2026-06-22,vaccine today,Pinay Prenny in South Australia,1
2026-06-22,vaccines,msn.com,3
2026-06-22,vaccines,The Midnight Pharmacy,2
2026-06-22,vaccines,dpird.nsw.gov.au,2
2026-06-22,vaccines,airr.com.au,2
2026-06-22,vaccines,perthnow.com.au,2
2026-06-22,vaccines,DW News,1
2026-06-22,vaccines,Kanooni Adhikar,1
2026-06-22,vaccines,Aaj Ki Baat,1
2026-06-22,vaccines,Kylan Heiner | Space to Thrive,1
2026-06-22,vaccines,hbomberguy,1
2026-06-22,vaccines,Lawtinum,1
2026-06-22,vaccines,Dr. Misha Kogan,1
2026-06-22,vaccines,Jonathan Howard,1
2026-06-22,vaccines,FullSpoiler [EN],1
2026-06-22,vaccines,Young Ancestor,1
2026-06-22,vaccines,golden clips ,1
2026-06-22,vaccines,My Top Show,1
2026-06-22,vaccines,The mother Doctor,1
2026-06-22,vaccines,Dr. David MD,1
2026-06-22,vaccines,UMN Office of Academic Clinical Affairs,1
2026-06-22,vaccines,DrMoni Nicu Babies,1
2026-06-22,vaccines,Vet Info,1
2026-06-22,vaccines,The Economic Times,1
2026-06-22,vaccines,Patiala Hospital ,1
2026-06-22,vaccines,Monica Robins,1
2026-06-22,vaccines,Let’s be real 101,1
2026-06-22,vaccines,Rainbow Children’s Hospital & BirthRight,1
2026-06-22,vaccines,HEALTH-HEALTH: 245k views : 3hours ago...,1
2026-06-22,vaccines,Dr. Tommy Martin,1
2026-06-22,vaccines,TerryWhite Chemmart Paragon ,1
2026-06-22,vaccines,Aaron Parnas,1
2026-06-22,vaccines,Onision,1
2026-06-22,vaccines,Dr. Leslie Treece,1
2026-06-22,vaccines,Sydney Children's Hospitals Network,1
2026-06-22,vaccines,Choiyie,1
2026-06-22,vaccines,"J ""Fast AF"" Whiite",1
2026-06-22,vaccines,AcornAl,1
2026-06-22,vaccines,loopfission,1
2026-06-22,vaccines,PLUTO_HAS_COME_BACK,1
2026-06-22,vaccines,hotdoc.com.au,1
2026-06-22,vaccines,scots.nsw.edu.au,1
2026-06-22,vaccines,premier.vic.gov.au,1
2026-06-22,vaccines,miragenews.com,1
2026-06-22,vaccines,nationaltribune.com.au,1
2026-06-22,vaccines,swsphn.com.au,1
2026-06-22,vaccines,classicwayfamilypractice.com.au,1
2026-06-22,vaccines protecting,The Midnight Pharmacy,2
2026-06-22,vaccines protecting,TerryWhite Chemmart Paragon ,1
2026-06-22,vaccines protecting,classicwayfamilypractice.com.au,1
2026-06-22,vaers,The Insight Crafter,1
2026-06-22,vaers,Clipoo-mania,1
2026-06-22,vaers,Charismatic Studio,1
2026-06-22,vax,The Hill,1
2026-06-22,vax,Graig Weich BeyondComics. TV,1
2026-06-22,vax,Charismatic Studio,1
2026-06-22,vax,Redacted,1
2026-06-22,vax,saraharchie93,1
2026-06-22,version,Fluoride Free Australia,2
2026-06-22,version,𝐆𝐑,1
2026-06-22,vet,Ridoy story ,1
2026-06-22,vet,omer qasimzade,1
2026-06-22,vet,Vet Dr. Sagir Uddin Ahmed,1
2026-06-22,victoria,theindiansun.com.au,2
2026-06-22,victoria,manmonthly.com.au,2
2026-06-22,victoria,premier.vic.gov.au,1
2026-06-22,victoria,australianmanufacturing.com.au,1
2026-06-22,victoria,nationaltribune.com.au,1
2026-06-22,victoria backs,theindiansun.com.au,2
2026-06-22,victoria backs,manmonthly.com.au,2
2026-06-22,video,nursemadam,1
2026-06-22,video,JHANSI LAKSHMI PETS,1
2026-06-22,video,Nurse didi,1
2026-06-22,video,Dr Diaguard,1
2026-06-22,video,uma daily life,1
2026-06-22,video,MISTI  MONA  VLOG,1
2026-06-22,video,Organic Oases Penang,1
2026-06-22,video,Sukhpreet Singh,1
2026-06-22,video,"Australian Dept of Health, Disability and Ageing",1
2026-06-22,video,health.gov.au,1
2026-06-22,viral,Sarah Torrence ,4
2026-06-22,viral,Nursinglife22,3
2026-06-22,viral,My Chem Academy ,1
2026-06-22,viral,JHANSI LAKSHMI PETS,1
2026-06-22,viral,Ami Prameli,1
2026-06-22,viral,Anvi cutediaries,1
2026-06-22,viral,PSM Simplified: Community Medicine & Research,1
2026-06-22,viral,    MummaKi_Gudiya,1
2026-06-22,viral,itz_deepu_Vlogs,1
2026-06-22,viral,Akash & priti,1
2026-06-22,viral,Nanichinni daily vlogs,1
2026-06-22,viral,Vet Info,1
2026-06-22,viral,MISTI  MONA  VLOG,1
2026-06-22,viral,Akanksha Mishra,1
2026-06-22,viral,SKT Fact,1
2026-06-22,viral,Newborn Diaries,1
2026-06-22,viral,AK Insights,1
2026-06-22,viral,Tahir poultry farm ,1
2026-06-22,viral,"Dr.GAMPALA SIRISHA,Gynaecologist",1
2026-06-22,viral trending,Nursinglife22,3
2026-06-22,viral trending,Nanichinni daily vlogs,1
2026-06-22,viral trending,AK Insights,1
2026-06-22,viralvideo,MrZidi,1
2026-06-22,viralvideo,Nurse didi,1
2026-06-22,viralvideo,Sai charanya Badavath ,1
2026-06-22,viralvideo,Cute Richie Tales,1
2026-06-22,viralvideo,Sistrology Memories,1
2026-06-22,viralvideo,Sasi murugan lifestyle ,1
2026-06-22,virus,miragenews.com,3
2026-06-22,virus,pbs.gov.au,2
2026-06-22,virus,Thanthi TV,1
2026-06-22,virus,bigrigs.com.au,1
2026-06-22,virus vaccine,pbs.gov.au,2
2026-06-22,virus vaccine,Thanthi TV,1
2026-06-22,viruses,newcastle.edu.au,2
2026-06-22,viruses,sbs.com.au,2
2026-06-22,viruses,nationaltribune.com.au,1
2026-06-22,viruses,miragenews.com,1
2026-06-22,viruses,studocu.com,1
2026-06-22,visit,Sathyadev and Vaishali,1
2026-06-22,visit,Karuppan & CO,1
2026-06-22,visit,The Robb Carter Show,1
2026-06-22,visit,withswa,1
2026-06-22,vlog,Prilove,1
2026-06-22,vlog,Nanichinni daily vlogs,1
2026-06-22,vlog,Mr & mrs sengar family vlog,1
2026-06-22,vlog,Rohan Preeti Vlogs ,1
2026-06-22,vlog,Karuppan & CO,1
2026-06-22,vlog,Choiyie,1
2026-06-22,vlog,Pinay Prenny in South Australia,1
2026-06-22,want,FZN Cosmos,1
2026-06-22,want,Chris Aussie,1
2026-06-22,want,Adelaide UHF,1
2026-06-22,wants,Sky News,1
2026-06-22,wants,Dr Maria Florou,1
2026-06-22,wants,Toxic Fluoride,1
2026-06-22,warn,msn.com,2
2026-06-22,warn,WAFF 48 News & Weather,1
2026-06-22,warning,10 News,1
2026-06-22,warning,adelaidenow.com.au,1
2026-06-22,warning,themercury.com.au,1
2026-06-22,warning,couriermail.com.au,1
2026-06-22,warning,riverineherald.com.au,1
2026-06-22,warning,sheppnews.com.au,1
2026-06-22,warning,abc.net.au,1
2026-06-22,warning,msn.com,1
2026-06-22,warns,wangarattachronicle.com.au,2
2026-06-22,warns,miragenews.com,1
2026-06-22,warns,nine.com.au,1
2026-06-22,warns,cairnspost.com.au,1
2026-06-22,waste,The Gut Code ,2
2026-06-22,waste,Fluoride Free Australia,1
2026-06-22,waste,Furnace Of Adversity Ba,1
2026-06-22,waste,Waboche,1
2026-06-22,waste,Christian Cat,1
2026-06-22,waste,:BananenRepublik in Deutschland,1
2026-06-22,waste,Brenda Staudenmaier,1
2026-06-22,waste,Voting Matters,1
2026-06-22,watch,sbs.com.au,2
2026-06-22,watch,Water Filter Guru,1
2026-06-22,watch,Toxic Fluoride,1
2026-06-22,watch,msn.com,1
2026-06-22,water filters,CNN,1
2026-06-22,water filters,Rank On Top,1
2026-06-22,water filters,Water Filter Guru,1
2026-06-22,water supply,Toxic Fluoride,3
2026-06-22,water supply,ABC News (Australia),2
2026-06-22,water supply,Brenda Staudenmaier,1
2026-06-22,water supply,Voting Matters,1
2026-06-22,water supply,Ana Gabriel Ritmos y Sentimientos,1
2026-06-22,water supply,boytoymichelle,1
2026-06-22,water supply,Jason Active,1
2026-06-22,water supply,snowyvalleys.nsw.gov.au,1
2026-06-22,water systems,WCIA News,1
2026-06-22,water systems,Dr. Leslie Treece,1
2026-06-22,water systems,aol.com,1
2026-06-22,way,The mother Doctor,1
2026-06-22,way,:BananenRepublik in Deutschland,1
2026-06-22,way,premier.vic.gov.au,1
2026-06-22,way,nationaltribune.com.au,1
2026-06-22,webinar,mvec.mcri.edu.au,2
2026-06-22,webinar,sydneynorthhealthnetwork.org.au,1
2026-06-22,weekly,mike_honey,6
2026-06-22,weekly,wyndham.starweekly.com.au,3
2026-06-22,weekly,starweekly.com.au,1
2026-06-22,weekly,brimbanknorthwest.starweekly.com.au,1
2026-06-22,weight,miragenews.com,3
2026-06-22,weight,couriermail.com.au,1
2026-06-22,weight loss,miragenews.com,3
2026-06-22,weight loss,couriermail.com.au,1
2026-06-22,weight-loss,msn.com,1
2026-06-22,weight-loss,theaustralian.com.au,1
2026-06-22,weight-loss,abc.net.au,1
2026-06-22,welcomes,newshub.medianet.com.au,1
2026-06-22,welcomes,racgp.org.au,1
2026-06-22,welcomes,nationaltribune.com.au,1
2026-06-22,well,indailysa.com.au,2
2026-06-22,well,NOBS,1
2026-06-22,west,wyndham.starweekly.com.au,1
2026-06-22,west,brimbanknorthwest.starweekly.com.au,1
2026-06-22,west,firstnationsnews.com.au,1
2026-06-22,western,wa.gov.au,2
2026-06-22,western,westernplainsapp.com.au,2
2026-06-22,western,FluorideFreeWA Perth,1
2026-06-22,western,swsphn.com.au,1
2026-06-22,what's,DW News,1
2026-06-22,what's,Forbes Breaking News,1
2026-06-22,what's,The Robb Carter Show,1
2026-06-22,what's,Toxic Fluoride,1
2026-06-22,what's,askmygp.com.au,1
2026-06-22,whitening,Peachyfind,1
2026-06-22,whitening,The Menopausal Mom,1
2026-06-22,whitening,Epic Reviewz,1
2026-06-22,whitening,Skylox Transit,1
2026-06-22,whitening,cutpriceonline.com.au,1
2026-06-22,whitening,everyday.com.au,1
2026-06-22,whitening toothpaste,Peachyfind,1
2026-06-22,whitening toothpaste,The Menopausal Mom,1
2026-06-22,whitening toothpaste,Epic Reviewz,1
2026-06-22,whole,Water Filter Guru,2
2026-06-22,whole,Whole Family Medicine,1
2026-06-22,whole,AquaCo Water Filters Australia,1
2026-06-22,whole,researchportal.scu.edu.au,1
2026-06-22,whole house,Water Filter Guru,2
2026-06-22,whole house,AquaCo Water Filters Australia,1
2026-06-22,winter,"Australian Dept of Health, Disability and Ageing",4
2026-06-22,winter,msn.com,2
2026-06-22,winter,wyndham.starweekly.com.au,2
2026-06-22,winter,newshub.medianet.com.au,2
2026-06-22,winter,wa.gov.au,2
2026-06-22,winter,timesnewsgroup.com.au,2
2026-06-22,winter,westernplainsapp.com.au,2
2026-06-22,winter,stanmorepharmacy.com.au,2
2026-06-22,winter,The Bony Nurse,1
2026-06-22,winter,starweekly.com.au,1
2026-06-22,winter,racgp.org.au,1
2026-06-22,winter,nationaltribune.com.au,1
2026-06-22,winter,wataganparkpharmacy.com,1
2026-06-22,winter,health.gov.au,1
2026-06-22,winter,cairnspost.com.au,1
2026-06-22,winter,miragenews.com,1
2026-06-22,winter,connectweb.com.au,1
2026-06-22,winter get,"Australian Dept of Health, Disability and Ageing",2
2026-06-22,winter get,The Bony Nurse,1
2026-06-22,winter health,wyndham.starweekly.com.au,2
2026-06-22,winter health,stanmorepharmacy.com.au,2
2026-06-22,winter health,starweekly.com.au,1
2026-06-22,winter vaccination,"Australian Dept of Health, Disability and Ageing",2
2026-06-22,winter vaccination,health.gov.au,1
2026-06-22,winter vaccinations,miragenews.com,1
2026-06-22,winter vaccinations,connectweb.com.au,1
2026-06-22,winter vaccinations,newshub.medianet.com.au,1
2026-06-22,without,Hank Green,1
2026-06-22,without,WAFF 48 News & Weather,1
2026-06-22,without,ABC News (Australia),1
2026-06-22,without,msf.org.au,1
2026-06-22,without,msn.com,1
2026-06-22,women,9NEWS,1
2026-06-22,women,NTV Kenya,1
2026-06-22,women,Channel 4 News,1
2026-06-22,women,The Logical Indian,1
2026-06-22,women,nationaltribune.com.au,1
2026-06-22,women,cesphn.org.au,1
2026-06-22,work,The Knowledge Hub 2026,1
2026-06-22,work,Project Farm,1
2026-06-22,work,Choiyie,1
2026-06-22,workplace,The Midnight Pharmacy,1
2026-06-22,workplace,TerryWhite Chemmart Paragon ,1
2026-06-22,workplace,wha.net.au,1
2026-06-22,works,The Hill,1
2026-06-22,works,Jolina Wong,1
2026-06-22,works, used to be a bartender at the borgata ,1
2026-06-22,works,The Damage Report,1
2026-06-22,works,Straight Up Reviews,1
2026-06-22,works,citynews.com.au,1
2026-06-22,world,TheOmeganews,1
2026-06-22,world,apnews.com,1
2026-06-22,world,travelvax.com.au,1
2026-06-22,world's,Brain Desk,1
2026-06-22,world's,Let's Crack UPSC CSE Hindi,1
2026-06-22,world's,citynews.com.au,1
2026-06-22,world's,puffnstuff.com.au,1
2026-06-22,world's first,Brain Desk,1
2026-06-22,world's first,Let's Crack UPSC CSE Hindi,1
2026-06-22,world's first,citynews.com.au,1
2026-06-22,world's first,puffnstuff.com.au,1
2026-06-22,worth,The Ultimate Asset Podcast,1
2026-06-22,worth,michifinds,1
2026-06-22,worth,Genuine Tech,1
2026-06-22,would,Mobile Geezer,1
2026-06-22,would,Sky News Australia,1
2026-06-22,would,spectator.com.au,1
2026-06-22,would,nationaltribune.com.au,1
2026-06-22,year,msn.com,2
2026-06-22,year,mvec.mcri.edu.au,2
2026-06-22,year,The Sunken Timeline,1
2026-06-22,year,DOCTOR LIFE EXTENSION,1
2026-06-22,year,WAFF 48 News & Weather,1
2026-06-22,year,The Pet Food Files,1
2026-06-22,year,sheppnews.com.au,1
2026-06-22,year,miragenews.com,1
2026-06-22,year,gaza.com.au,1
2026-06-22,years,PLUTO_HAS_COME_BACK,2
2026-06-22,years,DW News,1
2026-06-22,years,NOBS,1
2026-06-22,years,msn.com,1
2026-06-22,years,lastwordonnothing.com,1
2026-06-22,you're,Redacted,1
2026-06-22,you're,Watch Read,1
2026-06-22,you're,nationaltribune.com.au,1
2026-06-22,young,au.news.yahoo.com,2
2026-06-22,young,Liz Gunn,1
2026-06-22,young,The Midnight Pharmacy,1
2026-06-22,young,Channel 4 News,1
2026-06-22,young,The Logical Indian,1
2026-06-22,young,savethechildren.org.au,1
2026-06-22,youtube,Vet Info,10
2026-06-22,youtube,Anvi cutediaries,1
2026-06-22,youtube,EVERYDAY CLIP,1
2026-06-22,youtube,New Born,1
2026-06-22,youtube,ElFrameRoll,1
2026-06-22,youtube,Nurse Chidera💉,1
2026-06-22,youtube,Pinay Prenny in South Australia,1
2026-06-22,youtubeshorts,Nursinglife22,1
2026-06-22,youtubeshorts,Sangita Odia vlogger ,1
2026-06-22,youtubeshorts,PSM Simplified: Community Medicine & Research,1
2026-06-22,youtubeshorts,Akash & priti,1
2026-06-22,youtubeshorts,MISTI  MONA  VLOG,1
2026-06-22,youtubeshorts,Rest is History ,1
2026-06-22,ytshorts,dch_official_,1
2026-06-22,ytshorts,Aseel rooster  Jahanzaib ,1
2026-06-22,ytshorts,itz_deepu_Vlogs,1
2026-06-22,ytshorts,Satendra Singh,1
2026-06-22,ytshorts,Sasi murugan lifestyle ,1
2026-06-22,ytshorts,withswa,1
2026-06-22,ytshorts,Girls Space,1
2026-06-22,ytshorts,Istiqomah,1
2026-06-22,ytshorts,Ankura Hospital for Women & Children,1
2026-06-22,ytshorts,"Dr.GAMPALA SIRISHA,Gynaecologist",1
