run_date,term,type,distinct_authors,posts,platforms,first_created_aest
2026-06-22,shorts,word,59,85,"YouTube, YouTube AU",2022-02-14
2026-06-22,covid,word,58,94,"Google Alerts, Reddit, YouTube, YouTube AU",2020-09-07
2026-06-22,health,word,54,66,"Google Alerts, Reddit, YouTube, YouTube AU",2021-06-29
2026-06-22,flu,word,50,76,"Google Alerts, YouTube, YouTube AU",2026-05-01
2026-06-22,toothpaste,word,47,52,"Google Alerts, YouTube, YouTube AU",2018-10-13
2026-06-22,vaccines,word,46,52,"Google Alerts, Reddit, YouTube, YouTube AU",2021-05-27
2026-06-22,baby,word,28,30,"Google Alerts, YouTube",2025-06-29
2026-06-22,new,word,27,29,"Google Alerts, Reddit, YouTube, YouTube AU",2021-01-10
2026-06-22,news,word,25,85,"Google Alerts, Reddit, YouTube, YouTube AU",2021-04-16
2026-06-22,cancer,word,22,26,"Google Alerts, YouTube, YouTube AU",2026-03-05
2026-06-22,covid vaccine,phrase,22,24,"Google Alerts, Reddit, YouTube, YouTube AU",2020-09-07
2026-06-22,fried,word,20,26,YouTube,2026-06-13
2026-06-22,fried fluoride,phrase,20,26,YouTube,2026-06-13
2026-06-22,get,word,20,24,"Google Alerts, Reddit, YouTube, YouTube AU",2026-01-22
2026-06-22,one,word,20,22,"Google Alerts, Reddit, YouTube, YouTube AU",2022-01-02
2026-06-22,viral,word,19,24,YouTube,2026-06-13
2026-06-22,vaccinations,word,19,20,"Google Alerts, Reddit, YouTube, YouTube AU",2021-09-12
2026-06-22,deaths,word,18,21,"Google Alerts, YouTube, YouTube AU",2021-01-17
2026-06-22,study,word,18,21,"Google Alerts, Reddit, YouTube, YouTube AU",2022-05-26
2026-06-22,winter,word,17,27,"Google Alerts, YouTube, YouTube AU",2026-05-01
2026-06-22,kids,word,17,22,"Google Alerts, Reddit, YouTube, YouTube AU",2013-05-07
2026-06-22,risk,word,17,20,"Google Alerts, Reddit, YouTube",2022-05-26
2026-06-22,fluoride-free,word,17,18,"Google Alerts, YouTube, YouTube AU",2018-10-13
2026-06-22,day,word,17,17,"YouTube, YouTube AU",2026-05-30
2026-06-22,australian,word,16,25,"Google Alerts, Reddit, YouTube AU",2010-10-08
2026-06-22,hpv,word,16,19,"Google Alerts, YouTube, YouTube AU",2026-06-06
2026-06-22,truth,word,16,16,"YouTube, YouTube AU",2010-10-10
2026-06-22,rsv,word,15,19,"Google Alerts, Reddit, YouTube AU",2026-02-04
2026-06-22,children,word,14,16,"Google Alerts, Reddit, YouTube, YouTube AU",2008-11-04
2026-06-22,flu vaccine,phrase,14,16,"Google Alerts, YouTube, YouTube AU",2026-05-27
2026-06-22,dog,word,14,14,"Google Alerts, YouTube",2026-06-13
2026-06-22,season,word,13,19,"Google Alerts, YouTube, YouTube AU",2026-05-01
2026-06-22,flu vaccination,phrase,13,17,"Google Alerts, YouTube",2026-06-12
2026-06-22,stop,word,13,15,"Google Alerts, YouTube, YouTube AU",2015-12-25
2026-06-22,care,word,13,14,"Google Alerts, Reddit, YouTube, YouTube AU",2022-04-06
2026-06-22,vaccination day,phrase,13,13,YouTube,2026-06-13
2026-06-22,diphtheria,word,13,13,"Google Alerts, YouTube, YouTube AU",2026-05-20
2026-06-22,trending,word,12,26,YouTube,2026-04-09
2026-06-22,hpv vaccine,phrase,12,15,"Google Alerts, YouTube, YouTube AU",2026-06-06
2026-06-22,first,word,12,14,"Google Alerts, YouTube",2026-06-12
2026-06-22,cervical,word,12,14,"Google Alerts, YouTube, YouTube AU",2026-06-13
2026-06-22,cervical cancer,phrase,12,14,"Google Alerts, YouTube, YouTube AU",2026-06-13
2026-06-22,best,word,12,13,"Google Alerts, YouTube, YouTube AU",2023-12-25
2026-06-22,doctor,word,12,13,"Google Alerts, Reddit, YouTube",2025-08-10
2026-06-22,child,word,12,12,"Reddit, YouTube",2025-12-11
2026-06-22,know,word,12,12,"Google Alerts, YouTube, YouTube AU",2019-11-07
2026-06-22,alternative,word,12,12,"Google Alerts, YouTube",2009-09-02
2026-06-22,lies,word,12,12,"YouTube, YouTube AU",2022-12-05
2026-06-22,hospital,word,12,12,"Google Alerts, YouTube, YouTube AU",2026-05-14
2026-06-22,program,word,11,17,"Google Alerts, Reddit, YouTube, YouTube AU",2022-05-23
2026-06-22,big,word,11,16,"Google Alerts, Reddit, YouTube, YouTube AU",2024-01-24
2026-06-22,mrna,word,11,15,"Google Alerts, Reddit, YouTube",2021-06-22
2026-06-22,outbreak,word,11,14,"Google Alerts, YouTube, YouTube AU",2026-05-21
2026-06-22,could,word,11,13,"Google Alerts, Reddit, YouTube, YouTube AU",2022-05-23
2026-06-22,better,word,11,12,"Google Alerts, YouTube",2022-01-10
2026-06-22,disease,word,11,12,"Google Alerts, Reddit, YouTube",2023-06-24
2026-06-22,science,word,11,12,"Google Alerts, YouTube",2025-12-13
2026-06-22,review,word,11,11,"Google Alerts, YouTube, YouTube AU",2024-08-12
2026-06-22,hidden,word,11,11,"Google Alerts, YouTube",2026-04-28
2026-06-22,influenza,word,10,18,"Google Alerts, YouTube",2026-06-11
2026-06-22,ebola,word,10,14,"Google Alerts, YouTube, YouTube AU",2026-05-24
2026-06-22,supply,word,10,13,"Google Alerts, YouTube, YouTube AU",2013-02-23
2026-06-22,today,word,10,13,"Google Alerts, YouTube, YouTube AU",2015-12-25
2026-06-22,pandemic,word,10,13,"Google Alerts, Reddit, YouTube",2023-09-22
2026-06-22,hepatitis,word,10,12,"Google Alerts, Reddit, YouTube",2022-04-26
2026-06-22,fluoride toothpaste,phrase,10,10,"Google Alerts, YouTube",2026-05-10
2026-06-22,drinking,word,10,10,"YouTube, YouTube AU",2012-08-04
2026-06-22,video,word,10,10,"Google Alerts, YouTube, YouTube AU",2018-01-24
2026-06-22,ytshorts,word,10,10,YouTube,2026-06-14
2026-06-22,may,word,9,13,"Google Alerts, Reddit, YouTube, YouTube AU",2025-05-01
2026-06-22,flu season,phrase,9,13,"Google Alerts, YouTube AU",2026-05-01
2026-06-22,toxic,word,9,12,"YouTube, YouTube AU",2020-11-18
2026-06-22,year,word,9,11,"Google Alerts, YouTube",2026-05-08
2026-06-22,fda,word,9,10,"Google Alerts, Reddit, YouTube",2025-06-03
2026-06-22,beat,word,9,10,YouTube,2026-06-13
2026-06-22,type,word,9,10,YouTube,2026-06-13
2026-06-22,type beat,phrase,9,10,YouTube,2026-06-13
2026-06-22,research,word,9,10,"Google Alerts, YouTube",2026-06-12
2026-06-22,immunisation,word,9,10,"Google Alerts, YouTube",2026-06-12
2026-06-22,south,word,9,10,"Google Alerts, Reddit, YouTube AU",2022-01-02
2026-06-22,covid vaccines,phrase,9,9,"Google Alerts, Reddit, YouTube",2022-04-01
2026-06-22,remove,word,9,9,"Google Alerts, YouTube, YouTube AU",2013-02-23
2026-06-22,remove fluoride,phrase,9,9,"Google Alerts, YouTube, YouTube AU",2013-02-23
2026-06-22,shocking,word,9,9,YouTube,2024-08-27
2026-06-22,protection,word,9,9,"Google Alerts, YouTube",2026-05-25
2026-06-22,teeth,word,9,9,"Google Alerts, YouTube, YouTube AU",2026-05-08
2026-06-22,shingles,word,9,9,"Google Alerts, YouTube, YouTube AU",2026-04-29
2026-06-22,treatment,word,9,9,"Google Alerts, Reddit, YouTube",2022-05-23
2026-06-22,australia's,word,9,9,"Google Alerts, YouTube AU",2016-02-29
2026-06-22,injection,word,8,17,YouTube,2026-06-12
2026-06-22,vaccination program,phrase,8,14,"Google Alerts, Reddit, YouTube, YouTube AU",2022-05-23
2026-06-22,pharmacy,word,8,13,"Google Alerts, YouTube",2025-05-02
2026-06-22,medical,word,8,12,"Google Alerts, YouTube, YouTube AU",2025-12-09
2026-06-22,water supply,phrase,8,11,"Google Alerts, YouTube, YouTube AU",2013-02-23
2026-06-22,dengue,word,8,11,"Google Alerts, YouTube",2026-06-15
2026-06-22,community,word,8,10,"Google Alerts, YouTube",2026-06-12
2026-06-22,clinic,word,8,10,"Google Alerts, YouTube",2026-06-14
2026-06-22,vaccinated,word,8,10,"Google Alerts, YouTube, YouTube AU",2026-05-01
2026-06-22,waste,word,8,9,"YouTube, YouTube AU",2012-08-04
2026-06-22,public,word,8,9,"Google Alerts, YouTube, YouTube AU",2022-10-08
2026-06-22,council,word,8,9,"Google Alerts, YouTube, YouTube AU",2011-05-05
2026-06-22,month,word,8,9,"Google Alerts, YouTube, YouTube AU",2022-01-02
2026-06-22,prevention,word,8,9,"Google Alerts, YouTube",2026-06-13
2026-06-22,safe,word,8,9,"YouTube, YouTube AU",2024-06-17
2026-06-22,june,word,8,9,"Google Alerts, YouTube",2026-06-12
2026-06-22,shows,word,8,8,"Google Alerts, Reddit, YouTube",2022-04-05
2026-06-22,debate,word,8,8,"Google Alerts, YouTube, YouTube AU",2024-10-12
2026-06-22,body,word,8,8,"Google Alerts, YouTube",2026-05-13
2026-06-22,drinking water,phrase,8,8,"YouTube, YouTube AU",2012-08-04
2026-06-22,minivlog,word,8,8,YouTube,2026-06-13
2026-06-22,healthy,word,8,8,"Google Alerts, YouTube",2013-05-07
2026-06-22,shingles vaccine,phrase,8,8,"Google Alerts, YouTube, YouTube AU",2026-06-15
2026-06-22,rates,word,8,8,"Google Alerts, YouTube, YouTube AU",2026-04-26
2026-06-22,queensland,word,8,8,"Google Alerts, Reddit, YouTube AU",2014-12-05
2026-06-22,warning,word,8,8,"Google Alerts, YouTube AU",2026-06-11
2026-06-22,youtube,word,7,16,"YouTube, YouTube AU",2026-06-14
2026-06-22,melbourne,word,7,15,"Google Alerts, Reddit, YouTube AU",2025-08-10
2026-06-22,part,word,7,11,"Google Alerts, Reddit, YouTube, YouTube AU",2011-05-05
2026-06-22,risks,word,7,10,"Google Alerts, YouTube, YouTube AU",2024-11-04
2026-06-22,respiratory,word,7,10,Google Alerts,2026-06-16
2026-06-22,doctors,word,7,9,"Google Alerts, Reddit, YouTube",2021-10-02
2026-06-22,done,word,7,9,"Reddit, YouTube",2025-05-16
2026-06-22,protect,word,7,9,"Google Alerts, YouTube",2025-06-29
2026-06-22,tap,word,7,8,YouTube,2024-04-19
2026-06-22,tap water,phrase,7,8,YouTube,2024-04-19
2026-06-22,newborn,word,7,8,YouTube,2026-06-14
2026-06-22,people,word,7,8,"Google Alerts, Reddit, YouTube",2025-05-23
2026-06-22,free toothpaste,phrase,7,8,"YouTube, YouTube AU",2022-12-21
2026-06-22,rsv vaccination,phrase,7,8,Google Alerts,2026-06-12
2026-06-22,actually,word,7,7,YouTube,2025-03-02
2026-06-22,vaccine deaths,phrase,7,7,"YouTube, YouTube AU",2021-01-17
2026-06-22,really,word,7,7,"YouTube, YouTube AU",2024-06-17
2026-06-22,removes,word,7,7,"Google Alerts, YouTube, YouTube AU",2024-06-03
2026-06-22,never,word,7,7,YouTube,2026-04-14
2026-06-22,vlog,word,7,7,"YouTube, YouTube AU",2026-05-30
2026-06-22,explained,word,7,7,"Google Alerts, YouTube, YouTube AU",2024-09-01
2026-06-22,alternative vaccine,phrase,7,7,YouTube,2009-09-02
2026-06-22,hydroxyapatite,word,7,7,YouTube,2026-06-13
2026-06-22,dementia,word,7,7,"Google Alerts, YouTube, YouTube AU",2026-04-29
2026-06-22,fluoride-free toothpaste,phrase,7,7,YouTube,2026-06-16
2026-06-22,still,word,7,7,"Google Alerts, YouTube, YouTube AU",2017-03-08
2026-06-22,lives,word,7,7,"Google Alerts, Reddit, YouTube, YouTube AU",2022-05-23
2026-06-22,national,word,6,25,"Google Alerts, YouTube, YouTube AU",2026-04-26
2026-06-22,july,word,6,10,"Google Alerts, Reddit",2022-07-05
2026-06-22,update,word,6,9,"Google Alerts, YouTube",2026-06-11
2026-06-22,nsw,word,6,9,"Google Alerts, YouTube AU",2026-05-27
2026-06-22,healthcare,word,6,8,"Google Alerts, YouTube",2026-04-14
2026-06-22,covid vaccination,phrase,6,8,"Google Alerts, Reddit, YouTube",2021-06-29
2026-06-22,system,word,6,7,"Google Alerts, YouTube, YouTube AU",2022-10-08
2026-06-22,young,word,6,7,"Google Alerts, YouTube",2026-05-12
2026-06-22,case,word,6,7,"Google Alerts, Reddit, YouTube, YouTube AU",2015-03-01
2026-06-22,cute,word,6,7,YouTube,2026-06-13
2026-06-22,university,word,6,7,"Google Alerts, YouTube, YouTube AU",2026-04-01
2026-06-22,shot,word,6,7,"Google Alerts, YouTube",2013-09-19
2026-06-22,house,word,6,7,"Google Alerts, YouTube, YouTube AU",2017-02-28
2026-06-22,another,word,6,7,"Google Alerts, Reddit, YouTube",2021-09-12
2026-06-22,nano,word,6,7,"YouTube, YouTube AU",2026-05-14
2026-06-22,finds,word,6,7,"Google Alerts, YouTube",2026-06-13
2026-06-22,study finds,phrase,6,7,"Google Alerts, YouTube",2026-06-13
2026-06-22,immunization,word,6,7,YouTube,2026-06-17
2026-06-22,get vaccinated,phrase,6,7,"Google Alerts, YouTube, YouTube AU",2026-05-01
2026-06-22,works,word,6,6,"Google Alerts, YouTube",2022-01-10
2026-06-22,short,word,6,6,"YouTube, YouTube AU",2020-04-10
2026-06-22,removes fluoride,phrase,6,6,"YouTube, YouTube AU",2024-06-03
2026-06-22,here's,word,6,6,"Google Alerts, YouTube",2026-04-27
2026-06-22,best fluoride,phrase,6,6,"YouTube, YouTube AU",2023-12-25
2026-06-22,filters,word,6,6,"YouTube, YouTube AU",2024-08-12
2026-06-22,use,word,6,6,"Google Alerts, YouTube",2025-10-06
2026-06-22,industrial,word,6,6,"YouTube, YouTube AU",2016-03-12
2026-06-22,dangers,word,6,6,YouTube,2011-12-04
2026-06-22,youtubeshorts,word,6,6,YouTube,2026-06-13
2026-06-22,viralvideo,word,6,6,YouTube,2026-06-13
2026-06-22,cutebaby,word,6,6,YouTube,2026-06-13
2026-06-22,rfk,word,6,6,"Google Alerts, YouTube, YouTube AU",2025-04-25
2026-06-22,whitening,word,6,6,"Google Alerts, YouTube",2026-06-12
2026-06-22,love,word,6,6,YouTube,2025-06-29
2026-06-22,reduce,word,6,6,"Google Alerts, Reddit, YouTube",2021-06-22
2026-06-22,guide,word,6,6,"Google Alerts, YouTube, YouTube AU",2026-06-14
2026-06-22,baby vaccination,phrase,6,6,YouTube,2026-06-13
2026-06-22,women,word,6,6,"Google Alerts, YouTube",2026-06-13
2026-06-22,dangerous,word,6,6,"Google Alerts, Reddit, YouTube, YouTube AU",2024-04-25
2026-06-22,vaccine lies,phrase,6,6,YouTube,2025-10-11
2026-06-22,big pharma,phrase,6,6,"Reddit, YouTube, YouTube AU",2024-01-24
2026-06-22,report,word,6,6,"Google Alerts, YouTube, YouTube AU",2015-12-25
2026-06-22,prevent,word,6,6,"Google Alerts, YouTube",2026-06-14
2026-06-22,advice,word,6,6,"Google Alerts, Reddit, YouTube",2022-04-11
2026-06-22,government,word,6,6,"Google Alerts, Reddit, YouTube AU",2019-03-25
2026-06-22,goat,word,5,19,YouTube,2026-06-13
2026-06-22,shortsfeed,word,5,19,YouTube,2026-06-13
2026-06-22,fyp,word,5,8,YouTube,2026-06-16
2026-06-22,cases,word,5,8,"Google Alerts, YouTube AU",2026-05-20
2026-06-22,almost,word,5,7,"Google Alerts, YouTube",2026-06-13
2026-06-22,global,word,5,7,"Google Alerts, YouTube, YouTube AU",2026-06-14
2026-06-22,stronger,word,5,7,"Google Alerts, YouTube",2022-01-22
2026-06-22,victoria,word,5,7,Google Alerts,2026-06-15
2026-06-22,viruses,word,5,7,Google Alerts,2026-06-17
2026-06-22,years,word,5,6,"Google Alerts, Reddit, YouTube",2025-05-18
2026-06-22,history,word,5,6,"Google Alerts, YouTube",2013-12-14
2026-06-22,time,word,5,6,"Google Alerts, YouTube",2026-06-12
2026-06-22,reveals,word,5,6,"Google Alerts, YouTube",2026-04-08
2026-06-22,court,word,5,6,"Reddit, YouTube, YouTube AU",2022-07-05
2026-06-22,rock,word,5,6,YouTube,2026-06-13
2026-06-22,punk,word,5,6,YouTube,2026-06-13
2026-06-22,third,word,5,6,"Google Alerts, YouTube",2026-05-09
2026-06-22,future,word,5,6,"Google Alerts, YouTube",2026-06-05
2026-06-22,don't,word,5,6,"Google Alerts, YouTube, YouTube AU",2019-03-25
2026-06-22,cdc,word,5,6,"Google Alerts, YouTube",2022-01-22
2026-06-22,dengue vaccine,phrase,5,6,YouTube,2026-06-15
2026-06-22,rise,word,5,6,"Google Alerts, YouTube",2026-06-12
2026-06-22,help,word,5,6,"Google Alerts, Reddit, YouTube",2026-01-22
2026-06-22,getting,word,5,6,"Google Alerts, Reddit, YouTube, YouTube AU",2021-09-12
2026-06-22,livestock,word,5,6,"Google Alerts, YouTube",2026-06-12
2026-06-22,nasal,word,5,6,"Google Alerts, YouTube, YouTube AU",2026-05-27
2026-06-22,coast,word,5,6,"Google Alerts, Reddit, YouTube AU",2013-02-23
2026-06-22,south australia,phrase,5,6,"Google Alerts, Reddit",2024-04-15
2026-06-22,boost,word,5,6,Google Alerts,2026-06-11
2026-06-22,what's,word,5,5,"Google Alerts, YouTube, YouTube AU",2025-04-13
2026-06-22,vax,word,5,5,"Reddit, YouTube",2022-04-05
2026-06-22,pfizer,word,5,5,"Reddit, YouTube, YouTube AU",2021-01-17
2026-06-22,exposed,word,5,5,"YouTube, YouTube AU",2026-03-06
2026-06-22,top,word,5,5,"YouTube, YouTube AU",2021-09-01
2026-06-22,smile,word,5,5,YouTube,2026-05-14
2026-06-22,daily,word,5,5,"Google Alerts, YouTube, YouTube AU",2026-04-27
2026-06-22,rabies,word,5,5,YouTube,2022-09-25
2026-06-22,shortvideo,word,5,5,YouTube,2026-06-13
2026-06-22,schedules,word,5,5,YouTube,2013-09-19
2026-06-22,sparks,word,5,5,"Google Alerts, YouTube, YouTube AU",2025-10-09
2026-06-22,without,word,5,5,"Google Alerts, YouTube, YouTube AU",2022-09-25
2026-06-22,cover,word,5,5,"Google Alerts, YouTube",2026-06-12
2026-06-22,dental,word,5,5,"Google Alerts, YouTube",2025-05-02
2026-06-22,brushing,word,5,5,YouTube,2026-06-13
2026-06-22,systems,word,5,5,"Google Alerts, YouTube",2026-06-10
2026-06-22,facts,word,5,5,"YouTube, YouTube AU",2022-01-22
2026-06-22,it's,word,5,5,"Google Alerts, YouTube",2025-06-29
2026-06-22,concerns,word,5,5,"Google Alerts, YouTube",2024-11-10
2026-06-22,dog vaccination,phrase,5,5,YouTube,2026-06-13
2026-06-22,rollout,word,5,5,"Google Alerts, YouTube, YouTube AU",2022-10-12
2026-06-22,parents,word,5,5,"Google Alerts, Reddit, YouTube",2026-05-13
2026-06-22,lied,word,5,5,"YouTube, YouTube AU",2020-09-07
2026-06-22,lie,word,5,5,YouTube,2025-11-13
2026-06-22,mandate,word,5,5,"Reddit, YouTube",2023-09-22
2026-06-22,puppy,word,5,5,YouTube,2026-06-14
2026-06-22,heart,word,5,5,"Google Alerts, Reddit, YouTube, YouTube AU",2025-08-10
2026-06-22,cavities,word,5,5,YouTube,2026-06-16
2026-06-22,got,word,5,5,"YouTube, YouTube AU",2026-06-16
2026-06-22,controversy,word,5,5,"YouTube, YouTube AU",2025-10-09
2026-06-22,right,word,5,5,"YouTube, YouTube AU",2019-11-07
2026-06-22,adults,word,5,5,"Google Alerts, Reddit, YouTube, YouTube AU",2022-04-08
2026-06-22,need,word,5,5,"Google Alerts, YouTube, YouTube AU",2024-11-10
2026-06-22,weekly,word,4,11,"Google Alerts, Reddit",2025-11-15
2026-06-22,long,word,4,7,"Google Alerts, Reddit, YouTube",2020-03-25
2026-06-22,november,word,4,7,"Google Alerts, Reddit, YouTube",2022-11-04
2026-06-22,slowed,word,4,7,YouTube,2026-06-13
2026-06-22,pneumococcal,word,4,7,"Google Alerts, YouTube",2026-06-14
2026-06-22,virus,word,4,7,"Google Alerts, YouTube",2026-06-12
2026-06-22,says,word,4,6,"Google Alerts, YouTube",2025-12-11
2026-06-22,farm,word,4,6,YouTube,2026-06-14
2026-06-22,loss,word,4,6,"Google Alerts, YouTube",2026-05-16
2026-06-22,flu vaccines,phrase,4,6,"Google Alerts, YouTube",2026-06-18
2026-06-22,hub,word,4,6,"Google Alerts, YouTube",2026-06-12
2026-06-22,western,word,4,6,"Google Alerts, YouTube AU",2013-02-12
2026-06-22,local,word,4,6,Google Alerts,2026-06-12
2026-06-22,primary,word,4,6,Google Alerts,2026-06-12
2026-06-22,manufacturing,word,4,6,Google Alerts,2026-06-15
2026-06-22,respiratory viruses,phrase,4,6,Google Alerts,2026-06-17
2026-06-22,fertilizer,word,4,5,YouTube,2025-04-24
2026-06-22,toxic byproduct,phrase,4,5,YouTube,2024-08-27
2026-06-22,watch,word,4,5,"Google Alerts, YouTube, YouTube AU",2024-06-29
2026-06-22,farming,word,4,5,"Reddit, YouTube",2025-05-19
2026-06-22,hepatitis vaccine,phrase,4,5,"Google Alerts, YouTube",2026-06-13
2026-06-22,ended,word,4,5,"Google Alerts, YouTube",2025-02-11
2026-06-22,back,word,4,5,"Google Alerts, YouTube, YouTube AU",2014-12-05
2026-06-22,rock type,phrase,4,5,YouTube,2026-06-13
2026-06-22,punk rock,phrase,4,5,YouTube,2026-06-13
2026-06-22,vaccination shorts,phrase,4,5,YouTube,2026-06-13
2026-06-22,inside,word,4,5,"Google Alerts, YouTube, YouTube AU",2024-06-29
2026-06-22,whole,word,4,5,"Google Alerts, YouTube, YouTube AU",2016-06-22
2026-06-22,story,word,4,5,"Google Alerts, YouTube, YouTube AU",2024-06-29
2026-06-22,high,word,4,5,"Google Alerts, Reddit, YouTube",2022-11-04
2026-06-22,benefits,word,4,5,"Google Alerts, YouTube",2026-06-14
2026-06-22,make,word,4,5,"Google Alerts, YouTube",2026-06-12
2026-06-22,baby vaccine,phrase,4,5,YouTube,2026-06-13
2026-06-22,measles,word,4,5,"Google Alerts, YouTube, YouTube AU",2026-06-07
2026-06-22,protecting,word,4,5,"Google Alerts, YouTube",2026-06-19
2026-06-22,deadly,word,4,5,"Google Alerts, Reddit, YouTube",2024-04-29
2026-06-22,spray,word,4,5,"Google Alerts, YouTube, YouTube AU",2026-05-27
2026-06-22,nasal spray,phrase,4,5,"Google Alerts, YouTube, YouTube AU",2026-05-27
2026-06-22,perth,word,4,5,"Google Alerts, Reddit, YouTube AU",2013-02-12
2026-06-22,warns,word,4,5,Google Alerts,2026-06-13
2026-06-22,travel,word,4,5,Google Alerts,2026-06-14
2026-06-22,sydney,word,4,5,Google Alerts,2026-06-15
2026-06-22,diseases,word,4,5,Google Alerts,2026-06-16
2026-06-22,mpox,word,4,5,Google Alerts,2026-06-16
2026-06-22,stock,word,4,5,Google Alerts,2026-06-17
2026-06-22,added,word,4,4,"YouTube, YouTube AU",2020-11-18
2026-06-22,safety,word,4,4,"Reddit, YouTube",2022-05-23
2026-06-22,trust,word,4,4,"Google Alerts, YouTube",2025-12-09
2026-06-22,chlorine,word,4,4,"Google Alerts, YouTube",2026-04-07
2026-06-22,shower,word,4,4,"Google Alerts, YouTube",2026-04-19
2026-06-22,shower filter,phrase,4,4,"Google Alerts, YouTube",2026-04-19
2026-06-22,made,word,4,4,YouTube,2012-08-04
2026-06-22,industrial byproduct,phrase,4,4,YouTube,2016-03-12
2026-06-22,question,word,4,4,YouTube,2026-01-12
2026-06-22,song,word,4,4,YouTube,2025-11-29
2026-06-22,dentist,word,4,4,"Google Alerts, YouTube",2025-11-13
2026-06-22,pets,word,4,4,YouTube,2026-06-14
2026-06-22,annual,word,4,4,"Google Alerts, YouTube",2026-06-13
2026-06-22,vaccine schedules,phrase,4,4,YouTube,2013-09-19
2026-06-22,mccullough,word,4,4,YouTube,2026-03-24
2026-06-22,cause,word,4,4,"Google Alerts, YouTube",2026-04-08
2026-06-22,shocking vaccine,phrase,4,4,YouTube,2026-01-15
2026-06-22,pineal,word,4,4,"YouTube, YouTube AU",2024-07-13
2026-06-22,real,word,4,4,"Google Alerts, YouTube",2026-05-10
2026-06-22,think,word,4,4,YouTube,2026-06-11
2026-06-22,federal,word,4,4,"Reddit, YouTube, YouTube AU",2022-07-05
2026-06-22,rtbrkr,word,4,4,YouTube,2026-06-13
2026-06-22,quality,word,4,4,"Google Alerts, YouTube",2026-06-13
2026-06-22,colgate,word,4,4,"Google Alerts, YouTube",2026-06-13
2026-06-22,importance,word,4,4,"Google Alerts, YouTube",2026-06-13
2026-06-22,babycare,word,4,4,YouTube,2026-06-13
2026-06-22,tetanus,word,4,4,"Google Alerts, YouTube",2026-06-13
2026-06-22,results,word,4,4,"Google Alerts, YouTube, YouTube AU",2022-12-21
2026-06-22,important,word,4,4,"Google Alerts, YouTube",2026-06-13
2026-06-22,pet,word,4,4,"Google Alerts, YouTube",2026-05-29
2026-06-22,podcast,word,4,4,YouTube,2025-02-13
2026-06-22,medicine,word,4,4,"Google Alerts, YouTube",2016-06-22
2026-06-22,effective,word,4,4,"Google Alerts, YouTube",2022-01-27
2026-06-22,makes,word,4,4,"Google Alerts, YouTube, YouTube AU",2025-12-31
2026-06-22,way,word,4,4,"Google Alerts, YouTube",2012-08-04
2026-06-22,nursing,word,4,4,"Google Alerts, YouTube",2026-06-12
2026-06-22,give,word,4,4,"Reddit, YouTube",2020-03-13
2026-06-22,vaccine mandate,phrase,4,4,YouTube,2026-06-14
2026-06-22,world's,word,4,4,"Google Alerts, YouTube",2026-06-14
2026-06-22,human,word,4,4,"Google Alerts, YouTube",2026-06-14
2026-06-22,world's first,phrase,4,4,"Google Alerts, YouTube",2026-06-14
2026-06-22,power,word,4,4,"YouTube, YouTube AU",2024-03-22
2026-06-22,breaking,word,4,4,"Google Alerts, YouTube",2025-12-11
2026-06-22,vaccinate,word,4,4,"Google Alerts, YouTube",2026-06-11
2026-06-22,bcg,word,4,4,YouTube,2026-06-14
2026-06-22,available,word,4,4,"Reddit, YouTube",2022-01-23
2026-06-22,sick,word,4,4,"Google Alerts, YouTube",2026-06-14
2026-06-22,would,word,4,4,"Google Alerts, YouTube, YouTube AU",2025-01-12
2026-06-22,linked,word,4,4,"Google Alerts, YouTube",2026-05-16
2026-06-22,visit,word,4,4,YouTube,2026-06-14
2026-06-22,save,word,4,4,"Google Alerts, YouTube",2026-06-15
2026-06-22,cat,word,4,4,"Google Alerts, YouTube",2026-06-15
2026-06-22,nano hydroxyapatite,phrase,4,4,YouTube,2026-06-15
2026-06-22,parenting,word,4,4,YouTube,2026-06-17
2026-06-22,effect,word,4,4,"Reddit, YouTube",2024-04-29
2026-06-22,matters,word,4,4,"Google Alerts, YouTube",2026-06-12
2026-06-22,vaccine injection,phrase,4,4,YouTube,2026-06-18
2026-06-22,start,word,4,4,"Google Alerts, YouTube",2026-06-11
2026-06-22,experience,word,4,4,"Google Alerts, YouTube, YouTube AU",2022-12-21
2026-06-22,side,word,4,4,"Reddit, YouTube, YouTube AU",2024-04-29
2026-06-22,lower,word,4,4,"Google Alerts, YouTube",2026-06-16
2026-06-22,suggests,word,4,4,"Google Alerts, YouTube",2026-06-16
2026-06-22,study suggests,phrase,4,4,"Google Alerts, YouTube",2026-06-16
2026-06-22,early,word,4,4,"Google Alerts, Reddit, YouTube",2022-05-23
2026-06-22,australia's water,phrase,4,4,YouTube AU,2016-02-29
2026-06-22,parliament,word,4,4,"Google Alerts, YouTube AU",2017-02-28
2026-06-22,diphtheria outbreak,phrase,4,4,"Google Alerts, YouTube AU",2026-05-21
2026-06-22,vaccine rates,phrase,4,4,"Google Alerts, YouTube AU",2026-04-26
2026-06-22,information,word,4,4,"Google Alerts, YouTube AU",2024-04-30
2026-06-22,gov,word,4,4,"Google Alerts, YouTube AU",2024-01-24
2026-06-22,older,word,4,4,"Google Alerts, Reddit",2025-06-03
2026-06-22,north,word,4,4,"Google Alerts, Reddit",2022-01-23
2026-06-22,updates,word,4,4,Google Alerts,2026-06-12
2026-06-22,amid,word,4,4,Google Alerts,2026-06-13
2026-06-22,designed,word,4,4,Google Alerts,2026-06-13
2026-06-22,statistics,word,3,10,"Reddit, YouTube",2025-11-07
2026-06-22,centre,word,3,10,Google Alerts,2026-06-12
2026-06-22,abc,word,3,9,"Google Alerts, YouTube, YouTube AU",2023-11-20
2026-06-22,experts,word,3,8,Google Alerts,2026-06-11
2026-06-22,times,word,3,8,Google Alerts,2026-06-16
2026-06-22,paul,word,3,7,"YouTube, YouTube AU",2013-02-12
2026-06-22,com,word,3,7,"Google Alerts, YouTube",2026-06-11
2026-06-22,canberra,word,3,7,"Google Alerts, YouTube AU",2024-10-09
2026-06-22,connett,word,3,6,"YouTube, YouTube AU",2013-02-12
2026-06-22,paul connett,phrase,3,6,"YouTube, YouTube AU",2013-02-12
2026-06-22,professor,word,3,5,"YouTube, YouTube AU",2020-03-19
2026-06-22,viral trending,phrase,3,5,YouTube,2026-06-13
2026-06-22,injection vaccination,phrase,3,5,YouTube,2026-06-12
2026-06-22,doctors update,phrase,3,5,"Google Alerts, YouTube",2026-06-11
2026-06-22,cow,word,3,5,"Reddit, YouTube",2025-05-18
2026-06-22,starts,word,3,5,"Google Alerts, YouTube",2026-06-16
2026-06-22,department,word,3,5,"Google Alerts, Reddit",2022-07-05
2026-06-22,star,word,3,5,Google Alerts,2026-06-12
2026-06-22,star weekly,phrase,3,5,Google Alerts,2026-06-12
2026-06-22,winter health,phrase,3,5,Google Alerts,2026-06-12
2026-06-22,flumist,word,3,5,Google Alerts,2026-06-15
2026-06-22,backs,word,3,5,Google Alerts,2026-06-15
2026-06-22,mrna manufacturing,phrase,3,5,Google Alerts,2026-06-15
2026-06-22,influenza vaccination,phrase,3,5,Google Alerts,2026-06-16
2026-06-22,presentation,word,3,4,"Reddit, YouTube, YouTube AU",2020-03-25
2026-06-22,fluoride health,phrase,3,4,"YouTube, YouTube AU",2024-11-04
2026-06-22,expert,word,3,4,"Google Alerts, YouTube",2026-05-15
2026-06-22,reduction,word,3,4,YouTube,2026-04-17
2026-06-22,newbornbaby,word,3,4,YouTube,2026-06-13
2026-06-22,funding,word,3,4,"Google Alerts, YouTube",2026-06-11
2026-06-22,ruling,word,3,4,"YouTube, YouTube AU",2024-11-04
2026-06-22,eye,word,3,4,YouTube,2026-05-09
2026-06-22,third eye,phrase,3,4,YouTube,2026-05-09
2026-06-22,potential,word,3,4,"Google Alerts, YouTube",2024-11-10
2026-06-22,meningitis,word,3,4,"Google Alerts, YouTube",2026-06-12
2026-06-22,shots,word,3,4,"Google Alerts, YouTube",2026-04-30
2026-06-22,exposes,word,3,4,"YouTube, YouTube AU",2024-11-04
2026-06-22,pharmaceutical,word,3,4,"Google Alerts, YouTube",2025-12-09
2026-06-22,pneumococcal vaccination,phrase,3,4,"Google Alerts, YouTube",2026-06-14
2026-06-22,nurse,word,3,4,"Google Alerts, YouTube",2026-06-14
2026-06-22,helps,word,3,4,"Google Alerts, YouTube",2026-06-14
2026-06-22,food,word,3,4,"YouTube, YouTube AU",2026-06-13
2026-06-22,second,word,3,4,"YouTube, YouTube AU",2013-02-12
2026-06-22,influenza vaccine,phrase,3,4,"Google Alerts, YouTube",2026-06-11
2026-06-22,low,word,3,4,"Google Alerts, Reddit, YouTube",2025-05-19
2026-06-22,fight,word,3,4,"Google Alerts, YouTube, YouTube AU",2026-06-15
2026-06-22,grows,word,3,4,"Google Alerts, YouTube, YouTube AU",2026-05-24
2026-06-22,current,word,3,4,"Google Alerts, YouTube, YouTube AU",2026-04-29
2026-06-22,infection,word,3,4,"Google Alerts, YouTube",2026-06-13
2026-06-22,vaccines protecting,phrase,3,4,"Google Alerts, YouTube",2026-06-19
2026-06-22,covid flu,phrase,3,4,"Google Alerts, YouTube",2026-06-18
2026-06-22,recent,word,3,4,"Google Alerts, YouTube, YouTube AU",2024-11-04
2026-06-22,flu outbreak,phrase,3,4,"Google Alerts, YouTube",2026-06-20
2026-06-22,childhood,word,3,4,"Google Alerts, YouTube, YouTube AU",2026-06-12
2026-06-22,cancer deaths,phrase,3,4,"Google Alerts, YouTube",2026-06-18
2026-06-22,discovery,word,3,4,"Google Alerts, YouTube",2026-06-20
2026-06-22,gympie,word,3,4,YouTube AU,2025-09-25
2026-06-22,gympie council,phrase,3,4,YouTube AU,2025-09-25
2026-06-22,find,word,3,4,"Google Alerts, YouTube AU",2026-05-24
2026-06-22,please,word,3,4,"Reddit, YouTube AU",2021-06-25
2026-06-22,herald,word,3,4,"Google Alerts, YouTube AU",2023-12-13
2026-06-22,australians,word,3,4,"Google Alerts, YouTube AU",2019-03-25
2026-06-22,using,word,3,4,"Google Alerts, Reddit, YouTube AU",2015-12-25
2026-06-22,huge,word,3,4,"Google Alerts, Reddit",2022-05-26
2026-06-22,numbers,word,3,4,"Google Alerts, Reddit",2022-01-23
2026-06-22,residents,word,3,4,Google Alerts,2026-06-11
2026-06-22,defence,word,3,4,Google Alerts,2026-06-11
2026-06-22,policy,word,3,4,Google Alerts,2026-06-12
2026-06-22,online,word,3,4,Google Alerts,2026-06-12
2026-06-22,ahead,word,3,4,Google Alerts,2026-06-12
2026-06-22,slow,word,3,4,Google Alerts,2026-06-11
2026-06-22,urged,word,3,4,Google Alerts,2026-06-13
2026-06-22,line,word,3,4,Google Alerts,2026-06-17
2026-06-22,first line,phrase,3,4,Google Alerts,2026-06-17
2026-06-22,bird,word,3,4,Google Alerts,2026-06-20
2026-06-22,bird flu,phrase,3,4,Google Alerts,2026-06-20
2026-06-22,latest,word,3,3,"Google Alerts, YouTube",2022-04-05
2026-06-22,strategy,word,3,3,"Google Alerts, YouTube",2022-02-28
2026-06-22,toxic waste,phrase,3,3,YouTube,2020-11-18
2026-06-22,friendly,word,3,3,"YouTube, YouTube AU",2018-10-13
2026-06-22,cannot,word,3,3,YouTube,2026-03-12
2026-06-22,vaers,word,3,3,YouTube,2026-02-16
2026-06-22,fluoride tap,phrase,3,3,YouTube,2024-04-19
2026-06-22,claims,word,3,3,"YouTube, YouTube AU",2022-12-05
2026-06-22,gets,word,3,3,"Google Alerts, YouTube",2026-05-13
2026-06-22,fluoride debate,phrase,3,3,"YouTube, YouTube AU",2024-10-12
2026-06-22,good,word,3,3,"Reddit, YouTube",2021-10-02
2026-06-22,stage,word,3,3,"Google Alerts, YouTube",2026-04-20
2026-06-22,filter removes,phrase,3,3,"YouTube, YouTube AU",2024-06-03
2026-06-22,osmosis,word,3,3,"YouTube, YouTube AU",2024-10-16
2026-06-22,reverse,word,3,3,"YouTube, YouTube AU",2024-10-16
2026-06-22,reverse osmosis,phrase,3,3,"YouTube, YouTube AU",2024-10-16
2026-06-22,top best,phrase,3,3,"YouTube, YouTube AU",2024-10-16
2026-06-22,fluoride industrial,phrase,3,3,YouTube,2016-03-12
2026-06-22,dangers fluoride,phrase,3,3,YouTube,2016-03-12
2026-06-22,neurotoxin,word,3,3,"YouTube, YouTube AU",2022-07-22
2026-06-22,worth,word,3,3,"YouTube, YouTube AU",2026-05-14
2026-06-22,public health,phrase,3,3,"Google Alerts, YouTube, YouTube AU",2024-03-22
2026-06-22,city,word,3,3,"YouTube, YouTube AU",2011-05-05
2026-06-22,description,word,3,3,"Google Alerts, YouTube, YouTube AU",2020-03-15
2026-06-22,every,word,3,3,YouTube,2026-06-14
2026-06-22,month vaccination,phrase,3,3,"YouTube, YouTube AU",2022-01-02
2026-06-22,oral,word,3,3,"Google Alerts, YouTube",2026-06-08
2026-06-22,knew,word,3,3,"Reddit, YouTube",2025-05-23
2026-06-22,talks,word,3,3,YouTube,2009-09-02
2026-06-22,excess,word,3,3,"YouTube, YouTube AU",2022-12-05
2026-06-22,poisoning,word,3,3,YouTube,2026-06-05
2026-06-22,myth,word,3,3,YouTube,2026-04-01
2026-06-22,gland,word,3,3,"YouTube, YouTube AU",2024-07-13
2026-06-22,pineal gland,phrase,3,3,"YouTube, YouTube AU",2024-07-13
2026-06-22,cover-up,word,3,3,YouTube,2026-06-11
2026-06-22,patients,word,3,3,"Reddit, YouTube",2025-08-10
2026-06-22,explains,word,3,3,"YouTube, YouTube AU",2025-06-06
2026-06-22,federal court,phrase,3,3,"Reddit, YouTube",2022-07-05
2026-06-22,incelcore,word,3,3,YouTube,2026-06-13
2026-06-22,fluoride cover,phrase,3,3,YouTube,2026-06-13
2026-06-22,water systems,phrase,3,3,"Google Alerts, YouTube",2026-06-10
2026-06-22,community water,phrase,3,3,"Google Alerts, YouTube",2026-06-12
2026-06-22,total,word,3,3,"Google Alerts, YouTube",2026-06-13
2026-06-22,clean,word,3,3,"Google Alerts, YouTube, YouTube AU",2026-05-08
2026-06-22,toothpaste review,phrase,3,3,"YouTube, YouTube AU",2026-02-19
2026-06-22,colgate total,phrase,3,3,"Google Alerts, YouTube",2026-06-13
2026-06-22,hidden truth,phrase,3,3,YouTube,2026-06-13
2026-06-22,tooth,word,3,3,YouTube,2026-06-13
2026-06-22,whitening toothpaste,phrase,3,3,YouTube,2026-06-13
2026-06-22,nano-hydroxyapatite,word,3,3,"YouTube, YouTube AU",2024-09-01
2026-06-22,lead,word,3,3,"YouTube, YouTube AU",2025-07-31
2026-06-22,chemicals,word,3,3,"YouTube, YouTube AU",2024-06-03
2026-06-22,learn,word,3,3,YouTube,2026-05-01
2026-06-22,sleep,word,3,3,"Google Alerts, YouTube",2026-05-01
2026-06-22,fluoride drinking,phrase,3,3,YouTube,2024-11-10
2026-06-22,effects,word,3,3,"YouTube, YouTube AU",2011-12-04
2026-06-22,world,word,3,3,"Google Alerts, YouTube",2011-12-04
2026-06-22,shorts trending,phrase,3,3,YouTube,2026-06-13
2026-06-22,surprise,word,3,3,YouTube,2026-06-13
2026-06-22,industry,word,3,3,"Reddit, YouTube",2025-05-19
2026-06-22,mrna vaccine,phrase,3,3,"Google Alerts, YouTube",2026-06-13
2026-06-22,new vaccine,phrase,3,3,YouTube,2026-06-14
2026-06-22,vaccine shorts,phrase,3,3,YouTube,2026-06-13
2026-06-22,recommended,word,3,3,"Google Alerts, YouTube",2026-06-13
2026-06-22,vaccine rollout,phrase,3,3,"Google Alerts, YouTube",2026-06-13
2026-06-22,infections,word,3,3,"Google Alerts, YouTube",2025-02-13
2026-06-22,family,word,3,3,YouTube,2016-06-22
2026-06-22,students,word,3,3,YouTube,2013-09-19
2026-06-22,i'm,word,3,3,"Google Alerts, YouTube",2025-11-05
2026-06-22,accountable,word,3,3,"Google Alerts, YouTube",2025-10-12
2026-06-22,destroyed,word,3,3,YouTube,2025-10-11
2026-06-22,maga,word,3,3,YouTube,2025-10-11
2026-06-22,mmr,word,3,3,YouTube,2025-10-11
2026-06-22,mmr vaccine,phrase,3,3,YouTube,2025-10-11
2026-06-22,maga destroyed,phrase,3,3,YouTube,2025-10-11
2026-06-22,smart,word,3,3,"Google Alerts, YouTube",2025-06-29
2026-06-22,immunity better,phrase,3,3,YouTube,2022-02-24
2026-06-22,like,word,3,3,YouTube,2026-06-13
2026-06-22,india,word,3,3,YouTube,2026-06-13
2026-06-22,doses,word,3,3,"Google Alerts, Reddit, YouTube",2021-06-22
2026-06-22,thousands,word,3,3,"Google Alerts, Reddit, YouTube",2022-05-23
2026-06-22,drop,word,3,3,"Google Alerts, Reddit, YouTube",2024-04-15
2026-06-22,they're,word,3,3,"Reddit, YouTube",2023-09-22
2026-06-22,cancer vaccine,phrase,3,3,"Google Alerts, YouTube",2026-06-13
2026-06-22,you're,word,3,3,"Google Alerts, YouTube",2026-06-13
2026-06-22,old,word,3,3,"Google Alerts, YouTube",2026-06-14
2026-06-22,myths,word,3,3,"YouTube, YouTube AU",2026-05-08
2026-06-22,matter,word,3,3,YouTube,2022-01-22
2026-06-22,role,word,3,3,"Google Alerts, YouTube",2025-05-02
2026-06-22,drive,word,3,3,"Google Alerts, YouTube",2026-06-14
2026-06-22,machine,word,3,3,"Google Alerts, YouTube",2026-06-14
2026-06-22,pregnancy,word,3,3,"Google Alerts, YouTube",2026-06-13
2026-06-22,vaccine day,phrase,3,3,YouTube,2026-06-13
2026-06-22,coronavirus,word,3,3,"Google Alerts, Reddit, YouTube",2023-06-24
2026-06-22,gigi,word,3,3,YouTube,2026-06-14
2026-06-22,cattle,word,3,3,"Google Alerts, YouTube",2026-06-14
2026-06-22,months,word,3,3,YouTube,2026-06-15
2026-06-22,want,word,3,3,"YouTube, YouTube AU",2019-03-25
2026-06-22,moment,word,3,3,YouTube,2026-06-14
2026-06-22,vet,word,3,3,YouTube,2026-06-14
2026-06-22,trial,word,3,3,"Google Alerts, YouTube",2026-06-15
2026-06-22,complete,word,3,3,"YouTube, YouTube AU",2026-02-19
2026-06-22,mandatory,word,3,3,"Reddit, YouTube",2021-09-12
2026-06-22,decision,word,3,3,"Google Alerts, Reddit, YouTube",2023-09-22
2026-06-22,leading,word,3,3,"Google Alerts, YouTube",2026-06-15
2026-06-22,wants,word,3,3,"YouTube, YouTube AU",2025-04-25
2026-06-22,free fried,phrase,3,3,YouTube,2026-06-16
2026-06-22,relatable,word,3,3,YouTube,2026-06-16
2026-06-22,momlife,word,3,3,YouTube,2026-06-16
2026-06-22,forever,word,3,3,"YouTube, YouTube AU",2024-06-03
2026-06-22,development,word,3,3,"Google Alerts, YouTube, YouTube AU",2024-12-25
2026-06-22,push,word,3,3,"Google Alerts, YouTube",2022-01-10
2026-06-22,protects,word,3,3,YouTube,2026-06-17
2026-06-22,save lives,phrase,3,3,"Google Alerts, YouTube",2026-06-17
2026-06-22,catch,word,3,3,"Reddit, YouTube",2026-05-13
2026-06-22,dthshow,word,3,3,YouTube,2026-06-17
2026-06-22,dentalhealth,word,3,3,YouTube,2026-06-16
2026-06-22,brave,word,3,3,YouTube,2026-06-17
2026-06-22,girl,word,3,3,"Google Alerts, YouTube",2026-06-17
2026-06-22,expands,word,3,3,"YouTube, YouTube AU",2026-05-27
2026-06-22,toothpaste fluoride-free,phrase,3,3,"Google Alerts, YouTube",2026-06-17
2026-06-22,vaccination matters,phrase,3,3,YouTube,2026-06-17
2026-06-22,started,word,3,3,"YouTube, YouTube AU",2018-01-24
2026-06-22,away,word,3,3,"Reddit, YouTube",2020-03-13
2026-06-22,diamine,word,3,3,"Google Alerts, YouTube",2026-06-13
2026-06-22,silver,word,3,3,"Google Alerts, YouTube",2026-06-13
2026-06-22,silver diamine,phrase,3,3,"Google Alerts, YouTube",2026-06-13
2026-06-22,diamine fluoride,phrase,3,3,"Google Alerts, YouTube",2026-06-13
2026-06-22,easy,word,3,3,"Google Alerts, YouTube",2026-06-19
2026-06-22,making,word,3,3,"Reddit, YouTube",2021-09-12
2026-06-22,workplace,word,3,3,"Google Alerts, YouTube",2026-06-19
2026-06-22,hegseth,word,3,3,YouTube,2026-06-19
2026-06-22,major,word,3,3,"Google Alerts, YouTube, YouTube AU",2023-12-13
2026-06-22,work,word,3,3,"YouTube, YouTube AU",2026-03-02
2026-06-22,poultry,word,3,3,"Google Alerts, YouTube",2026-06-12
2026-06-22,hits,word,3,3,"Google Alerts, YouTube",2026-06-17
2026-06-22,vaccine may,phrase,3,3,"Google Alerts, YouTube",2026-06-16
2026-06-22,pain,word,3,3,"Google Alerts, YouTube",2026-06-17
2026-06-22,dementia risk,phrase,3,3,"Google Alerts, YouTube",2026-06-16
2026-06-22,preventable,word,3,3,"Google Alerts, YouTube",2026-06-18
2026-06-22,saving,word,3,3,"Reddit, YouTube, YouTube AU",2025-05-18
2026-06-22,lab,word,3,3,"Google Alerts, Reddit, YouTube",2020-03-13
2026-06-22,cost,word,3,3,"Google Alerts, YouTube AU",2025-01-12
2026-06-22,tga,word,3,3,"Google Alerts, Reddit, YouTube AU",2021-01-17
2026-06-22,water filters,phrase,3,3,YouTube AU,2024-08-12
2026-06-22,targets,word,3,3,"Google Alerts, YouTube AU",2026-05-28
2026-06-22,channel,word,3,3,YouTube AU,2015-12-25
2026-06-22,natural toothpaste,phrase,3,3,"Google Alerts, YouTube AU",2018-10-13
2026-06-22,outbreaks,word,3,3,"Google Alerts, YouTube AU",2026-06-12
2026-06-22,records,word,3,3,"Google Alerts, YouTube AU",2026-05-20
2026-06-22,seniors,word,3,3,"Google Alerts, YouTube AU",2026-05-19
2026-06-22,premier,word,3,3,"Google Alerts, Reddit, YouTube AU",2022-12-02
2026-06-22,crisis,word,3,3,"Google Alerts, YouTube AU",2026-06-15
2026-06-22,breakthrough,word,3,3,"Google Alerts, YouTube AU",2026-06-16
2026-06-22,professional,word,3,3,"Google Alerts, Reddit, YouTube AU",2026-04-05
2026-06-22,registration,word,3,3,Reddit,2025-11-07
2026-06-22,nip,word,3,3,"Google Alerts, Reddit",2026-02-04
2026-06-22,funded,word,3,3,"Google Alerts, Reddit",2026-02-04
2026-06-22,network,word,3,3,"Google Alerts, Reddit",2022-07-05
2026-06-22,urges,word,3,3,"Google Alerts, Reddit",2022-12-02
2026-06-22,including,word,3,3,"Google Alerts, Reddit",2022-11-04
2026-06-22,jabs,word,3,3,"Google Alerts, Reddit",2025-08-10
2026-06-22,approves,word,3,3,"Google Alerts, Reddit",2025-06-03
2026-06-22,scientists,word,3,3,Google Alerts,2026-06-12
2026-06-22,weight-loss,word,3,3,Google Alerts,2026-06-11
2026-06-22,peak,word,3,3,Google Alerts,2026-06-12
2026-06-22,welcomes,word,3,3,Google Alerts,2026-06-12
2026-06-22,urgent,word,3,3,Google Alerts,2026-06-11
2026-06-22,urgent warning,phrase,3,3,Google Alerts,2026-06-11
2026-06-22,west,word,3,3,Google Alerts,2026-06-13
2026-06-22,list,word,3,3,Google Alerts,2026-06-13
2026-06-22,men,word,3,3,Google Alerts,2026-06-14
2026-06-22,infectious,word,3,3,Google Alerts,2026-06-15
2026-06-22,growth,word,3,3,Google Alerts,2026-06-15
2026-06-22,twc,word,3,3,Google Alerts,2026-06-17
2026-06-22,protected,word,3,3,Google Alerts,2026-06-17
2026-06-22,winter vaccinations,phrase,3,3,Google Alerts,2026-06-22
2026-06-22,shorts shortsfeed,phrase,2,16,YouTube,2026-06-13
2026-06-22,analysis,word,2,15,"Google Alerts, Reddit",2022-08-31
2026-06-22,education,word,2,9,Google Alerts,2026-06-18
2026-06-22,abc news,phrase,2,8,"Google Alerts, YouTube AU",2023-11-20
2026-06-22,goat vaccine,phrase,2,6,YouTube,2026-06-16
2026-06-22,investing,word,2,6,Google Alerts,2026-06-11
2026-06-22,investing com,phrase,2,6,Google Alerts,2026-06-11
2026-06-22,healthed,word,2,6,Google Alerts,2026-06-16
2026-06-22,services,word,2,6,Google Alerts,2026-06-16
2026-06-22,base,word,2,5,"Google Alerts, YouTube",2026-06-20
2026-06-22,changes,word,2,5,Google Alerts,2026-06-16
2026-06-22,bendigo,word,2,5,Google Alerts,2026-06-19
2026-06-22,professor paul,phrase,2,4,"YouTube, YouTube AU",2020-03-19
2026-06-22,bob,word,2,4,YouTube,2009-09-02
2026-06-22,senate,word,2,4,YouTube,2026-06-14
2026-06-22,goatfarming,word,2,4,YouTube,2026-06-15
2026-06-22,overrated,word,2,4,YouTube,2026-06-14
2026-06-22,explosive,word,2,4,YouTube,2026-06-15
2026-06-22,california,word,2,4,"Google Alerts, YouTube AU",2024-11-04
2026-06-22,issues,word,2,4,"Google Alerts, Reddit",2025-11-05
2026-06-22,chemist,word,2,4,Google Alerts,2026-06-12
2026-06-22,racgp,word,2,4,Google Alerts,2026-06-12
2026-06-22,weight,word,2,4,Google Alerts,2026-06-12
2026-06-22,weight loss,phrase,2,4,Google Alerts,2026-06-12
2026-06-22,media,word,2,4,Google Alerts,2026-06-12
2026-06-22,buy,word,2,4,Google Alerts,2026-06-13
2026-06-22,victoria backs,phrase,2,4,Google Alerts,2026-06-15
2026-06-22,csl,word,2,4,Google Alerts,2026-06-15
2026-06-22,building,word,2,4,Google Alerts,2026-06-17
2026-06-22,miller,word,2,4,Google Alerts,2026-06-18
2026-06-22,version,word,2,3,YouTube,2020-03-25
2026-06-22,toxicity,word,2,3,"YouTube, YouTube AU",2020-03-25
2026-06-22,toxicity presentation,phrase,2,3,"YouTube, YouTube AU",2020-03-25
2026-06-22,fluoride toxicity,phrase,2,3,"YouTube, YouTube AU",2020-03-25
2026-06-22,affect,word,2,3,"YouTube, YouTube AU",2024-12-25
2026-06-22,fluoride reduction,phrase,2,3,YouTube,2026-04-17
2026-06-22,newbornbaby vaccine,phrase,2,3,YouTube,2026-06-14
2026-06-22,response,word,2,3,"Google Alerts, YouTube",2021-05-27
2026-06-22,claim,word,2,3,YouTube,2026-05-12
2026-06-22,court ruling,phrase,2,3,"YouTube, YouTube AU",2024-11-04
2026-06-22,fluoride punk,phrase,2,3,YouTube,2026-06-13
2026-06-22,sheep,word,2,3,YouTube,2026-06-13
2026-06-22,hesitancy,word,2,3,"Google Alerts, YouTube",2025-02-13
2026-06-22,vaccine hesitancy,phrase,2,3,"Google Alerts, YouTube",2025-02-13
2026-06-22,tips,word,2,3,"Google Alerts, YouTube",2026-06-14
2026-06-22,million,word,2,3,"Google Alerts, YouTube",2026-06-12
2026-06-22,offered,word,2,3,"Google Alerts, YouTube",2026-06-12
2026-06-22,meningitis vaccine,phrase,2,3,"Google Alerts, YouTube",2026-06-12
2026-06-22,vaccination trending,phrase,2,3,YouTube,2026-06-15
2026-06-22,strains,word,2,3,"Google Alerts, YouTube",2026-06-15
2026-06-22,reference,word,2,3,"Google Alerts, YouTube",2026-06-15
2026-06-22,takes,word,2,3,"Google Alerts, YouTube",2026-06-15
2026-06-22,compensation,word,2,3,"YouTube, YouTube AU",2026-04-29
2026-06-22,scheme,word,2,3,"Google Alerts, YouTube",2026-06-16
2026-06-22,warn,word,2,3,"Google Alerts, YouTube",2026-06-14
2026-06-22,vaccination done,phrase,2,3,YouTube,2026-06-16
2026-06-22,mrna flu,phrase,2,3,"Google Alerts, YouTube",2026-06-15
2026-06-22,plastic,word,2,3,"Google Alerts, YouTube",2026-06-18
2026-06-22,ndis,word,2,3,YouTube,2026-06-19
2026-06-22,strikes,word,2,3,"Google Alerts, YouTube",2026-06-18
2026-06-22,well,word,2,3,"Google Alerts, YouTube",2026-06-16
2026-06-22,social,word,2,3,"Google Alerts, YouTube, YouTube AU",2026-06-18
2026-06-22,winter vaccination,phrase,2,3,"Google Alerts, YouTube, YouTube AU",2026-06-18
2026-06-22,champion,word,2,3,"Google Alerts, YouTube",2026-06-18
2026-06-22,six,word,2,3,"Google Alerts, YouTube",2026-06-15
2026-06-22,requirement,word,2,3,"Google Alerts, YouTube",2026-06-20
2026-06-22,vaccine requirement,phrase,2,3,"Google Alerts, YouTube",2026-06-20
2026-06-22,conversation,word,2,3,"YouTube, YouTube AU",2026-06-13
2026-06-22,tiny,word,2,3,"Google Alerts, YouTube",2026-06-17
2026-06-22,tomorrow,word,2,3,"Reddit, YouTube",2021-09-12
2026-06-22,hasn't,word,2,3,"Google Alerts, YouTube",2026-06-17
2026-06-22,virus vaccine,phrase,2,3,"Google Alerts, YouTube",2026-06-20
2026-06-22,cuts,word,2,3,"Google Alerts, YouTube",2026-06-19
2026-06-22,vaccine cuts,phrase,2,3,"Google Alerts, YouTube",2026-06-19
2026-06-22,cuts cervical,phrase,2,3,"Google Alerts, YouTube",2026-06-19
2026-06-22,cairns,word,2,3,"Google Alerts, YouTube AU",2024-11-10
2026-06-22,reasons,word,2,3,YouTube AU,2021-09-01
2026-06-22,whole house,phrase,2,3,YouTube AU,2024-01-17
2026-06-22,business,word,2,3,"Google Alerts, YouTube AU",2018-01-24
2026-06-22,party,word,2,3,"Reddit, YouTube AU",2017-02-28
2026-06-22,ready,word,2,3,YouTube AU,2021-01-18
2026-06-22,tonight,word,2,3,YouTube AU,2015-12-25
2026-06-22,today tonight,phrase,2,3,YouTube AU,2015-12-25
2026-06-22,andrew,word,2,3,"Google Alerts, YouTube AU",2026-05-08
2026-06-22,prompts,word,2,3,"Google Alerts, YouTube AU",2026-05-21
2026-06-22,winter get,phrase,2,3,YouTube AU,2026-05-01
2026-06-22,link,word,2,3,YouTube AU,2021-04-16
2026-06-22,news australia,phrase,2,3,"Google Alerts, YouTube AU",2021-04-16
2026-06-22,bio,word,2,3,"Google Alerts, YouTube AU",2026-06-12
2026-06-22,vaccine today,phrase,2,3,"Google Alerts, YouTube AU",2026-06-12
2026-06-22,injured,word,2,3,"Google Alerts, YouTube AU",2026-04-29
2026-06-22,conference,word,2,3,"Google Alerts, Reddit",2026-01-29
2026-06-22,adult,word,2,3,"Google Alerts, Reddit",2026-02-04
2026-06-22,get vaccine,phrase,2,3,"Google Alerts, Reddit",2026-01-22
2026-06-22,long covid,phrase,2,3,"Google Alerts, Reddit",2022-05-26
2026-06-22,friday,word,2,3,"Google Alerts, Reddit",2022-12-02
2026-06-22,updated,word,2,3,"Google Alerts, Reddit",2021-09-12
2026-06-22,routine,word,2,3,Google Alerts,2026-06-12
2026-06-22,health routine,phrase,2,3,Google Alerts,2026-06-12
2026-06-22,vaccination part,phrase,2,3,Google Alerts,2026-06-12
2026-06-22,make rsv,phrase,2,3,Google Alerts,2026-06-12
2026-06-22,book,word,2,3,Google Alerts,2026-06-12
2026-06-22,influenza flu,phrase,2,3,Google Alerts,2026-06-12
2026-06-22,two,word,2,3,Google Alerts,2026-06-11
2026-06-22,funding boost,phrase,2,3,Google Alerts,2026-06-11
2026-06-22,morning,word,2,3,Google Alerts,2026-06-12
2026-06-22,conversations,word,2,3,Google Alerts,2026-06-12
2026-06-22,international,word,2,3,Google Alerts,2026-06-12
2026-06-22,bookings,word,2,3,Google Alerts,2026-06-12
2026-06-22,there's,word,2,3,Google Alerts,2026-06-14
2026-06-22,citynews,word,2,3,Google Alerts,2026-06-15
2026-06-22,biontech,word,2,3,Google Alerts,2026-06-15
2026-06-22,multiple,word,2,3,Google Alerts,2026-06-15
2026-06-22,flu shot,phrase,2,3,Google Alerts,2026-06-15
2026-06-22,alerts,word,2,3,Google Alerts,2026-06-16
2026-06-22,boosts,word,2,3,Google Alerts,2026-06-16
2026-06-22,gearing,word,2,3,Google Alerts,2026-06-16
2026-06-22,nsw health,phrase,2,3,Google Alerts,2026-06-16
2026-06-22,secret,word,2,3,Google Alerts,2026-06-16
2026-06-22,moderna,word,2,3,Google Alerts,2026-06-17
2026-06-22,uptake,word,2,3,Google Alerts,2026-06-17
2026-06-22,stronger first,phrase,2,3,Google Alerts,2026-06-17
2026-06-22,building stronger,phrase,2,3,Google Alerts,2026-06-17
2026-06-22,line defence,phrase,2,3,Google Alerts,2026-06-17
2026-06-22,award,word,2,3,Google Alerts,2026-06-17
2026-06-22,webinar,word,2,3,Google Alerts,2026-06-18
2026-06-22,immunisations,word,2,3,Google Alerts,2026-06-18
2026-06-22,pertussis,word,2,3,Google Alerts,2026-06-18
2026-06-23,shorts,word,66,100,"YouTube, YouTube AU",2022-02-14
2026-06-23,covid,word,60,97,"Google Alerts, Reddit, YouTube, YouTube AU",2020-09-07
2026-06-23,health,word,59,74,"Google Alerts, Reddit, YouTube, YouTube AU",2021-06-29
2026-06-23,flu,word,57,87,"Google Alerts, YouTube, YouTube AU",2026-05-01
2026-06-23,toothpaste,word,54,62,"Google Alerts, YouTube, YouTube AU",2018-10-13
2026-06-23,vaccines,word,49,56,"Google Alerts, Reddit, YouTube, YouTube AU",2021-05-27
2026-06-23,baby,word,31,34,"Google Alerts, YouTube",2025-06-29
2026-06-23,new,word,29,33,"Google Alerts, Reddit, YouTube, YouTube AU",2021-01-10
2026-06-23,news,word,27,95,"Google Alerts, Reddit, YouTube, YouTube AU",2021-04-16
2026-06-23,fried,word,23,31,YouTube,2026-06-13
2026-06-23,fried fluoride,phrase,23,31,YouTube,2026-06-13
2026-06-23,covid vaccine,phrase,23,25,"Google Alerts, Reddit, YouTube, YouTube AU",2020-09-07
2026-06-23,cancer,word,22,27,"Google Alerts, YouTube, YouTube AU",2026-03-05
2026-06-23,get,word,22,27,"Google Alerts, Reddit, YouTube, YouTube AU",2026-01-22
2026-06-23,one,word,22,24,"Google Alerts, Reddit, YouTube, YouTube AU",2022-01-02
2026-06-23,hpv,word,21,24,"Google Alerts, YouTube, YouTube AU",2026-06-06
2026-06-23,viral,word,20,26,YouTube,2026-06-13
2026-06-23,kids,word,20,26,"Google Alerts, Reddit, YouTube, YouTube AU",2013-05-07
2026-06-23,vaccinations,word,20,21,"Google Alerts, Reddit, YouTube, YouTube AU",2021-09-12
2026-06-23,australian,word,19,29,"Google Alerts, Reddit, YouTube AU",2010-10-08
2026-06-23,deaths,word,19,22,"Google Alerts, YouTube, YouTube AU",2021-01-17
2026-06-23,fluoride-free,word,19,21,"Google Alerts, YouTube, YouTube AU",2018-10-13
2026-06-23,truth,word,19,19,"YouTube, YouTube AU",2010-10-10
2026-06-23,study,word,18,21,"Google Alerts, Reddit, YouTube, YouTube AU",2022-05-26
2026-06-23,risk,word,18,21,"Google Alerts, Reddit, YouTube",2022-05-26
2026-06-23,day,word,18,18,"YouTube, YouTube AU",2026-05-30
2026-06-23,winter,word,17,29,"Google Alerts, YouTube AU",2026-05-01
2026-06-23,children,word,17,19,"Google Alerts, Reddit, YouTube, YouTube AU",2008-11-04
2026-06-23,dog,word,16,16,"Google Alerts, YouTube",2026-06-13
2026-06-23,program,word,15,22,"Google Alerts, Reddit, YouTube, YouTube AU",2022-05-23
2026-06-23,rsv,word,15,19,"Google Alerts, Reddit, YouTube AU",2026-02-04
2026-06-23,hpv vaccine,phrase,15,18,"Google Alerts, YouTube, YouTube AU",2026-06-06
2026-06-23,first,word,15,17,"Google Alerts, YouTube",2026-06-12
2026-06-23,flu vaccine,phrase,15,17,"Google Alerts, YouTube, YouTube AU",2026-05-27
2026-06-23,flu vaccination,phrase,14,18,"Google Alerts, YouTube",2026-06-12
2026-06-23,know,word,14,15,"Google Alerts, YouTube, YouTube AU",2019-11-07
2026-06-23,influenza,word,13,23,"Google Alerts, YouTube",2026-06-11
2026-06-23,season,word,13,19,"Google Alerts, YouTube, YouTube AU",2026-05-01
2026-06-23,outbreak,word,13,17,"Google Alerts, YouTube, YouTube AU",2026-05-21
2026-06-23,stop,word,13,15,"Google Alerts, YouTube, YouTube AU",2015-12-25
2026-06-23,cervical,word,13,15,"Google Alerts, YouTube, YouTube AU",2026-06-13
2026-06-23,cervical cancer,phrase,13,15,"Google Alerts, YouTube, YouTube AU",2026-06-13
2026-06-23,review,word,13,14,"Google Alerts, YouTube, YouTube AU",2024-08-12
2026-06-23,care,word,13,14,"Google Alerts, Reddit, YouTube, YouTube AU",2022-04-06
2026-06-23,fluoride toothpaste,phrase,13,13,"Google Alerts, YouTube",2026-05-10
2026-06-23,vaccination day,phrase,13,13,YouTube,2026-06-13
2026-06-23,diphtheria,word,13,13,"Google Alerts, YouTube, YouTube AU",2026-05-20
2026-06-23,trending,word,12,27,YouTube,2026-04-09
2026-06-23,ebola,word,12,18,"Google Alerts, YouTube, YouTube AU",2026-05-24
2026-06-23,could,word,12,14,"Google Alerts, Reddit, YouTube, YouTube AU",2022-05-23
2026-06-23,best,word,12,13,"Google Alerts, YouTube, YouTube AU",2023-12-25
2026-06-23,disease,word,12,13,"Google Alerts, Reddit, YouTube",2023-06-24
2026-06-23,doctor,word,12,13,"Google Alerts, Reddit, YouTube",2025-08-10
2026-06-23,child,word,12,12,"Reddit, YouTube",2025-12-11
2026-06-23,drinking,word,12,12,"YouTube, YouTube AU",2012-08-04
2026-06-23,alternative,word,12,12,"Google Alerts, YouTube",2009-09-02
2026-06-23,lies,word,12,12,"YouTube, YouTube AU",2022-12-05
2026-06-23,ytshorts,word,12,12,YouTube,2026-06-14
2026-06-23,hospital,word,12,12,"Google Alerts, YouTube, YouTube AU",2026-05-14
2026-06-23,teeth,word,12,12,"Google Alerts, YouTube, YouTube AU",2026-05-08
2026-06-23,youtube,word,11,20,"YouTube, YouTube AU",2026-06-14
2026-06-23,big,word,11,16,"Google Alerts, Reddit, YouTube, YouTube AU",2024-01-24
2026-06-23,mrna,word,11,15,"Google Alerts, Reddit, YouTube",2021-06-22
2026-06-23,immunisation,word,11,13,"Google Alerts, YouTube",2026-06-12
2026-06-23,better,word,11,12,"Google Alerts, YouTube",2022-01-10
2026-06-23,science,word,11,12,"Google Alerts, YouTube",2025-12-13
2026-06-23,hidden,word,11,11,"Google Alerts, YouTube",2026-04-28
2026-06-23,video,word,11,11,"Google Alerts, YouTube, YouTube AU",2018-01-24
2026-06-23,treatment,word,11,11,"Google Alerts, Reddit, YouTube",2022-05-23
2026-06-23,injection,word,10,21,"Google Alerts, YouTube",2026-06-12
2026-06-23,may,word,10,14,"Google Alerts, Reddit, YouTube, YouTube AU",2025-05-01
2026-06-23,supply,word,10,13,"Google Alerts, YouTube, YouTube AU",2013-02-23
2026-06-23,today,word,10,13,"Google Alerts, YouTube, YouTube AU",2015-12-25
2026-06-23,pandemic,word,10,13,"Google Alerts, Reddit, YouTube",2023-09-22
2026-06-23,hepatitis,word,10,12,"Google Alerts, Reddit, YouTube",2022-04-26
2026-06-23,type,word,10,12,YouTube,2026-06-13
2026-06-23,beat,word,10,12,YouTube,2026-06-13
2026-06-23,type beat,phrase,10,12,YouTube,2026-06-13
2026-06-23,drinking water,phrase,10,10,"YouTube, YouTube AU",2012-08-04
2026-06-23,australia's,word,10,10,"Google Alerts, YouTube AU",2016-02-29
2026-06-23,vaccination program,phrase,9,16,"Google Alerts, Reddit, YouTube, YouTube AU",2022-05-23
2026-06-23,part,word,9,13,"Google Alerts, Reddit, YouTube, YouTube AU",2011-05-05
2026-06-23,flu season,phrase,9,13,"Google Alerts, YouTube AU",2026-05-01
2026-06-23,toxic,word,9,12,"YouTube, YouTube AU",2020-11-18
2026-06-23,protect,word,9,12,"Google Alerts, YouTube",2025-06-29
2026-06-23,community,word,9,11,"Google Alerts, YouTube, YouTube AU",2026-06-12
2026-06-23,year,word,9,11,"Google Alerts, YouTube",2026-05-08
2026-06-23,vaccinated,word,9,11,"Google Alerts, YouTube, YouTube AU",2026-05-01
2026-06-23,public,word,9,10,"Google Alerts, YouTube, YouTube AU",2022-10-08
2026-06-23,council,word,9,10,"Google Alerts, YouTube, YouTube AU",2011-05-05
2026-06-23,fda,word,9,10,"Google Alerts, Reddit, YouTube",2025-06-03
2026-06-23,research,word,9,10,"Google Alerts, YouTube",2026-06-12
2026-06-23,prevention,word,9,10,"Google Alerts, YouTube",2026-06-13
2026-06-23,safe,word,9,10,"YouTube, YouTube AU",2024-06-17
2026-06-23,june,word,9,10,"Google Alerts, YouTube",2026-06-12
2026-06-23,fluoride-free toothpaste,phrase,9,10,YouTube,2026-06-16
2026-06-23,south,word,9,10,"Google Alerts, Reddit, YouTube AU",2022-01-02
2026-06-23,covid vaccines,phrase,9,9,"Google Alerts, Reddit, YouTube",2022-04-01
2026-06-23,actually,word,9,9,YouTube,2025-03-02
2026-06-23,debate,word,9,9,"Google Alerts, YouTube, YouTube AU",2024-10-12
2026-06-23,remove,word,9,9,"Google Alerts, YouTube, YouTube AU",2013-02-23
2026-06-23,remove fluoride,phrase,9,9,"Google Alerts, YouTube, YouTube AU",2013-02-23
2026-06-23,shocking,word,9,9,YouTube,2024-08-27
2026-06-23,cutebaby,word,9,9,YouTube,2026-06-13
2026-06-23,protection,word,9,9,"Google Alerts, YouTube",2026-05-25
2026-06-23,shingles,word,9,9,"Google Alerts, YouTube, YouTube AU",2026-04-29
2026-06-23,rates,word,9,9,"Google Alerts, YouTube, YouTube AU",2026-04-26
2026-06-23,medical,word,8,14,"Google Alerts, YouTube, YouTube AU",2025-12-09
2026-06-23,pharmacy,word,8,13,"Google Alerts, YouTube",2025-05-02
2026-06-23,july,word,8,12,"Google Alerts, Reddit",2022-07-05
2026-06-23,water supply,phrase,8,11,"Google Alerts, YouTube, YouTube AU",2013-02-23
2026-06-23,dengue,word,8,11,"Google Alerts, YouTube",2026-06-15
2026-06-23,done,word,8,10,"Reddit, YouTube",2025-05-16
2026-06-23,healthcare,word,8,10,"Google Alerts, YouTube",2026-04-14
2026-06-23,clinic,word,8,10,"Google Alerts, YouTube",2026-06-14
2026-06-23,free toothpaste,phrase,8,10,"YouTube, YouTube AU",2022-12-21
2026-06-23,waste,word,8,9,"YouTube, YouTube AU",2012-08-04
2026-06-23,tap,word,8,9,YouTube,2024-04-19
2026-06-23,tap water,phrase,8,9,YouTube,2024-04-19
2026-06-23,body,word,8,9,"Google Alerts, YouTube",2026-05-13
2026-06-23,month,word,8,9,"Google Alerts, YouTube, YouTube AU",2022-01-02
2026-06-23,case,word,8,9,"Google Alerts, Reddit, YouTube, YouTube AU",2015-03-01
2026-06-23,shows,word,8,8,"Google Alerts, Reddit, YouTube",2022-04-05
2026-06-23,use,word,8,8,"Google Alerts, YouTube",2025-10-06
2026-06-23,never,word,8,8,YouTube,2026-04-14
2026-06-23,vlog,word,8,8,"YouTube, YouTube AU",2026-05-30
2026-06-23,explained,word,8,8,"Google Alerts, YouTube, YouTube AU",2024-09-01
2026-06-23,minivlog,word,8,8,YouTube,2026-06-13
2026-06-23,women,word,8,8,"Google Alerts, YouTube",2026-06-13
2026-06-23,healthy,word,8,8,"Google Alerts, YouTube",2013-05-07
2026-06-23,shingles vaccine,phrase,8,8,"Google Alerts, YouTube, YouTube AU",2026-06-15
2026-06-23,queensland,word,8,8,"Google Alerts, Reddit, YouTube AU",2014-12-05
2026-06-23,warning,word,8,8,"Google Alerts, YouTube AU",2026-06-11
2026-06-23,melbourne,word,7,15,"Google Alerts, Reddit, YouTube AU",2025-08-10
2026-06-23,risks,word,7,10,"Google Alerts, YouTube, YouTube AU",2024-11-04
2026-06-23,nsw,word,7,10,"Google Alerts, YouTube AU",2026-05-27
2026-06-23,respiratory,word,7,10,Google Alerts,2026-06-16
2026-06-23,doctors,word,7,9,"Google Alerts, Reddit, YouTube",2021-10-02
2026-06-23,covid vaccination,phrase,7,9,"Google Alerts, Reddit, YouTube",2021-06-29
2026-06-23,bird,word,7,9,Google Alerts,2026-06-20
2026-06-23,bird flu,phrase,7,9,Google Alerts,2026-06-20
2026-06-23,years,word,7,8,"Google Alerts, Reddit, YouTube",2025-05-18
2026-06-23,system,word,7,8,"Google Alerts, YouTube, YouTube AU",2022-10-08
2026-06-23,newborn,word,7,8,YouTube,2026-06-14
2026-06-23,time,word,7,8,"Google Alerts, YouTube",2026-06-12
2026-06-23,cute,word,7,8,YouTube,2026-06-13
2026-06-23,hydroxyapatite,word,7,8,YouTube,2026-06-13
2026-06-23,people,word,7,8,"Google Alerts, Reddit, YouTube",2025-05-23
2026-06-23,rsv vaccination,phrase,7,8,Google Alerts,2026-06-12
2026-06-23,works,word,7,7,"Google Alerts, YouTube",2022-01-10
2026-06-23,vaccine deaths,phrase,7,7,"YouTube, YouTube AU",2021-01-17
2026-06-23,really,word,7,7,"YouTube, YouTube AU",2024-06-17
2026-06-23,removes,word,7,7,"Google Alerts, YouTube, YouTube AU",2024-06-03
2026-06-23,rfk,word,7,7,"Google Alerts, YouTube, YouTube AU",2025-04-25
2026-06-23,alternative vaccine,phrase,7,7,YouTube,2009-09-02
2026-06-23,cover,word,7,7,"Google Alerts, YouTube",2026-06-12
2026-06-23,dementia,word,7,7,"Google Alerts, YouTube, YouTube AU",2026-04-29
2026-06-23,still,word,7,7,"Google Alerts, YouTube, YouTube AU",2017-03-08
2026-06-23,lives,word,7,7,"Google Alerts, Reddit, YouTube, YouTube AU",2022-05-23
2026-06-23,dthshow,word,7,7,YouTube,2026-06-17
2026-06-23,national,word,6,25,"Google Alerts, YouTube, YouTube AU",2026-04-26
2026-06-23,goat,word,6,20,YouTube,2026-06-13
2026-06-23,virus,word,6,10,"Google Alerts, YouTube",2026-06-12
2026-06-23,update,word,6,9,"Google Alerts, YouTube",2026-06-11
2026-06-23,fyp,word,6,9,YouTube,2026-06-16
2026-06-23,cases,word,6,9,"Google Alerts, YouTube AU",2026-05-20
2026-06-23,nano,word,6,8,"YouTube, YouTube AU",2026-05-14
2026-06-23,local,word,6,8,Google Alerts,2026-06-12
2026-06-23,here's,word,6,7,"Google Alerts, YouTube",2026-04-27
2026-06-23,farming,word,6,7,"Reddit, YouTube",2025-05-19
2026-06-23,young,word,6,7,"Google Alerts, YouTube",2026-05-12
2026-06-23,reveals,word,6,7,"Google Alerts, YouTube",2026-04-08
2026-06-23,sparks,word,6,7,"Google Alerts, YouTube, YouTube AU",2025-10-09
2026-06-23,back,word,6,7,"Google Alerts, YouTube, YouTube AU",2014-12-05
2026-06-23,future,word,6,7,"Google Alerts, YouTube",2026-06-05
2026-06-23,university,word,6,7,"Google Alerts, YouTube, YouTube AU",2026-04-01
2026-06-23,shot,word,6,7,"Google Alerts, YouTube",2013-09-19
2026-06-23,house,word,6,7,"Google Alerts, YouTube, YouTube AU",2017-02-28
2026-06-23,another,word,6,7,"Google Alerts, Reddit, YouTube",2021-09-12
2026-06-23,finds,word,6,7,"Google Alerts, YouTube",2026-06-13
2026-06-23,study finds,phrase,6,7,"Google Alerts, YouTube",2026-06-13
2026-06-23,measles,word,6,7,"Google Alerts, YouTube, YouTube AU",2026-06-07
2026-06-23,immunization,word,6,7,YouTube,2026-06-17
2026-06-23,get vaccinated,phrase,6,7,"Google Alerts, YouTube, YouTube AU",2026-05-01
2026-06-23,short,word,6,6,"YouTube, YouTube AU",2020-04-10
2026-06-23,removes fluoride,phrase,6,6,"YouTube, YouTube AU",2024-06-03
2026-06-23,best fluoride,phrase,6,6,"YouTube, YouTube AU",2023-12-25
2026-06-23,filters,word,6,6,"YouTube, YouTube AU",2024-08-12
2026-06-23,made,word,6,6,YouTube,2012-08-04
2026-06-23,industrial,word,6,6,"YouTube, YouTube AU",2016-03-12
2026-06-23,dangers,word,6,6,YouTube,2011-12-04
2026-06-23,dentist,word,6,6,"Google Alerts, YouTube",2025-11-13
2026-06-23,city,word,6,6,"Google Alerts, YouTube, YouTube AU",2011-05-05
2026-06-23,youtubeshorts,word,6,6,YouTube,2026-06-13
2026-06-23,viralvideo,word,6,6,YouTube,2026-06-13
2026-06-23,dental,word,6,6,"Google Alerts, YouTube",2025-05-02
2026-06-23,facts,word,6,6,"Google Alerts, YouTube, YouTube AU",2022-01-22
2026-06-23,whitening,word,6,6,"Google Alerts, YouTube",2026-06-12
2026-06-23,love,word,6,6,YouTube,2025-06-29
2026-06-23,reduce,word,6,6,"Google Alerts, Reddit, YouTube",2021-06-22
2026-06-23,guide,word,6,6,"Google Alerts, YouTube, YouTube AU",2026-06-14
2026-06-23,baby vaccination,phrase,6,6,YouTube,2026-06-13
2026-06-23,dog vaccination,phrase,6,6,YouTube,2026-06-13
2026-06-23,dangerous,word,6,6,"Google Alerts, Reddit, YouTube, YouTube AU",2024-04-25
2026-06-23,vaccine lies,phrase,6,6,YouTube,2025-10-11
2026-06-23,big pharma,phrase,6,6,"Reddit, YouTube, YouTube AU",2024-01-24
2026-06-23,report,word,6,6,"Google Alerts, YouTube, YouTube AU",2015-12-25
2026-06-23,puppy,word,6,6,YouTube,2026-06-14
2026-06-23,prevent,word,6,6,"Google Alerts, YouTube",2026-06-14
2026-06-23,advice,word,6,6,"Google Alerts, Reddit, YouTube",2022-04-11
2026-06-23,controversy,word,6,6,"YouTube, YouTube AU",2025-10-09
2026-06-23,right,word,6,6,"YouTube, YouTube AU",2019-11-07
2026-06-23,dthshow youtube,phrase,6,6,YouTube,2026-06-17
2026-06-23,adults,word,6,6,"Google Alerts, Reddit, YouTube, YouTube AU",2022-04-08
2026-06-23,need,word,6,6,"Google Alerts, YouTube, YouTube AU",2024-11-10
2026-06-23,government,word,6,6,"Google Alerts, Reddit, YouTube AU",2019-03-25
2026-06-23,shortsfeed,word,5,26,YouTube,2026-06-13
2026-06-23,weekly,word,5,12,"Google Alerts, Reddit",2025-11-15
2026-06-23,pneumococcal,word,5,9,"Google Alerts, YouTube",2026-06-14
2026-06-23,western,word,5,8,"Google Alerts, YouTube AU",2013-02-12
2026-06-23,viruses,word,5,8,Google Alerts,2026-06-17
2026-06-23,daily,word,5,7,"Google Alerts, YouTube, YouTube AU",2026-04-27
2026-06-23,almost,word,5,7,"Google Alerts, YouTube",2026-06-13
2026-06-23,global,word,5,7,"Google Alerts, YouTube, YouTube AU",2026-06-14
2026-06-23,stronger,word,5,7,"Google Alerts, YouTube",2022-01-22
2026-06-23,victoria,word,5,7,Google Alerts,2026-06-15
2026-06-23,history,word,5,6,"Google Alerts, YouTube",2013-12-14
2026-06-23,court,word,5,6,"Reddit, YouTube, YouTube AU",2022-07-05
2026-06-23,incelcore,word,5,6,YouTube,2026-06-13
2026-06-23,rock,word,5,6,YouTube,2026-06-13
2026-06-23,punk,word,5,6,YouTube,2026-06-13
2026-06-23,third,word,5,6,"Google Alerts, YouTube",2026-05-09
2026-06-23,don't,word,5,6,"Google Alerts, YouTube, YouTube AU",2019-03-25
2026-06-23,high,word,5,6,"Google Alerts, Reddit, YouTube",2022-11-04
2026-06-23,cdc,word,5,6,"Google Alerts, YouTube",2022-01-22
2026-06-23,smart,word,5,6,"Google Alerts, YouTube",2025-06-29
2026-06-23,world's,word,5,6,"Google Alerts, YouTube",2026-06-14
2026-06-23,dengue vaccine,phrase,5,6,YouTube,2026-06-15
2026-06-23,rise,word,5,6,"Google Alerts, YouTube",2026-06-12
2026-06-23,help,word,5,6,"Google Alerts, Reddit, YouTube",2026-01-22
2026-06-23,getting,word,5,6,"Google Alerts, Reddit, YouTube, YouTube AU",2021-09-12
2026-06-23,livestock,word,5,6,"Google Alerts, YouTube",2026-06-12
2026-06-23,deadly,word,5,6,"Google Alerts, Reddit, YouTube",2024-04-29
2026-06-23,nasal,word,5,6,"Google Alerts, YouTube, YouTube AU",2026-05-27
2026-06-23,natural toothpaste,phrase,5,6,"Google Alerts, YouTube, YouTube AU",2018-10-13
2026-06-23,please,word,5,6,"Reddit, YouTube, YouTube AU",2021-06-25
2026-06-23,coast,word,5,6,"Google Alerts, Reddit, YouTube AU",2013-02-23
2026-06-23,south australia,phrase,5,6,"Google Alerts, Reddit",2024-04-15
2026-06-23,boost,word,5,6,Google Alerts,2026-06-11
2026-06-23,warns,word,5,6,Google Alerts,2026-06-13
2026-06-23,sydney,word,5,6,Google Alerts,2026-06-15
2026-06-23,what's,word,5,5,"Google Alerts, YouTube, YouTube AU",2025-04-13
2026-06-23,pfizer,word,5,5,"Reddit, YouTube, YouTube AU",2021-01-17
2026-06-23,vax,word,5,5,"Reddit, YouTube",2022-04-05
2026-06-23,exposed,word,5,5,"YouTube, YouTube AU",2026-03-06
2026-06-23,chlorine,word,5,5,"Google Alerts, YouTube",2026-04-07
2026-06-23,top,word,5,5,"YouTube, YouTube AU",2021-09-01
2026-06-23,smile,word,5,5,YouTube,2026-05-14
2026-06-23,song,word,5,5,YouTube,2025-11-29
2026-06-23,every,word,5,5,YouTube,2026-06-14
2026-06-23,rabies,word,5,5,YouTube,2022-09-25
2026-06-23,shortvideo,word,5,5,YouTube,2026-06-13
2026-06-23,schedules,word,5,5,YouTube,2013-09-19
2026-06-23,without,word,5,5,"Google Alerts, YouTube, YouTube AU",2022-09-25
2026-06-23,pineal,word,5,5,"YouTube, YouTube AU",2024-07-13
2026-06-23,think,word,5,5,YouTube,2026-06-11
2026-06-23,brushing,word,5,5,YouTube,2026-06-13
2026-06-23,systems,word,5,5,"Google Alerts, YouTube",2026-06-10
2026-06-23,colgate,word,5,5,"Google Alerts, YouTube",2026-06-13
2026-06-23,it's,word,5,5,"Google Alerts, YouTube",2025-06-29
2026-06-23,concerns,word,5,5,"Google Alerts, YouTube",2024-11-10
2026-06-23,effects,word,5,5,"YouTube, YouTube AU",2011-12-04
2026-06-23,rollout,word,5,5,"Google Alerts, YouTube, YouTube AU",2022-10-12
2026-06-23,parents,word,5,5,"Google Alerts, Reddit, YouTube",2026-05-13
2026-06-23,important,word,5,5,"Google Alerts, YouTube",2026-06-13
2026-06-23,lied,word,5,5,"YouTube, YouTube AU",2020-09-07
2026-06-23,lie,word,5,5,YouTube,2025-11-13
2026-06-23,give,word,5,5,"Reddit, YouTube",2020-03-13
2026-06-23,mandate,word,5,5,"Reddit, YouTube",2023-09-22
2026-06-23,visit,word,5,5,"Google Alerts, YouTube",2026-06-14
2026-06-23,heart,word,5,5,"Google Alerts, Reddit, YouTube, YouTube AU",2025-08-10
2026-06-23,cavities,word,5,5,YouTube,2026-06-16
2026-06-23,got,word,5,5,"YouTube, YouTube AU",2026-06-16
2026-06-23,side,word,5,5,"Reddit, YouTube, YouTube AU",2024-04-29
2026-06-23,education,word,4,11,"Google Alerts, YouTube",2026-06-18
2026-06-23,times,word,4,9,Google Alerts,2026-06-16
2026-06-23,slowed,word,4,8,YouTube,2026-06-13
2026-06-23,long,word,4,7,"Google Alerts, Reddit, YouTube",2020-03-25
2026-06-23,november,word,4,7,"Google Alerts, Reddit, YouTube",2022-11-04
2026-06-23,department,word,4,7,"Google Alerts, Reddit",2022-07-05
2026-06-23,influenza vaccination,phrase,4,7,Google Alerts,2026-06-16
2026-06-23,alert,word,4,7,Google Alerts,2026-06-18
2026-06-23,nurse,word,4,6,"Google Alerts, YouTube",2026-06-14
2026-06-23,says,word,4,6,"Google Alerts, YouTube",2025-12-11
2026-06-23,farm,word,4,6,YouTube,2026-06-14
2026-06-23,cow,word,4,6,"Reddit, YouTube",2025-05-18
2026-06-23,loss,word,4,6,"Google Alerts, YouTube",2026-05-16
2026-06-23,flu vaccines,phrase,4,6,"Google Alerts, YouTube",2026-06-18
2026-06-23,hub,word,4,6,"Google Alerts, YouTube",2026-06-12
2026-06-23,star,word,4,6,Google Alerts,2026-06-12
2026-06-23,star weekly,phrase,4,6,Google Alerts,2026-06-12
2026-06-23,primary,word,4,6,Google Alerts,2026-06-12
2026-06-23,manufacturing,word,4,6,Google Alerts,2026-06-15
2026-06-23,respiratory viruses,phrase,4,6,Google Alerts,2026-06-17
2026-06-23,fertilizer,word,4,5,YouTube,2025-04-24
2026-06-23,toxic byproduct,phrase,4,5,YouTube,2024-08-27
2026-06-23,watch,word,4,5,"Google Alerts, YouTube, YouTube AU",2024-06-29
2026-06-23,hepatitis vaccine,phrase,4,5,"Google Alerts, YouTube",2026-06-13
2026-06-23,ended,word,4,5,"Google Alerts, YouTube",2025-02-11
2026-06-23,punk rock,phrase,4,5,YouTube,2026-06-13
2026-06-23,rock type,phrase,4,5,YouTube,2026-06-13
2026-06-23,vaccination shorts,phrase,4,5,YouTube,2026-06-13
2026-06-23,inside,word,4,5,"Google Alerts, YouTube, YouTube AU",2024-06-29
2026-06-23,whole,word,4,5,"Google Alerts, YouTube, YouTube AU",2016-06-22
2026-06-23,story,word,4,5,"Google Alerts, YouTube, YouTube AU",2024-06-29
2026-06-23,benefits,word,4,5,"Google Alerts, YouTube",2026-06-14
2026-06-23,china,word,4,5,"Google Alerts, YouTube, YouTube AU",2021-01-18
2026-06-23,make,word,4,5,"Google Alerts, YouTube",2026-06-12
2026-06-23,helps,word,4,5,"Google Alerts, YouTube",2026-06-14
2026-06-23,second,word,4,5,"Google Alerts, YouTube, YouTube AU",2013-02-12
2026-06-23,influenza vaccine,phrase,4,5,"Google Alerts, YouTube",2026-06-11
2026-06-23,baby vaccine,phrase,4,5,YouTube,2026-06-13
2026-06-23,nano hydroxyapatite,phrase,4,5,YouTube,2026-06-15
2026-06-23,protecting,word,4,5,"Google Alerts, YouTube",2026-06-19
2026-06-23,major,word,4,5,"Google Alerts, YouTube, YouTube AU",2023-12-13
2026-06-23,spray,word,4,5,"Google Alerts, YouTube, YouTube AU",2026-05-27
2026-06-23,nasal spray,phrase,4,5,"Google Alerts, YouTube, YouTube AU",2026-05-27
2026-06-23,book,word,4,5,"Google Alerts, YouTube",2026-06-12
2026-06-23,perth,word,4,5,"Google Alerts, Reddit, YouTube AU",2013-02-12
2026-06-23,policy,word,4,5,Google Alerts,2026-06-12
2026-06-23,online,word,4,5,Google Alerts,2026-06-12
2026-06-23,travel,word,4,5,Google Alerts,2026-06-14
2026-06-23,mpox,word,4,5,Google Alerts,2026-06-16
2026-06-23,diseases,word,4,5,Google Alerts,2026-06-16
2026-06-23,stock,word,4,5,Google Alerts,2026-06-17
2026-06-23,strategy,word,4,4,"Google Alerts, YouTube",2022-02-28
2026-06-23,added,word,4,4,"YouTube, YouTube AU",2020-11-18
2026-06-23,safety,word,4,4,"Reddit, YouTube",2022-05-23
2026-06-23,fluoride tap,phrase,4,4,YouTube,2024-04-19
2026-06-23,trust,word,4,4,"Google Alerts, YouTube",2025-12-09
2026-06-23,shower,word,4,4,"Google Alerts, YouTube",2026-04-19
2026-06-23,shower filter,phrase,4,4,"Google Alerts, YouTube",2026-04-19
2026-06-23,industrial byproduct,phrase,4,4,YouTube,2016-03-12
2026-06-23,question,word,4,4,YouTube,2026-01-12
2026-06-23,public health,phrase,4,4,"Google Alerts, YouTube, YouTube AU",2024-03-22
2026-06-23,pets,word,4,4,YouTube,2026-06-14
2026-06-23,oral,word,4,4,"Google Alerts, YouTube",2026-06-08
2026-06-23,annual,word,4,4,"Google Alerts, YouTube",2026-06-13
2026-06-23,vaccine schedules,phrase,4,4,YouTube,2013-09-19
2026-06-23,mccullough,word,4,4,YouTube,2026-03-24
2026-06-23,cause,word,4,4,"Google Alerts, YouTube",2026-04-08
2026-06-23,shocking vaccine,phrase,4,4,YouTube,2026-01-15
2026-06-23,gland,word,4,4,"YouTube, YouTube AU",2024-07-13
2026-06-23,pineal gland,phrase,4,4,"YouTube, YouTube AU",2024-07-13
2026-06-23,real,word,4,4,"Google Alerts, YouTube",2026-05-10
2026-06-23,federal,word,4,4,"Reddit, YouTube, YouTube AU",2022-07-05
2026-06-23,rtbrkr,word,4,4,YouTube,2026-06-13
2026-06-23,quality,word,4,4,"Google Alerts, YouTube",2026-06-13
2026-06-23,toothpaste review,phrase,4,4,"YouTube, YouTube AU",2026-02-19
2026-06-23,fluoride drinking,phrase,4,4,YouTube,2024-11-10
2026-06-23,world,word,4,4,"Google Alerts, YouTube",2011-12-04
2026-06-23,importance,word,4,4,"Google Alerts, YouTube",2026-06-13
2026-06-23,babycare,word,4,4,YouTube,2026-06-13
2026-06-23,new vaccine,phrase,4,4,YouTube,2026-06-14
2026-06-23,tetanus,word,4,4,"Google Alerts, YouTube",2026-06-13
2026-06-23,pregnant,word,4,4,"Google Alerts, YouTube",2026-06-13
2026-06-23,results,word,4,4,"Google Alerts, YouTube, YouTube AU",2022-12-21
2026-06-23,pet,word,4,4,"Google Alerts, YouTube",2026-05-29
2026-06-23,podcast,word,4,4,YouTube,2025-02-13
2026-06-23,medicine,word,4,4,"Google Alerts, YouTube",2016-06-22
2026-06-23,effective,word,4,4,"Google Alerts, YouTube",2022-01-27
2026-06-23,makes,word,4,4,"Google Alerts, YouTube, YouTube AU",2025-12-31
2026-06-23,way,word,4,4,"Google Alerts, YouTube",2012-08-04
2026-06-23,nursing,word,4,4,"Google Alerts, YouTube",2026-06-12
2026-06-23,like,word,4,4,YouTube,2026-06-13
2026-06-23,vaccine mandate,phrase,4,4,YouTube,2026-06-14
2026-06-23,human,word,4,4,"Google Alerts, YouTube",2026-06-14
2026-06-23,world's first,phrase,4,4,"Google Alerts, YouTube",2026-06-14
2026-06-23,power,word,4,4,"YouTube, YouTube AU",2024-03-22
2026-06-23,breaking,word,4,4,"Google Alerts, YouTube",2025-12-11
2026-06-23,you're,word,4,4,"Google Alerts, YouTube",2026-06-13
2026-06-23,vaccinate,word,4,4,"Google Alerts, YouTube",2026-06-11
2026-06-23,bcg,word,4,4,YouTube,2026-06-14
2026-06-23,fluoride actually,phrase,4,4,YouTube,2026-06-14
2026-06-23,role,word,4,4,"Google Alerts, YouTube",2025-05-02
2026-06-23,available,word,4,4,"Reddit, YouTube",2022-01-23
2026-06-23,sick,word,4,4,"Google Alerts, YouTube",2026-06-14
2026-06-23,machine,word,4,4,"Google Alerts, YouTube, YouTube AU",2026-06-14
2026-06-23,pregnancy,word,4,4,"Google Alerts, YouTube",2026-06-13
2026-06-23,receive,word,4,4,"Google Alerts, YouTube",2026-06-14
2026-06-23,would,word,4,4,"Google Alerts, YouTube, YouTube AU",2025-01-12
2026-06-23,linked,word,4,4,"Google Alerts, YouTube",2026-05-16
2026-06-23,save,word,4,4,"Google Alerts, YouTube",2026-06-15
2026-06-23,cattle,word,4,4,"Google Alerts, YouTube",2026-06-14
2026-06-23,cat,word,4,4,"Google Alerts, YouTube",2026-06-15
2026-06-23,want,word,4,4,"YouTube, YouTube AU",2019-03-25
2026-06-23,complete,word,4,4,"YouTube, YouTube AU",2026-02-19
2026-06-23,level,word,4,4,"Google Alerts, YouTube",2026-06-16
2026-06-23,mandatory,word,4,4,"Reddit, YouTube",2021-09-12
2026-06-23,forever,word,4,4,"YouTube, YouTube AU",2024-06-03
2026-06-23,end,word,4,4,"Google Alerts, YouTube",2026-06-16
2026-06-23,push,word,4,4,"Google Alerts, YouTube",2022-01-10
2026-06-23,parenting,word,4,4,YouTube,2026-06-17
2026-06-23,dentalhealth,word,4,4,YouTube,2026-06-16
2026-06-23,effect,word,4,4,"Reddit, YouTube",2024-04-29
2026-06-23,matters,word,4,4,"Google Alerts, YouTube",2026-06-12
2026-06-23,vaccine injection,phrase,4,4,YouTube,2026-06-18
2026-06-23,start,word,4,4,"Google Alerts, YouTube",2026-06-11
2026-06-23,diamine,word,4,4,"Google Alerts, YouTube",2026-06-13
2026-06-23,silver,word,4,4,"Google Alerts, YouTube",2026-06-13
2026-06-23,diamine fluoride,phrase,4,4,"Google Alerts, YouTube",2026-06-13
2026-06-23,silver diamine,phrase,4,4,"Google Alerts, YouTube",2026-06-13
2026-06-23,experience,word,4,4,"Google Alerts, YouTube, YouTube AU",2022-12-21
2026-06-23,lower,word,4,4,"Google Alerts, YouTube",2026-06-16
2026-06-23,suggests,word,4,4,"Google Alerts, YouTube",2026-06-16
2026-06-23,study suggests,phrase,4,4,"Google Alerts, YouTube",2026-06-16
2026-06-23,extended,word,4,4,"Google Alerts, YouTube",2026-06-21
2026-06-23,early,word,4,4,"Google Alerts, Reddit, YouTube",2022-05-23
2026-06-23,episode,word,4,4,"Google Alerts, YouTube, YouTube AU",2025-10-29
2026-06-23,records,word,4,4,"Google Alerts, YouTube, YouTube AU",2026-05-20
2026-06-23,professional,word,4,4,"Google Alerts, Reddit, YouTube, YouTube AU",2026-04-05
2026-06-23,australia's water,phrase,4,4,YouTube AU,2016-02-29
2026-06-23,parliament,word,4,4,"Google Alerts, YouTube AU",2017-02-28
2026-06-23,diphtheria outbreak,phrase,4,4,"Google Alerts, YouTube AU",2026-05-21
2026-06-23,vaccine rates,phrase,4,4,"Google Alerts, YouTube AU",2026-04-26
2026-06-23,information,word,4,4,"Google Alerts, YouTube AU",2024-04-30
2026-06-23,gov,word,4,4,"Google Alerts, YouTube AU",2024-01-24
2026-06-23,older,word,4,4,"Google Alerts, Reddit",2025-06-03
2026-06-23,north,word,4,4,"Google Alerts, Reddit",2022-01-23
2026-06-23,weight-loss,word,4,4,Google Alerts,2026-06-11
2026-06-23,west,word,4,4,Google Alerts,2026-06-13
2026-06-23,updates,word,4,4,Google Alerts,2026-06-12
2026-06-23,amid,word,4,4,Google Alerts,2026-06-13
2026-06-23,designed,word,4,4,Google Alerts,2026-06-13
2026-06-23,centre,word,3,11,Google Alerts,2026-06-12
2026-06-23,statistics,word,3,10,"Reddit, YouTube",2025-11-07
2026-06-23,abc,word,3,9,"Google Alerts, YouTube, YouTube AU",2023-11-20
2026-06-23,experts,word,3,8,Google Alerts,2026-06-11
2026-06-23,paul,word,3,7,"YouTube, YouTube AU",2013-02-12
2026-06-23,com,word,3,7,"Google Alerts, YouTube",2026-06-11
2026-06-23,canberra,word,3,7,"Google Alerts, YouTube AU",2024-10-09
2026-06-23,connett,word,3,6,"YouTube, YouTube AU",2013-02-12
2026-06-23,paul connett,phrase,3,6,"YouTube, YouTube AU",2013-02-12
2026-06-23,viral trending,phrase,3,6,YouTube,2026-06-13
2026-06-23,discovery,word,3,6,"Google Alerts, YouTube",2026-06-20
2026-06-23,professor,word,3,5,"YouTube, YouTube AU",2020-03-19
2026-06-23,injection vaccination,phrase,3,5,YouTube,2026-06-12
2026-06-23,doctors update,phrase,3,5,"Google Alerts, YouTube",2026-06-11
2026-06-23,low,word,3,5,"Google Alerts, Reddit, YouTube",2025-05-19
2026-06-23,starts,word,3,5,"Google Alerts, YouTube",2026-06-16
2026-06-23,winter health,phrase,3,5,Google Alerts,2026-06-12
2026-06-23,flumist,word,3,5,Google Alerts,2026-06-15
2026-06-23,backs,word,3,5,Google Alerts,2026-06-15
2026-06-23,mrna manufacturing,phrase,3,5,Google Alerts,2026-06-15
2026-06-23,presentation,word,3,4,"Reddit, YouTube, YouTube AU",2020-03-25
2026-06-23,fluoride health,phrase,3,4,"YouTube, YouTube AU",2024-11-04
2026-06-23,expert,word,3,4,"Google Alerts, YouTube",2026-05-15
2026-06-23,reduction,word,3,4,YouTube,2026-04-17
2026-06-23,newbornbaby,word,3,4,YouTube,2026-06-13
2026-06-23,funding,word,3,4,"Google Alerts, YouTube",2026-06-11
2026-06-23,ruling,word,3,4,"YouTube, YouTube AU",2024-11-04
2026-06-23,eye,word,3,4,YouTube,2026-05-09
2026-06-23,third eye,phrase,3,4,YouTube,2026-05-09
2026-06-23,potential,word,3,4,"Google Alerts, YouTube",2024-11-10
2026-06-23,meningitis,word,3,4,"Google Alerts, YouTube",2026-06-12
2026-06-23,hesitancy,word,3,4,"Google Alerts, YouTube",2025-02-13
2026-06-23,vaccine hesitancy,phrase,3,4,"Google Alerts, YouTube",2025-02-13
2026-06-23,shots,word,3,4,"Google Alerts, YouTube",2026-04-30
2026-06-23,exposes,word,3,4,"YouTube, YouTube AU",2024-11-04
2026-06-23,pharmaceutical,word,3,4,"Google Alerts, YouTube",2025-12-09
2026-06-23,pneumococcal vaccination,phrase,3,4,"Google Alerts, YouTube",2026-06-14
2026-06-23,food,word,3,4,"YouTube, YouTube AU",2026-06-13
2026-06-23,free fried,phrase,3,4,YouTube,2026-06-16
2026-06-23,vaccination done,phrase,3,4,YouTube,2026-06-16
2026-06-23,fight,word,3,4,"Google Alerts, YouTube, YouTube AU",2026-06-15
2026-06-23,grows,word,3,4,"Google Alerts, YouTube, YouTube AU",2026-05-24
2026-06-23,current,word,3,4,"Google Alerts, YouTube, YouTube AU",2026-04-29
2026-06-23,infection,word,3,4,"Google Alerts, YouTube",2026-06-13
2026-06-23,vaccines protecting,phrase,3,4,"Google Alerts, YouTube",2026-06-19
2026-06-23,covid flu,phrase,3,4,"Google Alerts, YouTube",2026-06-18
2026-06-23,recent,word,3,4,"Google Alerts, YouTube, YouTube AU",2024-11-04
2026-06-23,flu outbreak,phrase,3,4,"Google Alerts, YouTube",2026-06-20
2026-06-23,childhood,word,3,4,"Google Alerts, YouTube, YouTube AU",2026-06-12
2026-06-23,cancer deaths,phrase,3,4,"Google Alerts, YouTube",2026-06-18
2026-06-23,carbon,word,3,4,"Google Alerts, YouTube",2026-06-17
2026-06-23,international,word,3,4,"Google Alerts, YouTube",2026-06-12
2026-06-23,moderna,word,3,4,"Google Alerts, YouTube",2026-06-17
2026-06-23,secret,word,3,4,"Google Alerts, YouTube",2026-06-16
2026-06-23,vaccination part,phrase,3,4,"Google Alerts, YouTube",2026-06-12
2026-06-23,cairns,word,3,4,"Google Alerts, YouTube AU",2024-11-10
2026-06-23,targets,word,3,4,"Google Alerts, YouTube AU",2026-05-28
2026-06-23,gympie,word,3,4,YouTube AU,2025-09-25
2026-06-23,gympie council,phrase,3,4,YouTube AU,2025-09-25
2026-06-23,find,word,3,4,"Google Alerts, YouTube AU",2026-05-24
2026-06-23,herald,word,3,4,"Google Alerts, YouTube AU",2023-12-13
2026-06-23,australians,word,3,4,"Google Alerts, YouTube AU",2019-03-25
2026-06-23,using,word,3,4,"Google Alerts, Reddit, YouTube AU",2015-12-25
2026-06-23,huge,word,3,4,"Google Alerts, Reddit",2022-05-26
2026-06-23,numbers,word,3,4,"Google Alerts, Reddit",2022-01-23
2026-06-23,influenza flu,phrase,3,4,Google Alerts,2026-06-12
2026-06-23,two,word,3,4,Google Alerts,2026-06-11
2026-06-23,residents,word,3,4,Google Alerts,2026-06-11
2026-06-23,defence,word,3,4,Google Alerts,2026-06-11
2026-06-23,ahead,word,3,4,Google Alerts,2026-06-12
2026-06-23,slow,word,3,4,Google Alerts,2026-06-11
2026-06-23,urged,word,3,4,Google Alerts,2026-06-13
2026-06-23,congo,word,3,4,Google Alerts,2026-06-15
2026-06-23,nsw health,phrase,3,4,Google Alerts,2026-06-16
2026-06-23,line,word,3,4,Google Alerts,2026-06-17
2026-06-23,first line,phrase,3,4,Google Alerts,2026-06-17
2026-06-23,removal,word,3,3,"YouTube, YouTube AU",2011-02-10
2026-06-23,fluoride removal,phrase,3,3,"YouTube, YouTube AU",2011-02-10
2026-06-23,latest,word,3,3,"Google Alerts, YouTube",2022-04-05
2026-06-23,toxic waste,phrase,3,3,YouTube,2020-11-18
2026-06-23,friendly,word,3,3,"YouTube, YouTube AU",2018-10-13
2026-06-23,cannot,word,3,3,YouTube,2026-03-12
2026-06-23,vaers,word,3,3,YouTube,2026-02-16
2026-06-23,injections,word,3,3,"Google Alerts, YouTube",2026-03-06
2026-06-23,gets,word,3,3,"Google Alerts, YouTube",2026-05-13
2026-06-23,claims,word,3,3,"YouTube, YouTube AU",2022-12-05
2026-06-23,fluoride debate,phrase,3,3,"YouTube, YouTube AU",2024-10-12
2026-06-23,good,word,3,3,"Reddit, YouTube",2021-10-02
2026-06-23,stage,word,3,3,"Google Alerts, YouTube",2026-04-20
2026-06-23,filter removes,phrase,3,3,"YouTube, YouTube AU",2024-06-03
2026-06-23,reverse,word,3,3,"YouTube, YouTube AU",2024-10-16
2026-06-23,osmosis,word,3,3,"YouTube, YouTube AU",2024-10-16
2026-06-23,reverse osmosis,phrase,3,3,"YouTube, YouTube AU",2024-10-16
2026-06-23,top best,phrase,3,3,"YouTube, YouTube AU",2024-10-16
2026-06-23,fluoride chlorine,phrase,3,3,YouTube,2026-04-07
2026-06-23,fluoride industrial,phrase,3,3,YouTube,2016-03-12
2026-06-23,dangers fluoride,phrase,3,3,YouTube,2016-03-12
2026-06-23,neurotoxin,word,3,3,"YouTube, YouTube AU",2022-07-22
2026-06-23,worth,word,3,3,"YouTube, YouTube AU",2026-05-14
2026-06-23,city council,phrase,3,3,"Google Alerts, YouTube",2011-05-05
2026-06-23,check,word,3,3,"Google Alerts, YouTube",2026-06-13
2026-06-23,description,word,3,3,"Google Alerts, YouTube, YouTube AU",2020-03-15
2026-06-23,month vaccination,phrase,3,3,"YouTube, YouTube AU",2022-01-02
2026-06-23,knew,word,3,3,"Reddit, YouTube",2025-05-23
2026-06-23,talks,word,3,3,YouTube,2009-09-02
2026-06-23,excess,word,3,3,"YouTube, YouTube AU",2022-12-05
2026-06-23,immune,word,3,3,YouTube,2025-12-13
2026-06-23,immune system,phrase,3,3,YouTube,2025-12-13
2026-06-23,poisoning,word,3,3,YouTube,2026-06-05
2026-06-23,used,word,3,3,"Reddit, YouTube",2024-04-29
2026-06-23,myth,word,3,3,YouTube,2026-04-01
2026-06-23,worse,word,3,3,"Google Alerts, YouTube",2026-06-11
2026-06-23,cover-up,word,3,3,YouTube,2026-06-11
2026-06-23,patients,word,3,3,"Reddit, YouTube",2025-08-10
2026-06-23,explains,word,3,3,"YouTube, YouTube AU",2025-06-06
2026-06-23,federal court,phrase,3,3,"Reddit, YouTube",2022-07-05
2026-06-23,fluoride cover,phrase,3,3,YouTube,2026-06-13
2026-06-23,fluoride type,phrase,3,3,YouTube,2026-06-13
2026-06-23,water systems,phrase,3,3,"Google Alerts, YouTube",2026-06-10
2026-06-23,community water,phrase,3,3,"Google Alerts, YouTube",2026-06-12
2026-06-23,total,word,3,3,"Google Alerts, YouTube",2026-06-13
2026-06-23,clean,word,3,3,"Google Alerts, YouTube, YouTube AU",2026-05-08
2026-06-23,colgate total,phrase,3,3,"Google Alerts, YouTube",2026-06-13
2026-06-23,hidden truth,phrase,3,3,YouTube,2026-06-13
2026-06-23,tooth,word,3,3,YouTube,2026-06-13
2026-06-23,whitening toothpaste,phrase,3,3,YouTube,2026-06-13
2026-06-23,focus,word,3,3,"Google Alerts, YouTube",2026-06-13
2026-06-23,nano-hydroxyapatite,word,3,3,"YouTube, YouTube AU",2024-09-01
2026-06-23,chemicals,word,3,3,"YouTube, YouTube AU",2024-06-03
2026-06-23,lead,word,3,3,"YouTube, YouTube AU",2025-07-31
2026-06-23,learn,word,3,3,YouTube,2026-05-01
2026-06-23,sleep,word,3,3,"Google Alerts, YouTube",2026-05-01
2026-06-23,shorts trending,phrase,3,3,YouTube,2026-06-13
2026-06-23,surprise,word,3,3,YouTube,2026-06-13
2026-06-23,viralshort,word,3,3,YouTube,2026-06-13
2026-06-23,industry,word,3,3,"Reddit, YouTube",2025-05-19
2026-06-23,mrna vaccine,phrase,3,3,"Google Alerts, YouTube",2026-06-13
2026-06-23,vaccine shorts,phrase,3,3,YouTube,2026-06-13
2026-06-23,recommended,word,3,3,"Google Alerts, YouTube",2026-06-13
2026-06-23,vaccine rollout,phrase,3,3,"Google Alerts, YouTube",2026-06-13
2026-06-23,infections,word,3,3,"Google Alerts, YouTube",2025-02-13
2026-06-23,family,word,3,3,YouTube,2016-06-22
2026-06-23,students,word,3,3,YouTube,2013-09-19
2026-06-23,going,word,3,3,YouTube,2025-11-13
2026-06-23,i'm,word,3,3,"Google Alerts, YouTube",2025-11-05
2026-06-23,accountable,word,3,3,"Google Alerts, YouTube",2025-10-12
2026-06-23,maga,word,3,3,YouTube,2025-10-11
2026-06-23,mmr,word,3,3,YouTube,2025-10-11
2026-06-23,destroyed,word,3,3,YouTube,2025-10-11
2026-06-23,mmr vaccine,phrase,3,3,YouTube,2025-10-11
2026-06-23,maga destroyed,phrase,3,3,YouTube,2025-10-11
2026-06-23,revealed,word,3,3,"Google Alerts, YouTube",2026-02-16
2026-06-23,immunity better,phrase,3,3,YouTube,2022-02-24
2026-06-23,music,word,3,3,YouTube,2026-06-14
2026-06-23,thousands,word,3,3,"Google Alerts, Reddit, YouTube",2022-05-23
2026-06-23,doses,word,3,3,"Google Alerts, Reddit, YouTube",2021-06-22
2026-06-23,india,word,3,3,YouTube,2026-06-13
2026-06-23,drop,word,3,3,"Google Alerts, Reddit, YouTube",2024-04-15
2026-06-23,they're,word,3,3,"Reddit, YouTube",2023-09-22
2026-06-23,cancer vaccine,phrase,3,3,"Google Alerts, YouTube",2026-06-13
2026-06-23,old,word,3,3,"Google Alerts, YouTube",2026-06-14
2026-06-23,myths,word,3,3,"YouTube, YouTube AU",2026-05-08
2026-06-23,matter,word,3,3,YouTube,2022-01-22
2026-06-23,funny,word,3,3,YouTube,2026-06-14
2026-06-23,drive,word,3,3,"Google Alerts, YouTube",2026-06-14
2026-06-23,vaccine day,phrase,3,3,YouTube,2026-06-13
2026-06-23,coronavirus,word,3,3,"Google Alerts, Reddit, YouTube",2023-06-24
2026-06-23,gigi,word,3,3,YouTube,2026-06-14
2026-06-23,days,word,3,3,YouTube,2026-06-15
2026-06-23,vaccination time,phrase,3,3,YouTube,2026-06-15
2026-06-23,months,word,3,3,YouTube,2026-06-15
2026-06-23,moment,word,3,3,YouTube,2026-06-14
2026-06-23,vet,word,3,3,YouTube,2026-06-14
2026-06-23,giant,word,3,3,"Google Alerts, YouTube",2026-06-15
2026-06-23,trial,word,3,3,"Google Alerts, YouTube",2026-06-15
2026-06-23,decision,word,3,3,"Google Alerts, Reddit, YouTube",2023-09-22
2026-06-23,leading,word,3,3,"Google Alerts, YouTube",2026-06-15
2026-06-23,wants,word,3,3,"YouTube, YouTube AU",2025-04-25
2026-06-23,momlife,word,3,3,YouTube,2026-06-16
2026-06-23,relatable,word,3,3,YouTube,2026-06-16
2026-06-23,development,word,3,3,"Google Alerts, YouTube, YouTube AU",2024-12-25
2026-06-23,protects,word,3,3,YouTube,2026-06-17
2026-06-23,save lives,phrase,3,3,"Google Alerts, YouTube",2026-06-17
2026-06-23,catch,word,3,3,"Reddit, YouTube",2026-05-13
2026-06-23,vaccination dog,phrase,3,3,YouTube,2026-06-16
2026-06-23,girl,word,3,3,"Google Alerts, YouTube",2026-06-17
2026-06-23,brave,word,3,3,YouTube,2026-06-17
2026-06-23,expands,word,3,3,"YouTube, YouTube AU",2026-05-27
2026-06-23,toothpaste fluoride-free,phrase,3,3,"Google Alerts, YouTube",2026-06-17
2026-06-23,vaccination matters,phrase,3,3,YouTube,2026-06-17
2026-06-23,started,word,3,3,"YouTube, YouTube AU",2018-01-24
2026-06-23,nobs,word,3,3,YouTube,2026-06-19
2026-06-23,away,word,3,3,"Reddit, YouTube",2020-03-13
2026-06-23,sdf,word,3,3,YouTube,2026-06-19
2026-06-23,shares,word,3,3,"Google Alerts, YouTube",2026-06-17
2026-06-23,easy,word,3,3,"Google Alerts, YouTube",2026-06-19
2026-06-23,making,word,3,3,"Reddit, YouTube",2021-09-12
2026-06-23,workplace,word,3,3,"Google Alerts, YouTube",2026-06-19
2026-06-23,hegseth,word,3,3,YouTube,2026-06-19
2026-06-23,worst,word,3,3,"Google Alerts, YouTube, YouTube AU",2026-05-21
2026-06-23,side effects,phrase,3,3,"YouTube, YouTube AU",2024-06-17
2026-06-23,chinese,word,3,3,"YouTube, YouTube AU",2026-06-06
2026-06-23,force,word,3,3,YouTube,2026-06-20
2026-06-23,air,word,3,3,YouTube,2026-06-20
2026-06-23,air force,phrase,3,3,YouTube,2026-06-20
2026-06-23,work,word,3,3,"YouTube, YouTube AU",2026-03-02
2026-06-23,poultry,word,3,3,"Google Alerts, YouTube",2026-06-12
2026-06-23,hits,word,3,3,"Google Alerts, YouTube",2026-06-17
2026-06-23,vaccine may,phrase,3,3,"Google Alerts, YouTube",2026-06-16
2026-06-23,ytshorts shorts,phrase,3,3,YouTube,2026-06-19
2026-06-23,pain,word,3,3,"Google Alerts, YouTube",2026-06-17
2026-06-23,dementia risk,phrase,3,3,"Google Alerts, YouTube",2026-06-16
2026-06-23,preventable,word,3,3,"Google Alerts, YouTube",2026-06-18
2026-06-23,saving,word,3,3,"Reddit, YouTube, YouTube AU",2025-05-18
2026-06-23,home,word,3,3,"YouTube, YouTube AU",2025-06-06
2026-06-23,lab,word,3,3,"Google Alerts, Reddit, YouTube",2020-03-13
2026-06-23,toothpaste fluoride,phrase,3,3,"Google Alerts, YouTube",2026-06-22
2026-06-23,little,word,3,3,"Google Alerts, YouTube",2026-06-12
2026-06-23,hpv vaccination,phrase,3,3,"Google Alerts, YouTube",2026-06-21
2026-06-23,alleged,word,3,3,"Google Alerts, Reddit, YouTube",2026-05-07
2026-06-23,call,word,3,3,"Google Alerts, YouTube",2026-06-13
2026-06-23,cost,word,3,3,"Google Alerts, YouTube AU",2025-01-12
2026-06-23,tga,word,3,3,"Google Alerts, Reddit, YouTube AU",2021-01-17
2026-06-23,water filters,phrase,3,3,YouTube AU,2024-08-12
2026-06-23,channel,word,3,3,YouTube AU,2015-12-25
2026-06-23,outbreaks,word,3,3,"Google Alerts, YouTube AU",2026-06-12
2026-06-23,seniors,word,3,3,"Google Alerts, YouTube AU",2026-05-19
2026-06-23,premier,word,3,3,"Google Alerts, Reddit, YouTube AU",2022-12-02
2026-06-23,crisis,word,3,3,"Google Alerts, YouTube AU",2026-06-15
2026-06-23,free flu,phrase,3,3,"Google Alerts, YouTube AU",2026-06-11
2026-06-23,breakthrough,word,3,3,"Google Alerts, YouTube AU",2026-06-16
2026-06-23,aussie,word,3,3,"Google Alerts, Reddit, YouTube AU",2026-05-07
2026-06-23,registration,word,3,3,Reddit,2025-11-07
2026-06-23,jab,word,3,3,"Google Alerts, Reddit",2024-04-29
2026-06-23,funded,word,3,3,"Google Alerts, Reddit",2026-02-04
2026-06-23,nip,word,3,3,"Google Alerts, Reddit",2026-02-04
2026-06-23,network,word,3,3,"Google Alerts, Reddit",2022-07-05
2026-06-23,urges,word,3,3,"Google Alerts, Reddit",2022-12-02
2026-06-23,including,word,3,3,"Google Alerts, Reddit",2022-11-04
2026-06-23,jabs,word,3,3,"Google Alerts, Reddit",2025-08-10
2026-06-23,approves,word,3,3,"Google Alerts, Reddit",2025-06-03
2026-06-23,scientists,word,3,3,Google Alerts,2026-06-12
2026-06-23,peak,word,3,3,Google Alerts,2026-06-12
2026-06-23,welcomes,word,3,3,Google Alerts,2026-06-12
2026-06-23,urgent,word,3,3,Google Alerts,2026-06-11
2026-06-23,urgent warning,phrase,3,3,Google Alerts,2026-06-11
2026-06-23,list,word,3,3,Google Alerts,2026-06-13
2026-06-23,men,word,3,3,Google Alerts,2026-06-14
2026-06-23,infectious,word,3,3,Google Alerts,2026-06-15
2026-06-23,growth,word,3,3,Google Alerts,2026-06-15
2026-06-23,means,word,3,3,Google Alerts,2026-06-17
2026-06-23,beyond,word,3,3,Google Alerts,2026-06-17
2026-06-23,twc,word,3,3,Google Alerts,2026-06-17
2026-06-23,protected,word,3,3,Google Alerts,2026-06-17
2026-06-23,winter vaccinations,phrase,3,3,Google Alerts,2026-06-22
2026-06-23,program extended,phrase,3,3,Google Alerts,2026-06-22
2026-06-23,shorts shortsfeed,phrase,2,23,YouTube,2026-06-13
2026-06-23,analysis,word,2,15,"Google Alerts, Reddit",2022-08-31
2026-06-23,abc news,phrase,2,8,"Google Alerts, YouTube AU",2023-11-20
2026-06-23,goat vaccine,phrase,2,6,YouTube,2026-06-16
2026-06-23,investing,word,2,6,Google Alerts,2026-06-11
2026-06-23,investing com,phrase,2,6,Google Alerts,2026-06-11
2026-06-23,healthed,word,2,6,Google Alerts,2026-06-16
2026-06-23,services,word,2,6,Google Alerts,2026-06-16
2026-06-23,base,word,2,5,"Google Alerts, YouTube",2026-06-20
2026-06-23,news australia,phrase,2,5,"Google Alerts, YouTube AU",2021-04-16
2026-06-23,phoenix,word,2,5,"Google Alerts, YouTube AU",2024-11-16
2026-06-23,buy,word,2,5,Google Alerts,2026-06-13
2026-06-23,csl,word,2,5,Google Alerts,2026-06-15
2026-06-23,changes,word,2,5,Google Alerts,2026-06-16
2026-06-23,bendigo,word,2,5,Google Alerts,2026-06-19
2026-06-23,professor paul,phrase,2,4,"YouTube, YouTube AU",2020-03-19
2026-06-23,bob,word,2,4,YouTube,2009-09-02
2026-06-23,senate,word,2,4,YouTube,2026-06-14
2026-06-23,goatfarming,word,2,4,YouTube,2026-06-15
2026-06-23,overrated,word,2,4,YouTube,2026-06-14
2026-06-23,explosive,word,2,4,YouTube,2026-06-15
2026-06-23,california,word,2,4,"Google Alerts, YouTube AU",2024-11-04
2026-06-23,postreat,word,2,4,"Google Alerts, YouTube AU",2024-09-29
2026-06-23,postreat fluoride,phrase,2,4,"Google Alerts, YouTube AU",2024-09-29
2026-06-23,social,word,2,4,"Google Alerts, YouTube AU",2026-06-18
2026-06-23,winter vaccination,phrase,2,4,"Google Alerts, YouTube AU",2026-06-18
2026-06-23,issues,word,2,4,"Google Alerts, Reddit",2025-11-05
2026-06-23,chemist,word,2,4,Google Alerts,2026-06-12
2026-06-23,racgp,word,2,4,Google Alerts,2026-06-12
2026-06-23,weight,word,2,4,Google Alerts,2026-06-12
2026-06-23,weight loss,phrase,2,4,Google Alerts,2026-06-12
2026-06-23,media,word,2,4,Google Alerts,2026-06-12
2026-06-23,victoria backs,phrase,2,4,Google Alerts,2026-06-15
2026-06-23,building,word,2,4,Google Alerts,2026-06-17
2026-06-23,miller,word,2,4,Google Alerts,2026-06-18
2026-06-23,page,word,2,4,Google Alerts,2026-06-18
2026-06-23,toxicity,word,2,3,"YouTube, YouTube AU",2020-03-25
2026-06-23,version,word,2,3,YouTube,2020-03-25
2026-06-23,toxicity presentation,phrase,2,3,"YouTube, YouTube AU",2020-03-25
2026-06-23,fluoride toxicity,phrase,2,3,"YouTube, YouTube AU",2020-03-25
2026-06-23,affect,word,2,3,"YouTube, YouTube AU",2024-12-25
2026-06-23,sodium,word,2,3,YouTube,2026-05-21
2026-06-23,fluoride reduction,phrase,2,3,YouTube,2026-04-17
2026-06-23,misinformation,word,2,3,YouTube,2026-03-09
2026-06-23,newbornbaby vaccine,phrase,2,3,YouTube,2026-06-14
2026-06-23,response,word,2,3,"Google Alerts, YouTube",2021-05-27
2026-06-23,claim,word,2,3,YouTube,2026-05-12
2026-06-23,court ruling,phrase,2,3,"YouTube, YouTube AU",2024-11-04
2026-06-23,fluoride punk,phrase,2,3,YouTube,2026-06-13
2026-06-23,sheep,word,2,3,YouTube,2026-06-13
2026-06-23,tips,word,2,3,"Google Alerts, YouTube",2026-06-14
2026-06-23,million,word,2,3,"Google Alerts, YouTube",2026-06-12
2026-06-23,offered,word,2,3,"Google Alerts, YouTube",2026-06-12
2026-06-23,meningitis vaccine,phrase,2,3,"Google Alerts, YouTube",2026-06-12
2026-06-23,cute baby,phrase,2,3,YouTube,2026-06-13
2026-06-23,vaccination trending,phrase,2,3,YouTube,2026-06-15
2026-06-23,reference,word,2,3,"Google Alerts, YouTube",2026-06-15
2026-06-23,strains,word,2,3,"Google Alerts, YouTube",2026-06-15
2026-06-23,takes,word,2,3,"Google Alerts, YouTube",2026-06-15
2026-06-23,scheme,word,2,3,"Google Alerts, YouTube",2026-06-16
2026-06-23,compensation,word,2,3,"YouTube, YouTube AU",2026-04-29
2026-06-23,fluoride incelcore,phrase,2,3,YouTube,2026-06-16
2026-06-23,boka,word,2,3,"YouTube, YouTube AU",2026-05-14
2026-06-23,toothpaste nano,phrase,2,3,"YouTube, YouTube AU",2026-05-14
2026-06-23,boka fluoride,phrase,2,3,"YouTube, YouTube AU",2026-05-14
2026-06-23,warn,word,2,3,"Google Alerts, YouTube",2026-06-14
2026-06-23,mrna flu,phrase,2,3,"Google Alerts, YouTube",2026-06-15
2026-06-23,plastic,word,2,3,"Google Alerts, YouTube",2026-06-18
2026-06-23,ndis,word,2,3,YouTube,2026-06-19
2026-06-23,strikes,word,2,3,"Google Alerts, YouTube",2026-06-18
2026-06-23,well,word,2,3,"Google Alerts, YouTube",2026-06-16
2026-06-23,champion,word,2,3,"Google Alerts, YouTube",2026-06-18
2026-06-23,six,word,2,3,"Google Alerts, YouTube",2026-06-15
2026-06-23,requirement,word,2,3,"Google Alerts, YouTube",2026-06-20
2026-06-23,vaccine requirement,phrase,2,3,"Google Alerts, YouTube",2026-06-20
2026-06-23,conversation,word,2,3,"YouTube, YouTube AU",2026-06-13
2026-06-23,tiny,word,2,3,"Google Alerts, YouTube",2026-06-17
2026-06-23,tomorrow,word,2,3,"Reddit, YouTube",2021-09-12
2026-06-23,hasn't,word,2,3,"Google Alerts, YouTube",2026-06-17
2026-06-23,virus vaccine,phrase,2,3,"Google Alerts, YouTube",2026-06-20
2026-06-23,cuts,word,2,3,"Google Alerts, YouTube",2026-06-19
2026-06-23,vaccine cuts,phrase,2,3,"Google Alerts, YouTube",2026-06-19
2026-06-23,cuts cervical,phrase,2,3,"Google Alerts, YouTube",2026-06-19
2026-06-23,woman,word,2,3,"YouTube, YouTube AU",2026-04-29
2026-06-23,donate,word,2,3,"YouTube, YouTube AU",2026-06-16
2026-06-23,please donate,phrase,2,3,"YouTube, YouTube AU",2026-06-16
2026-06-23,reasons,word,2,3,YouTube AU,2021-09-01
2026-06-23,whole house,phrase,2,3,YouTube AU,2024-01-17
2026-06-23,business,word,2,3,"Google Alerts, YouTube AU",2018-01-24
2026-06-23,party,word,2,3,"Reddit, YouTube AU",2017-02-28
2026-06-23,ready,word,2,3,YouTube AU,2021-01-18
2026-06-23,tonight,word,2,3,YouTube AU,2015-12-25
2026-06-23,today tonight,phrase,2,3,YouTube AU,2015-12-25
2026-06-23,andrew,word,2,3,"Google Alerts, YouTube AU",2026-05-08
2026-06-23,prompts,word,2,3,"Google Alerts, YouTube AU",2026-05-21
2026-06-23,winter get,phrase,2,3,YouTube AU,2026-05-01
2026-06-23,link,word,2,3,YouTube AU,2021-04-16
2026-06-23,bio,word,2,3,"Google Alerts, YouTube AU",2026-06-12
2026-06-23,vaccine today,phrase,2,3,"Google Alerts, YouTube AU",2026-06-12
2026-06-23,injured,word,2,3,"Google Alerts, YouTube AU",2026-04-29
2026-06-23,conference,word,2,3,"Google Alerts, Reddit",2026-01-29
2026-06-23,adult,word,2,3,"Google Alerts, Reddit",2026-02-04
2026-06-23,get vaccine,phrase,2,3,"Google Alerts, Reddit",2026-01-22
2026-06-23,long covid,phrase,2,3,"Google Alerts, Reddit",2022-05-26
2026-06-23,friday,word,2,3,"Google Alerts, Reddit",2022-12-02
2026-06-23,updated,word,2,3,"Google Alerts, Reddit",2021-09-12
2026-06-23,routine,word,2,3,Google Alerts,2026-06-12
2026-06-23,health routine,phrase,2,3,Google Alerts,2026-06-12
2026-06-23,make rsv,phrase,2,3,Google Alerts,2026-06-12
2026-06-23,hantavirus,word,2,3,Google Alerts,2026-06-12
2026-06-23,ncirs,word,2,3,Google Alerts,2026-06-12
2026-06-23,funding boost,phrase,2,3,Google Alerts,2026-06-11
2026-06-23,republic,word,2,3,Google Alerts,2026-06-12
2026-06-23,morning,word,2,3,Google Alerts,2026-06-12
2026-06-23,conversations,word,2,3,Google Alerts,2026-06-12
2026-06-23,bookings,word,2,3,Google Alerts,2026-06-12
2026-06-23,there's,word,2,3,Google Alerts,2026-06-14
2026-06-23,citynews,word,2,3,Google Alerts,2026-06-15
2026-06-23,live,word,2,3,Google Alerts,2026-06-15
2026-06-23,biontech,word,2,3,Google Alerts,2026-06-15
2026-06-23,multiple,word,2,3,Google Alerts,2026-06-15
2026-06-23,flu shot,phrase,2,3,Google Alerts,2026-06-15
2026-06-23,asx,word,2,3,Google Alerts,2026-06-15
2026-06-23,csl asx,phrase,2,3,Google Alerts,2026-06-15
2026-06-23,alerts,word,2,3,Google Alerts,2026-06-16
2026-06-23,boosts,word,2,3,Google Alerts,2026-06-16
2026-06-23,gearing,word,2,3,Google Alerts,2026-06-16
2026-06-23,ageing,word,2,3,Google Alerts,2026-06-16
2026-06-23,bundibugyo,word,2,3,Google Alerts,2026-06-17
2026-06-23,bundibugyo ebola,phrase,2,3,Google Alerts,2026-06-17
2026-06-23,uptake,word,2,3,Google Alerts,2026-06-17
2026-06-23,ebola outbreak,phrase,2,3,Google Alerts,2026-06-17
2026-06-23,line defence,phrase,2,3,Google Alerts,2026-06-17
2026-06-23,stronger first,phrase,2,3,Google Alerts,2026-06-17
2026-06-23,building stronger,phrase,2,3,Google Alerts,2026-06-17
2026-06-23,award,word,2,3,Google Alerts,2026-06-17
2026-06-23,webinar,word,2,3,Google Alerts,2026-06-18
2026-06-23,immunisations,word,2,3,Google Alerts,2026-06-18
2026-06-23,pertussis,word,2,3,Google Alerts,2026-06-18
2026-06-23,cbd,word,2,3,Google Alerts,2026-06-22
2026-06-24,shorts,word,75,110,"YouTube, YouTube AU",2022-02-14
2026-06-24,flu,word,65,100,"Google Alerts, YouTube, YouTube AU",2026-05-01
2026-06-24,covid,word,63,102,"Google Alerts, Reddit, YouTube, YouTube AU",2020-03-23
2026-06-24,health,word,61,79,"Google Alerts, Reddit, YouTube, YouTube AU",2021-06-29
2026-06-24,toothpaste,word,56,64,"Google Alerts, YouTube, YouTube AU",2018-10-13
2026-06-24,vaccines,word,52,61,"Google Alerts, Reddit, YouTube, YouTube AU",2020-03-23
2026-06-24,baby,word,33,37,"Google Alerts, YouTube",2025-06-29
2026-06-24,new,word,32,40,"Google Alerts, Reddit, YouTube, YouTube AU",2021-01-10
2026-06-24,news,word,28,99,"Google Alerts, Reddit, YouTube, YouTube AU",2021-04-16
2026-06-24,fried,word,26,40,YouTube,2026-06-13
2026-06-24,fried fluoride,phrase,26,40,YouTube,2026-06-13
2026-06-24,get,word,24,29,"Google Alerts, Reddit, YouTube, YouTube AU",2026-01-22
2026-06-24,covid vaccine,phrase,24,27,"Google Alerts, Reddit, YouTube, YouTube AU",2020-09-07
2026-06-24,viral,word,23,29,"Google Alerts, YouTube",2026-06-13
2026-06-24,cancer,word,23,28,"Google Alerts, YouTube, YouTube AU",2026-03-05
2026-06-24,vaccinations,word,23,24,"Google Alerts, Reddit, YouTube, YouTube AU",2021-09-12
2026-06-24,hpv,word,22,25,"Google Alerts, YouTube, YouTube AU",2026-06-06
2026-06-24,one,word,22,24,"Google Alerts, Reddit, YouTube, YouTube AU",2022-01-02
2026-06-24,day,word,22,22,"YouTube, YouTube AU",2026-05-30
2026-06-24,risk,word,21,25,"Google Alerts, Reddit, YouTube",2022-05-26
2026-06-24,study,word,21,24,"Google Alerts, Reddit, YouTube, YouTube AU",2022-05-26
2026-06-24,australian,word,20,32,"Google Alerts, Reddit, YouTube AU",2010-10-08
2026-06-24,kids,word,20,26,"Google Alerts, Reddit, YouTube, YouTube AU",2013-05-07
2026-06-24,fluoride-free,word,20,22,"Google Alerts, YouTube, YouTube AU",2018-10-13
2026-06-24,deaths,word,19,22,"Google Alerts, YouTube, YouTube AU",2021-01-17
2026-06-24,truth,word,19,19,"YouTube, YouTube AU",2010-10-10
2026-06-24,winter,word,18,32,"Google Alerts, YouTube, YouTube AU",2026-05-01
2026-06-24,rsv,word,18,23,"Google Alerts, Reddit, YouTube AU",2026-02-04
2026-06-24,children,word,18,21,"Google Alerts, Reddit, YouTube, YouTube AU",2008-11-04
2026-06-24,dog,word,18,21,"Google Alerts, YouTube",2026-06-13
2026-06-24,flu vaccine,phrase,17,19,"Google Alerts, YouTube, YouTube AU",2026-05-27
2026-06-24,vaccination day,phrase,17,17,YouTube,2026-06-13
2026-06-24,program,word,16,25,"Google Alerts, Reddit, YouTube, YouTube AU",2022-05-23
2026-06-24,first,word,16,19,"Google Alerts, YouTube",2026-06-12
2026-06-24,hpv vaccine,phrase,15,18,"Google Alerts, YouTube, YouTube AU",2026-06-06
2026-06-24,trending,word,14,29,YouTube,2026-04-09
2026-06-24,outbreak,word,14,20,"Google Alerts, YouTube, YouTube AU",2026-05-21
2026-06-24,flu vaccination,phrase,14,18,"Google Alerts, YouTube",2026-06-12
2026-06-24,stop,word,14,16,"Google Alerts, YouTube, YouTube AU",2015-12-25
2026-06-24,review,word,14,15,"Google Alerts, YouTube, YouTube AU",2024-08-12
2026-06-24,know,word,14,15,"Google Alerts, YouTube, YouTube AU",2019-11-07
2026-06-24,care,word,14,15,"Google Alerts, Reddit, YouTube, YouTube AU",2022-04-06
2026-06-24,diphtheria,word,14,15,"Google Alerts, YouTube, YouTube AU",2026-05-20
2026-06-24,influenza,word,13,24,"Google Alerts, YouTube",2026-06-11
2026-06-24,season,word,13,20,"Google Alerts, YouTube, YouTube AU",2026-05-01
2026-06-24,ebola,word,13,20,"Google Alerts, YouTube, YouTube AU",2026-05-24
2026-06-24,cervical,word,13,15,"Google Alerts, YouTube, YouTube AU",2026-06-13
2026-06-24,cervical cancer,phrase,13,15,"Google Alerts, YouTube, YouTube AU",2026-06-13
2026-06-24,best,word,13,14,"Google Alerts, YouTube, YouTube AU",2023-12-25
2026-06-24,disease,word,13,14,"Google Alerts, Reddit, YouTube",2023-06-24
2026-06-24,child,word,13,13,"Reddit, YouTube",2025-12-11
2026-06-24,fluoride toothpaste,phrase,13,13,"Google Alerts, YouTube",2026-05-10
2026-06-24,alternative,word,13,13,"Google Alerts, YouTube",2009-09-02
2026-06-24,ytshorts,word,13,13,YouTube,2026-06-14
2026-06-24,hospital,word,13,13,"Google Alerts, YouTube, YouTube AU",2026-05-14
2026-06-24,medical,word,12,20,"Google Alerts, YouTube, YouTube AU",2025-12-09
2026-06-24,immunisation,word,12,19,"Google Alerts, YouTube",2026-06-12
2026-06-24,big,word,12,17,"Google Alerts, Reddit, YouTube, YouTube AU",2020-03-23
2026-06-24,could,word,12,14,"Google Alerts, Reddit, YouTube, YouTube AU",2022-05-23
2026-06-24,cutebaby,word,12,13,YouTube,2026-06-13
2026-06-24,better,word,12,13,"Google Alerts, YouTube",2021-12-12
2026-06-24,doctor,word,12,13,"Google Alerts, Reddit, YouTube",2025-08-10
2026-06-24,drinking,word,12,12,"YouTube, YouTube AU",2012-08-04
2026-06-24,video,word,12,12,"Google Alerts, YouTube, YouTube AU",2018-01-24
2026-06-24,lies,word,12,12,"YouTube, YouTube AU",2022-12-05
2026-06-24,teeth,word,12,12,"Google Alerts, YouTube, YouTube AU",2026-05-08
2026-06-24,treatment,word,12,12,"Google Alerts, Reddit, YouTube",2022-05-23
2026-06-24,injection,word,11,22,"Google Alerts, YouTube",2026-06-12
2026-06-24,youtube,word,11,20,"YouTube, YouTube AU",2026-06-14
2026-06-24,mrna,word,11,15,"Google Alerts, Reddit, YouTube",2021-06-22
2026-06-24,may,word,11,15,"Google Alerts, Reddit, YouTube, YouTube AU",2025-05-01
2026-06-24,bird,word,11,15,Google Alerts,2026-06-20
2026-06-24,supply,word,11,14,"Google Alerts, YouTube, YouTube AU",2013-02-23
2026-06-24,today,word,11,14,"Google Alerts, YouTube, YouTube AU",2015-12-25
2026-06-24,public,word,11,12,"Google Alerts, YouTube, YouTube AU",2022-10-08
2026-06-24,science,word,11,12,"Google Alerts, YouTube",2025-12-13
2026-06-24,safe,word,11,12,"YouTube, YouTube AU",2024-06-17
2026-06-24,people,word,11,12,"Google Alerts, Reddit, YouTube, YouTube AU",2025-05-23
2026-06-24,hidden,word,11,11,"Google Alerts, YouTube",2026-04-28
2026-06-24,pharmacy,word,10,21,"Google Alerts, YouTube",2025-05-02
2026-06-24,bird flu,phrase,10,14,Google Alerts,2026-06-20
2026-06-24,hepatitis,word,10,13,"Google Alerts, Reddit, YouTube",2022-04-26
2026-06-24,beat,word,10,13,YouTube,2026-06-13
2026-06-24,type,word,10,13,YouTube,2026-06-13
2026-06-24,type beat,phrase,10,13,YouTube,2026-06-13
2026-06-24,june,word,10,13,"Google Alerts, YouTube",2026-06-12
2026-06-24,pandemic,word,10,13,"Google Alerts, Reddit, YouTube",2023-09-22
2026-06-24,tap,word,10,11,YouTube,2024-04-19
2026-06-24,tap water,phrase,10,11,YouTube,2024-04-19
2026-06-24,love,word,10,11,YouTube,2025-06-29
2026-06-24,fluoride-free toothpaste,phrase,10,11,YouTube,2026-06-16
2026-06-24,vlog,word,10,10,"YouTube, YouTube AU",2026-05-30
2026-06-24,drinking water,phrase,10,10,"YouTube, YouTube AU",2012-08-04
2026-06-24,australia's,word,10,10,"Google Alerts, YouTube AU",2016-02-29
2026-06-24,vaccination program,phrase,9,16,"Google Alerts, Reddit, YouTube, YouTube AU",2022-05-23
2026-06-24,part,word,9,14,"Google Alerts, Reddit, YouTube, YouTube AU",2011-05-05
2026-06-24,flu season,phrase,9,13,"Google Alerts, YouTube AU",2026-05-01
2026-06-24,toxic,word,9,12,"YouTube, YouTube AU",2020-11-18
2026-06-24,protect,word,9,12,"Google Alerts, YouTube",2025-06-29
2026-06-24,water supply,phrase,9,12,"Google Alerts, YouTube, YouTube AU",2013-02-23
2026-06-24,research,word,9,11,"Google Alerts, YouTube",2026-06-12
2026-06-24,community,word,9,11,"Google Alerts, YouTube, YouTube AU",2026-06-12
2026-06-24,year,word,9,11,"Google Alerts, YouTube",2026-05-08
2026-06-24,vaccinated,word,9,11,"Google Alerts, YouTube, YouTube AU",2026-05-01
2026-06-24,council,word,9,10,"Google Alerts, YouTube, YouTube AU",2011-05-05
2026-06-24,month,word,9,10,"Google Alerts, YouTube, YouTube AU",2022-01-02
2026-06-24,fda,word,9,10,"Google Alerts, Reddit, YouTube",2025-06-03
2026-06-24,prevention,word,9,10,"Google Alerts, YouTube",2026-06-13
2026-06-24,government,word,9,10,"Google Alerts, Reddit, YouTube, YouTube AU",2019-03-25
2026-06-24,south,word,9,10,"Google Alerts, Reddit, YouTube AU",2022-01-02
2026-06-24,covid vaccines,phrase,9,9,"Google Alerts, Reddit, YouTube",2022-04-01
2026-06-24,shows,word,9,9,"Google Alerts, Reddit, YouTube",2022-04-05
2026-06-24,actually,word,9,9,YouTube,2025-03-02
2026-06-24,debate,word,9,9,"Google Alerts, YouTube, YouTube AU",2024-10-12
2026-06-24,remove,word,9,9,"Google Alerts, YouTube, YouTube AU",2013-02-23
2026-06-24,remove fluoride,phrase,9,9,"Google Alerts, YouTube, YouTube AU",2013-02-23
2026-06-24,shocking,word,9,9,YouTube,2024-08-27
2026-06-24,explained,word,9,9,"Google Alerts, YouTube, YouTube AU",2024-09-01
2026-06-24,protection,word,9,9,"Google Alerts, YouTube",2026-05-25
2026-06-24,minivlog,word,9,9,YouTube,2026-06-13
2026-06-24,shingles,word,9,9,"Google Alerts, YouTube, YouTube AU",2026-04-29
2026-06-24,rates,word,9,9,"Google Alerts, YouTube, YouTube AU",2026-04-26
2026-06-24,western,word,8,12,"Google Alerts, YouTube AU",2013-02-12
2026-06-24,july,word,8,12,"Google Alerts, Reddit",2022-07-05
2026-06-24,dengue,word,8,11,"Google Alerts, YouTube",2026-06-15
2026-06-24,nsw,word,8,11,"Google Alerts, YouTube AU",2026-05-27
2026-06-24,cases,word,8,11,"Google Alerts, YouTube AU",2026-05-20
2026-06-24,years,word,8,10,"Google Alerts, Reddit, YouTube",2025-05-18
2026-06-24,case,word,8,10,"Google Alerts, Reddit, YouTube, YouTube AU",2015-03-01
2026-06-24,done,word,8,10,"Reddit, YouTube",2025-05-16
2026-06-24,healthcare,word,8,10,"Google Alerts, YouTube",2026-04-14
2026-06-24,clinic,word,8,10,"Google Alerts, YouTube",2026-06-14
2026-06-24,free toothpaste,phrase,8,10,"YouTube, YouTube AU",2022-12-21
2026-06-24,adults,word,8,10,"Google Alerts, Reddit, YouTube, YouTube AU",2022-04-08
2026-06-24,waste,word,8,9,"YouTube, YouTube AU",2012-08-04
2026-06-24,body,word,8,9,"Google Alerts, YouTube",2026-05-13
2026-06-24,newborn,word,8,9,YouTube,2026-06-14
2026-06-24,cute,word,8,9,YouTube,2026-06-13
2026-06-24,hydroxyapatite,word,8,9,YouTube,2026-06-13
2026-06-24,use,word,8,8,"Google Alerts, YouTube",2025-10-06
2026-06-24,never,word,8,8,YouTube,2026-04-14
2026-06-24,women,word,8,8,"Google Alerts, YouTube",2026-06-13
2026-06-24,healthy,word,8,8,"Google Alerts, YouTube",2013-05-07
2026-06-24,shingles vaccine,phrase,8,8,"Google Alerts, YouTube, YouTube AU",2026-06-15
2026-06-24,queensland,word,8,8,"Google Alerts, Reddit, YouTube AU",2014-12-05
2026-06-24,warning,word,8,8,"Google Alerts, YouTube AU",2026-06-11
2026-06-24,melbourne,word,7,15,"Google Alerts, Reddit, YouTube AU",2025-08-10
2026-06-24,immunization,word,7,12,"Google Alerts, YouTube",2026-06-17
2026-06-24,virus,word,7,11,"Google Alerts, YouTube",2026-06-12
2026-06-24,risks,word,7,10,"Google Alerts, YouTube, YouTube AU",2024-11-04
2026-06-24,respiratory,word,7,10,Google Alerts,2026-06-16
2026-06-24,doctors,word,7,9,"Google Alerts, Reddit, YouTube",2021-10-02
2026-06-24,covid vaccination,phrase,7,9,"Google Alerts, Reddit, YouTube",2021-06-29
2026-06-24,another,word,7,9,"Google Alerts, Reddit, YouTube",2021-09-12
2026-06-24,getting,word,7,9,"Google Alerts, Reddit, YouTube, YouTube AU",2021-09-12
2026-06-24,what's,word,7,8,"Google Alerts, YouTube, YouTube AU",2025-04-13
2026-06-24,system,word,7,8,"Google Alerts, YouTube, YouTube AU",2022-10-08
2026-06-24,time,word,7,8,"Google Alerts, YouTube",2026-06-12
2026-06-24,shortvideo,word,7,8,YouTube,2026-06-13
2026-06-24,future,word,7,8,"Google Alerts, YouTube",2026-06-05
2026-06-24,shot,word,7,8,"Google Alerts, YouTube",2013-09-19
2026-06-24,house,word,7,8,"Google Alerts, YouTube, YouTube AU",2017-02-28
2026-06-24,measles,word,7,8,"Google Alerts, YouTube, YouTube AU",2026-06-07
2026-06-24,rsv vaccination,phrase,7,8,Google Alerts,2026-06-12
2026-06-24,works,word,7,7,"Google Alerts, YouTube",2022-01-10
2026-06-24,vaccine deaths,phrase,7,7,"YouTube, YouTube AU",2021-01-17
2026-06-24,really,word,7,7,"YouTube, YouTube AU",2024-06-17
2026-06-24,removes,word,7,7,"Google Alerts, YouTube, YouTube AU",2024-06-03
2026-06-24,youtubeshorts,word,7,7,YouTube,2026-06-13
2026-06-24,rabies,word,7,7,YouTube,2022-09-25
2026-06-24,rfk,word,7,7,"Google Alerts, YouTube, YouTube AU",2025-04-25
2026-06-24,alternative vaccine,phrase,7,7,YouTube,2009-09-02
2026-06-24,cover,word,7,7,"Google Alerts, YouTube",2026-06-12
2026-06-24,baby vaccination,phrase,7,7,YouTube,2026-06-13
2026-06-24,rollout,word,7,7,"Google Alerts, YouTube, YouTube AU",2022-10-12
2026-06-24,important,word,7,7,"Google Alerts, YouTube",2026-06-13
2026-06-24,big pharma,phrase,7,7,"Reddit, YouTube, YouTube AU",2020-03-23
2026-06-24,dementia,word,7,7,"Google Alerts, YouTube, YouTube AU",2026-04-29
2026-06-24,got,word,7,7,"YouTube, YouTube AU",2026-06-16
2026-06-24,still,word,7,7,"Google Alerts, YouTube, YouTube AU",2017-03-08
2026-06-24,lives,word,7,7,"Google Alerts, Reddit, YouTube, YouTube AU",2022-05-23
2026-06-24,dthshow,word,7,7,YouTube,2026-06-17
2026-06-24,national,word,6,29,"Google Alerts, YouTube, YouTube AU",2026-04-26
2026-06-24,goat,word,6,20,YouTube,2026-06-13
2026-06-24,update,word,6,12,"Google Alerts, YouTube",2026-06-11
2026-06-24,daily,word,6,10,"Google Alerts, YouTube, YouTube AU",2026-04-27
2026-06-24,fyp,word,6,9,YouTube,2026-06-16
2026-06-24,farming,word,6,8,"Reddit, YouTube",2025-05-19
2026-06-24,nano,word,6,8,"YouTube, YouTube AU",2026-05-14
2026-06-24,stronger,word,6,8,"Google Alerts, YouTube",2022-01-22
2026-06-24,local,word,6,8,Google Alerts,2026-06-12
2026-06-24,here's,word,6,7,"Google Alerts, YouTube",2026-04-27
2026-06-24,song,word,6,7,YouTube,2025-11-29
2026-06-24,viralvideo,word,6,7,YouTube,2026-06-13
2026-06-24,young,word,6,7,"Google Alerts, YouTube",2026-05-12
2026-06-24,reveals,word,6,7,"Google Alerts, YouTube",2026-04-08
2026-06-24,sparks,word,6,7,"Google Alerts, YouTube, YouTube AU",2025-10-09
2026-06-24,back,word,6,7,"Google Alerts, YouTube, YouTube AU",2014-12-05
2026-06-24,don't,word,6,7,"Google Alerts, YouTube, YouTube AU",2019-03-25
2026-06-24,university,word,6,7,"Google Alerts, YouTube, YouTube AU",2026-04-01
2026-06-24,cdc,word,6,7,"Google Alerts, YouTube",2022-01-22
2026-06-24,finds,word,6,7,"Google Alerts, YouTube",2026-06-13
2026-06-24,study finds,phrase,6,7,"Google Alerts, YouTube",2026-06-13
2026-06-24,help,word,6,7,"Google Alerts, Reddit, YouTube",2026-01-22
2026-06-24,get vaccinated,phrase,6,7,"Google Alerts, YouTube, YouTube AU",2026-05-01
2026-06-24,boost,word,6,7,Google Alerts,2026-06-11
2026-06-24,short,word,6,6,"YouTube, YouTube AU",2020-04-10
2026-06-24,removes fluoride,phrase,6,6,"YouTube, YouTube AU",2024-06-03
2026-06-24,top,word,6,6,"Google Alerts, YouTube, YouTube AU",2021-09-01
2026-06-24,best fluoride,phrase,6,6,"YouTube, YouTube AU",2023-12-25
2026-06-24,filters,word,6,6,"YouTube, YouTube AU",2024-08-12
2026-06-24,made,word,6,6,YouTube,2012-08-04
2026-06-24,industrial,word,6,6,"YouTube, YouTube AU",2016-03-12
2026-06-24,dangers,word,6,6,YouTube,2011-12-04
2026-06-24,smile,word,6,6,YouTube,2026-05-14
2026-06-24,public health,phrase,6,6,"Google Alerts, YouTube, YouTube AU",2024-03-22
2026-06-24,dentist,word,6,6,"Google Alerts, YouTube",2025-11-13
2026-06-24,city,word,6,6,"Google Alerts, YouTube, YouTube AU",2011-05-05
2026-06-24,every,word,6,6,YouTube,2026-06-14
2026-06-24,think,word,6,6,YouTube,2026-06-11
2026-06-24,dental,word,6,6,"Google Alerts, YouTube",2025-05-02
2026-06-24,brushing,word,6,6,YouTube,2026-06-13
2026-06-24,facts,word,6,6,"Google Alerts, YouTube, YouTube AU",2022-01-22
2026-06-24,whitening,word,6,6,"Google Alerts, YouTube",2026-06-12
2026-06-24,it's,word,6,6,"Google Alerts, YouTube",2025-06-29
2026-06-24,reduce,word,6,6,"Google Alerts, Reddit, YouTube",2021-06-22
2026-06-24,guide,word,6,6,"Google Alerts, YouTube, YouTube AU",2026-06-14
2026-06-24,dog vaccination,phrase,6,6,YouTube,2026-06-13
2026-06-24,parents,word,6,6,"Google Alerts, Reddit, YouTube",2026-05-13
2026-06-24,dangerous,word,6,6,"Google Alerts, Reddit, YouTube, YouTube AU",2024-04-25
2026-06-24,vaccine lies,phrase,6,6,YouTube,2025-10-11
2026-06-24,give,word,6,6,"Google Alerts, Reddit, YouTube",2020-03-13
2026-06-24,mandate,word,6,6,"Reddit, YouTube",2023-09-22
2026-06-24,report,word,6,6,"Google Alerts, YouTube, YouTube AU",2015-12-25
2026-06-24,puppy,word,6,6,YouTube,2026-06-14
2026-06-24,prevent,word,6,6,"Google Alerts, YouTube",2026-06-14
2026-06-24,advice,word,6,6,"Google Alerts, Reddit, YouTube",2022-04-11
2026-06-24,controversy,word,6,6,"YouTube, YouTube AU",2025-10-09
2026-06-24,right,word,6,6,"YouTube, YouTube AU",2019-11-07
2026-06-24,dthshow youtube,phrase,6,6,YouTube,2026-06-17
2026-06-24,need,word,6,6,"Google Alerts, YouTube, YouTube AU",2024-11-10
2026-06-24,shortsfeed,word,5,27,YouTube,2026-06-13
2026-06-24,pneumococcal,word,5,13,"Google Alerts, YouTube",2026-06-14
2026-06-24,weekly,word,5,12,"Google Alerts, Reddit",2025-11-15
2026-06-24,slowed,word,5,11,YouTube,2026-06-13
2026-06-24,long,word,5,9,"Google Alerts, Reddit, YouTube",2020-03-25
2026-06-24,alert,word,5,9,Google Alerts,2026-06-18
2026-06-24,receive,word,5,8,"Google Alerts, YouTube",2026-06-14
2026-06-24,viruses,word,5,8,Google Alerts,2026-06-17
2026-06-24,rock,word,5,7,YouTube,2026-06-13
2026-06-24,punk,word,5,7,YouTube,2026-06-13
2026-06-24,almost,word,5,7,"Google Alerts, YouTube",2026-06-13
2026-06-24,cow,word,5,7,"Reddit, YouTube",2025-05-18
2026-06-24,global,word,5,7,"Google Alerts, YouTube, YouTube AU",2026-06-14
2026-06-24,victoria,word,5,7,Google Alerts,2026-06-15
2026-06-24,history,word,5,6,"Google Alerts, YouTube",2013-12-14
2026-06-24,court,word,5,6,"Reddit, YouTube, YouTube AU",2022-07-05
2026-06-24,incelcore,word,5,6,YouTube,2026-06-13
2026-06-24,third,word,5,6,"Google Alerts, YouTube",2026-05-09
2026-06-24,high,word,5,6,"Google Alerts, Reddit, YouTube",2022-11-04
2026-06-24,smart,word,5,6,"Google Alerts, YouTube",2025-06-29
2026-06-24,benefits,word,5,6,"Google Alerts, YouTube, YouTube AU",2026-04-22
2026-06-24,world's,word,5,6,"Google Alerts, YouTube",2026-06-14
2026-06-24,sick,word,5,6,"Google Alerts, YouTube",2026-06-14
2026-06-24,baby vaccine,phrase,5,6,YouTube,2026-06-13
2026-06-24,dengue vaccine,phrase,5,6,YouTube,2026-06-15
2026-06-24,rise,word,5,6,"Google Alerts, YouTube",2026-06-12
2026-06-24,livestock,word,5,6,"Google Alerts, YouTube",2026-06-12
2026-06-24,covid flu,phrase,5,6,"Google Alerts, YouTube",2026-06-18
2026-06-24,deadly,word,5,6,"Google Alerts, Reddit, YouTube",2024-04-29
2026-06-24,nasal,word,5,6,"Google Alerts, YouTube, YouTube AU",2026-05-27
2026-06-24,natural toothpaste,phrase,5,6,"Google Alerts, YouTube, YouTube AU",2018-10-13
2026-06-24,please,word,5,6,"Reddit, YouTube, YouTube AU",2021-06-25
2026-06-24,coast,word,5,6,"Google Alerts, Reddit, YouTube AU",2013-02-23
2026-06-24,south australia,phrase,5,6,"Google Alerts, Reddit",2024-04-15
2026-06-24,warns,word,5,6,Google Alerts,2026-06-13
2026-06-24,travel,word,5,6,Google Alerts,2026-06-14
2026-06-24,sydney,word,5,6,Google Alerts,2026-06-15
2026-06-24,mpox,word,5,6,Google Alerts,2026-06-16
2026-06-24,stock,word,5,6,Google Alerts,2026-06-17
2026-06-24,vax,word,5,5,"Reddit, YouTube",2022-04-05
2026-06-24,pfizer,word,5,5,"Reddit, YouTube, YouTube AU",2021-01-17
2026-06-24,exposed,word,5,5,"YouTube, YouTube AU",2026-03-06
2026-06-24,chlorine,word,5,5,"Google Alerts, YouTube",2026-04-07
2026-06-24,schedules,word,5,5,YouTube,2013-09-19
2026-06-24,without,word,5,5,"Google Alerts, YouTube, YouTube AU",2022-09-25
2026-06-24,pineal,word,5,5,"YouTube, YouTube AU",2024-07-13
2026-06-24,systems,word,5,5,"Google Alerts, YouTube",2026-06-10
2026-06-24,colgate,word,5,5,"Google Alerts, YouTube",2026-06-13
2026-06-24,toothpaste review,phrase,5,5,"YouTube, YouTube AU",2026-02-19
2026-06-24,concerns,word,5,5,"Google Alerts, YouTube",2024-11-10
2026-06-24,world,word,5,5,"Google Alerts, YouTube",2011-12-04
2026-06-24,effects,word,5,5,"YouTube, YouTube AU",2011-12-04
2026-06-24,new vaccine,phrase,5,5,"Google Alerts, YouTube",2026-06-14
2026-06-24,lied,word,5,5,"YouTube, YouTube AU",2020-09-07
2026-06-24,lie,word,5,5,YouTube,2025-11-13
2026-06-24,mmr,word,5,5,"Google Alerts, YouTube",2025-10-11
2026-06-24,vaccine mandate,phrase,5,5,YouTube,2026-06-14
2026-06-24,visit,word,5,5,"Google Alerts, YouTube",2026-06-14
2026-06-24,save,word,5,5,"Google Alerts, YouTube",2026-06-15
2026-06-24,cattle,word,5,5,"Google Alerts, YouTube",2026-06-14
2026-06-24,heart,word,5,5,"Google Alerts, Reddit, YouTube, YouTube AU",2025-08-10
2026-06-24,cavities,word,5,5,YouTube,2026-06-16
2026-06-24,start,word,5,5,"Google Alerts, YouTube",2026-06-11
2026-06-24,side,word,5,5,"Reddit, YouTube, YouTube AU",2024-04-29
2026-06-24,centre,word,4,12,Google Alerts,2026-06-12
2026-06-24,education,word,4,11,"Google Alerts, YouTube",2026-06-18
2026-06-24,com,word,4,9,"Google Alerts, YouTube",2026-06-11
2026-06-24,department,word,4,9,"Google Alerts, Reddit",2022-07-05
2026-06-24,times,word,4,9,Google Alerts,2026-06-16
2026-06-24,november,word,4,7,"Google Alerts, Reddit, YouTube",2022-11-04
2026-06-24,recommended,word,4,7,"Google Alerts, YouTube",2026-06-13
2026-06-24,cat,word,4,7,"Google Alerts, YouTube",2026-06-15
2026-06-24,vet,word,4,7,"Google Alerts, YouTube",2026-06-14
2026-06-24,influenza vaccination,phrase,4,7,Google Alerts,2026-06-16
2026-06-24,hepatitis vaccine,phrase,4,6,"Google Alerts, YouTube",2026-06-13
2026-06-24,rock type,phrase,4,6,YouTube,2026-06-13
2026-06-24,punk rock,phrase,4,6,YouTube,2026-06-13
2026-06-24,nurse,word,4,6,"Google Alerts, YouTube",2026-06-14
2026-06-24,says,word,4,6,"Google Alerts, YouTube",2025-12-11
2026-06-24,farm,word,4,6,YouTube,2026-06-14
2026-06-24,loss,word,4,6,"Google Alerts, YouTube",2026-05-16
2026-06-24,flu vaccines,phrase,4,6,"Google Alerts, YouTube",2026-06-18
2026-06-24,hub,word,4,6,"Google Alerts, YouTube",2026-06-12
2026-06-24,flu outbreak,phrase,4,6,"Google Alerts, YouTube",2026-06-20
2026-06-24,star,word,4,6,Google Alerts,2026-06-12
2026-06-24,star weekly,phrase,4,6,Google Alerts,2026-06-12
2026-06-24,primary,word,4,6,Google Alerts,2026-06-12
2026-06-24,manufacturing,word,4,6,Google Alerts,2026-06-15
2026-06-24,respiratory viruses,phrase,4,6,Google Alerts,2026-06-17
2026-06-24,fertilizer,word,4,5,YouTube,2025-04-24
2026-06-24,toxic byproduct,phrase,4,5,YouTube,2024-08-27
2026-06-24,watch,word,4,5,"Google Alerts, YouTube, YouTube AU",2024-06-29
2026-06-24,check,word,4,5,"Google Alerts, YouTube",2026-06-13
2026-06-24,response,word,4,5,"Google Alerts, YouTube",2021-05-27
2026-06-24,ended,word,4,5,"Google Alerts, YouTube",2025-02-11
2026-06-24,vaccination shorts,phrase,4,5,YouTube,2026-06-13
2026-06-24,inside,word,4,5,"Google Alerts, YouTube, YouTube AU",2024-06-29
2026-06-24,whole,word,4,5,"Google Alerts, YouTube, YouTube AU",2016-06-22
2026-06-24,shots,word,4,5,"Google Alerts, YouTube",2026-04-30
2026-06-24,story,word,4,5,"Google Alerts, YouTube, YouTube AU",2024-06-29
2026-06-24,china,word,4,5,"Google Alerts, YouTube, YouTube AU",2021-01-18
2026-06-24,make,word,4,5,"Google Alerts, YouTube",2026-06-12
2026-06-24,helps,word,4,5,"Google Alerts, YouTube",2026-06-14
2026-06-24,second,word,4,5,"Google Alerts, YouTube, YouTube AU",2013-02-12
2026-06-24,influenza vaccine,phrase,4,5,"Google Alerts, YouTube",2026-06-11
2026-06-24,next,word,4,5,"Google Alerts, YouTube",2026-06-15
2026-06-24,nano hydroxyapatite,phrase,4,5,YouTube,2026-06-15
2026-06-24,protecting,word,4,5,"Google Alerts, YouTube",2026-06-19
2026-06-24,hegseth,word,4,5,YouTube,2026-06-19
2026-06-24,major,word,4,5,"Google Alerts, YouTube, YouTube AU",2023-12-13
2026-06-24,childhood,word,4,5,"Google Alerts, YouTube, YouTube AU",2026-06-12
2026-06-24,spray,word,4,5,"Google Alerts, YouTube, YouTube AU",2026-05-27
2026-06-24,nasal spray,phrase,4,5,"Google Alerts, YouTube, YouTube AU",2026-05-27
2026-06-24,book,word,4,5,"Google Alerts, YouTube",2026-06-12
2026-06-24,humans,word,4,5,"Google Alerts, YouTube",2026-06-22
2026-06-24,aged,word,4,5,"Google Alerts, YouTube AU",2022-04-06
2026-06-24,perth,word,4,5,"Google Alerts, Reddit, YouTube AU",2013-02-12
2026-06-24,policy,word,4,5,Google Alerts,2026-06-12
2026-06-24,online,word,4,5,Google Alerts,2026-06-12
2026-06-24,slow,word,4,5,Google Alerts,2026-06-11
2026-06-24,diseases,word,4,5,Google Alerts,2026-06-16
2026-06-24,strategy,word,4,4,"Google Alerts, YouTube",2022-02-28
2026-06-24,added,word,4,4,"YouTube, YouTube AU",2020-11-18
2026-06-24,safety,word,4,4,"Reddit, YouTube",2022-05-23
2026-06-24,fluoride tap,phrase,4,4,YouTube,2024-04-19
2026-06-24,trust,word,4,4,"Google Alerts, YouTube",2025-12-09
2026-06-24,shower,word,4,4,"Google Alerts, YouTube",2026-04-19
2026-06-24,shower filter,phrase,4,4,"Google Alerts, YouTube",2026-04-19
2026-06-24,industrial byproduct,phrase,4,4,YouTube,2016-03-12
2026-06-24,question,word,4,4,YouTube,2026-01-12
2026-06-24,pets,word,4,4,YouTube,2026-06-14
2026-06-24,oral,word,4,4,"Google Alerts, YouTube",2026-06-08
2026-06-24,annual,word,4,4,"Google Alerts, YouTube",2026-06-13
2026-06-24,vaccine schedules,phrase,4,4,YouTube,2013-09-19
2026-06-24,mccullough,word,4,4,YouTube,2026-03-24
2026-06-24,cause,word,4,4,"Google Alerts, YouTube",2026-04-08
2026-06-24,shocking vaccine,phrase,4,4,YouTube,2026-01-15
2026-06-24,immune,word,4,4,"Google Alerts, YouTube",2025-12-13
2026-06-24,gland,word,4,4,"YouTube, YouTube AU",2024-07-13
2026-06-24,pineal gland,phrase,4,4,"YouTube, YouTube AU",2024-07-13
2026-06-24,real,word,4,4,"Google Alerts, YouTube",2026-05-10
2026-06-24,federal,word,4,4,"Reddit, YouTube, YouTube AU",2022-07-05
2026-06-24,explains,word,4,4,"Google Alerts, YouTube, YouTube AU",2025-06-06
2026-06-24,rtbrkr,word,4,4,YouTube,2026-06-13
2026-06-24,quality,word,4,4,"Google Alerts, YouTube",2026-06-13
2026-06-24,fluoride drinking,phrase,4,4,YouTube,2024-11-10
2026-06-24,shorts trending,phrase,4,4,YouTube,2026-06-13
2026-06-24,importance,word,4,4,"Google Alerts, YouTube",2026-06-13
2026-06-24,babycare,word,4,4,YouTube,2026-06-13
2026-06-24,tetanus,word,4,4,"Google Alerts, YouTube",2026-06-13
2026-06-24,pregnant,word,4,4,"Google Alerts, YouTube",2026-06-13
2026-06-24,vaccine rollout,phrase,4,4,"Google Alerts, YouTube",2026-06-13
2026-06-24,results,word,4,4,"Google Alerts, YouTube, YouTube AU",2022-12-21
2026-06-24,pet,word,4,4,"Google Alerts, YouTube",2026-05-29
2026-06-24,podcast,word,4,4,YouTube,2025-02-13
2026-06-24,medicine,word,4,4,"Google Alerts, YouTube",2016-06-22
2026-06-24,effective,word,4,4,"Google Alerts, YouTube",2022-01-27
2026-06-24,mmr vaccine,phrase,4,4,YouTube,2025-10-11
2026-06-24,revealed,word,4,4,"Google Alerts, YouTube, YouTube AU",2026-02-16
2026-06-24,makes,word,4,4,"Google Alerts, YouTube, YouTube AU",2025-12-31
2026-06-24,way,word,4,4,"Google Alerts, YouTube",2012-08-04
2026-06-24,nursing,word,4,4,"Google Alerts, YouTube",2026-06-12
2026-06-24,like,word,4,4,YouTube,2026-06-13
2026-06-24,india,word,4,4,YouTube,2026-06-13
2026-06-24,human,word,4,4,"Google Alerts, YouTube",2026-06-14
2026-06-24,world's first,phrase,4,4,"Google Alerts, YouTube",2026-06-14
2026-06-24,cancer vaccine,phrase,4,4,"Google Alerts, YouTube",2026-06-13
2026-06-24,power,word,4,4,"YouTube, YouTube AU",2024-03-22
2026-06-24,breaking,word,4,4,"Google Alerts, YouTube",2025-12-11
2026-06-24,vaccinate,word,4,4,"Google Alerts, YouTube",2026-06-11
2026-06-24,you're,word,4,4,"Google Alerts, YouTube",2026-06-13
2026-06-24,bcg,word,4,4,YouTube,2026-06-14
2026-06-24,myths,word,4,4,"YouTube, YouTube AU",2026-05-08
2026-06-24,fluoride actually,phrase,4,4,YouTube,2026-06-14
2026-06-24,role,word,4,4,"Google Alerts, YouTube",2025-05-02
2026-06-24,available,word,4,4,"Reddit, YouTube",2022-01-23
2026-06-24,funny,word,4,4,YouTube,2026-06-14
2026-06-24,machine,word,4,4,"Google Alerts, YouTube, YouTube AU",2026-06-14
2026-06-24,pregnancy,word,4,4,"Google Alerts, YouTube",2026-06-13
2026-06-24,would,word,4,4,"Google Alerts, YouTube, YouTube AU",2025-01-12
2026-06-24,linked,word,4,4,"Google Alerts, YouTube",2026-05-16
2026-06-24,want,word,4,4,"YouTube, YouTube AU",2019-03-25
2026-06-24,moment,word,4,4,YouTube,2026-06-14
2026-06-24,trial,word,4,4,"Google Alerts, YouTube",2026-06-15
2026-06-24,complete,word,4,4,"YouTube, YouTube AU",2026-02-19
2026-06-24,level,word,4,4,"Google Alerts, YouTube",2026-06-16
2026-06-24,mandatory,word,4,4,"Reddit, YouTube",2021-09-12
2026-06-24,decision,word,4,4,"Google Alerts, Reddit, YouTube",2023-09-22
2026-06-24,forever,word,4,4,"YouTube, YouTube AU",2024-06-03
2026-06-24,end,word,4,4,"Google Alerts, YouTube",2026-06-16
2026-06-24,push,word,4,4,"Google Alerts, YouTube",2022-01-10
2026-06-24,parenting,word,4,4,YouTube,2026-06-17
2026-06-24,catch,word,4,4,"Reddit, YouTube",2026-05-13
2026-06-24,dentalhealth,word,4,4,YouTube,2026-06-16
2026-06-24,effect,word,4,4,"Reddit, YouTube",2024-04-29
2026-06-24,matters,word,4,4,"Google Alerts, YouTube",2026-06-12
2026-06-24,vaccine injection,phrase,4,4,YouTube,2026-06-18
2026-06-24,silver,word,4,4,"Google Alerts, YouTube",2026-06-13
2026-06-24,diamine,word,4,4,"Google Alerts, YouTube",2026-06-13
2026-06-24,silver diamine,phrase,4,4,"Google Alerts, YouTube",2026-06-13
2026-06-24,diamine fluoride,phrase,4,4,"Google Alerts, YouTube",2026-06-13
2026-06-24,experience,word,4,4,"Google Alerts, YouTube, YouTube AU",2022-12-21
2026-06-24,workplace,word,4,4,"Google Alerts, YouTube",2026-06-19
2026-06-24,air,word,4,4,YouTube,2026-06-20
2026-06-24,force,word,4,4,YouTube,2026-06-20
2026-06-24,air force,phrase,4,4,YouTube,2026-06-20
2026-06-24,work,word,4,4,"YouTube, YouTube AU",2026-03-02
2026-06-24,poultry,word,4,4,"Google Alerts, YouTube",2026-06-12
2026-06-24,lower,word,4,4,"Google Alerts, YouTube",2026-06-16
2026-06-24,suggests,word,4,4,"Google Alerts, YouTube",2026-06-16
2026-06-24,study suggests,phrase,4,4,"Google Alerts, YouTube",2026-06-16
2026-06-24,saving,word,4,4,"Reddit, YouTube, YouTube AU",2025-05-18
2026-06-24,extended,word,4,4,"Google Alerts, YouTube",2026-06-21
2026-06-24,street,word,4,4,"Google Alerts, YouTube",2026-06-21
2026-06-24,early,word,4,4,"Google Alerts, Reddit, YouTube",2022-05-23
2026-06-24,episode,word,4,4,"Google Alerts, YouTube, YouTube AU",2025-10-29
2026-06-24,records,word,4,4,"Google Alerts, YouTube, YouTube AU",2026-05-20
2026-06-24,professional,word,4,4,"Google Alerts, Reddit, YouTube, YouTube AU",2026-04-05
2026-06-24,reels,word,4,4,YouTube,2026-06-23
2026-06-24,since,word,4,4,"Google Alerts, Reddit, YouTube",2021-09-12
2026-06-24,vaccine study,phrase,4,4,"YouTube, YouTube AU",2026-06-07
2026-06-24,australia's water,phrase,4,4,YouTube AU,2016-02-29
2026-06-24,parliament,word,4,4,"Google Alerts, YouTube AU",2017-02-28
2026-06-24,diphtheria outbreak,phrase,4,4,"Google Alerts, YouTube AU",2026-05-21
2026-06-24,vaccine rates,phrase,4,4,"Google Alerts, YouTube AU",2026-04-26
2026-06-24,information,word,4,4,"Google Alerts, YouTube AU",2024-04-30
2026-06-24,gov,word,4,4,"Google Alerts, YouTube AU",2024-01-24
2026-06-24,free flu,phrase,4,4,"Google Alerts, YouTube AU",2026-06-11
2026-06-24,older,word,4,4,"Google Alerts, Reddit",2025-06-03
2026-06-24,north,word,4,4,"Google Alerts, Reddit",2022-01-23
2026-06-24,weight-loss,word,4,4,Google Alerts,2026-06-11
2026-06-24,peak,word,4,4,Google Alerts,2026-06-12
2026-06-24,west,word,4,4,Google Alerts,2026-06-13
2026-06-24,updates,word,4,4,Google Alerts,2026-06-12
2026-06-24,amid,word,4,4,Google Alerts,2026-06-13
2026-06-24,designed,word,4,4,Google Alerts,2026-06-13
2026-06-24,statistics,word,3,10,"Reddit, YouTube",2025-11-07
2026-06-24,abc,word,3,9,"Google Alerts, YouTube, YouTube AU",2023-11-20
2026-06-24,experts,word,3,9,Google Alerts,2026-06-11
2026-06-24,paul,word,3,8,"YouTube, YouTube AU",2013-02-12
2026-06-24,canberra,word,3,8,"Google Alerts, YouTube AU",2024-10-09
2026-06-24,connett,word,3,7,"YouTube, YouTube AU",2013-02-12
2026-06-24,paul connett,phrase,3,7,"YouTube, YouTube AU",2013-02-12
2026-06-24,base,word,3,7,"Google Alerts, YouTube",2026-06-20
2026-06-24,discovery,word,3,7,"Google Alerts, YouTube",2026-06-20
2026-06-24,viral trending,phrase,3,6,YouTube,2026-06-13
2026-06-24,professor,word,3,5,"YouTube, YouTube AU",2020-03-19
2026-06-24,injection vaccination,phrase,3,5,YouTube,2026-06-12
2026-06-24,doctors update,phrase,3,5,"Google Alerts, YouTube",2026-06-11
2026-06-24,low,word,3,5,"Google Alerts, Reddit, YouTube",2025-05-19
2026-06-24,starts,word,3,5,"Google Alerts, YouTube",2026-06-16
2026-06-24,winter health,phrase,3,5,Google Alerts,2026-06-12
2026-06-24,flumist,word,3,5,Google Alerts,2026-06-15
2026-06-24,backs,word,3,5,Google Alerts,2026-06-15
2026-06-24,mrna manufacturing,phrase,3,5,Google Alerts,2026-06-15
2026-06-24,presentation,word,3,4,"Reddit, YouTube, YouTube AU",2020-03-25
2026-06-24,fluoride health,phrase,3,4,"YouTube, YouTube AU",2024-11-04
2026-06-24,expert,word,3,4,"Google Alerts, YouTube",2026-05-15
2026-06-24,reduction,word,3,4,YouTube,2026-04-17
2026-06-24,newbornbaby,word,3,4,YouTube,2026-06-13
2026-06-24,funding,word,3,4,"Google Alerts, YouTube",2026-06-11
2026-06-24,ruling,word,3,4,"YouTube, YouTube AU",2024-11-04
2026-06-24,fluoride punk,phrase,3,4,YouTube,2026-06-13
2026-06-24,eye,word,3,4,YouTube,2026-05-09
2026-06-24,third eye,phrase,3,4,YouTube,2026-05-09
2026-06-24,chemicals,word,3,4,"YouTube, YouTube AU",2024-06-03
2026-06-24,potential,word,3,4,"Google Alerts, YouTube",2024-11-10
2026-06-24,meningitis,word,3,4,"Google Alerts, YouTube",2026-06-12
2026-06-24,hesitancy,word,3,4,"Google Alerts, YouTube",2025-02-13
2026-06-24,vaccine hesitancy,phrase,3,4,"Google Alerts, YouTube",2025-02-13
2026-06-24,exposes,word,3,4,"YouTube, YouTube AU",2024-11-04
2026-06-24,pharmaceutical,word,3,4,"Google Alerts, YouTube",2025-12-09
2026-06-24,pneumococcal vaccination,phrase,3,4,"Google Alerts, YouTube",2026-06-14
2026-06-24,million,word,3,4,"Google Alerts, YouTube, YouTube AU",2026-06-12
2026-06-24,food,word,3,4,"YouTube, YouTube AU",2026-06-13
2026-06-24,free fried,phrase,3,4,YouTube,2026-06-16
2026-06-24,warn,word,3,4,"Google Alerts, YouTube",2026-06-14
2026-06-24,vaccination done,phrase,3,4,YouTube,2026-06-16
2026-06-24,fight,word,3,4,"Google Alerts, YouTube, YouTube AU",2026-06-15
2026-06-24,grows,word,3,4,"Google Alerts, YouTube, YouTube AU",2026-05-24
2026-06-24,current,word,3,4,"Google Alerts, YouTube, YouTube AU",2026-04-29
2026-06-24,infection,word,3,4,"Google Alerts, YouTube",2026-06-13
2026-06-24,vaccines protecting,phrase,3,4,"Google Alerts, YouTube",2026-06-19
2026-06-24,problem,word,3,4,"Google Alerts, YouTube",2026-06-19
2026-06-24,recent,word,3,4,"Google Alerts, YouTube, YouTube AU",2024-11-04
2026-06-24,conversation,word,3,4,"YouTube, YouTube AU",2026-06-13
2026-06-24,cancer deaths,phrase,3,4,"Google Alerts, YouTube",2026-06-18
2026-06-24,carbon,word,3,4,"Google Alerts, YouTube",2026-06-17
2026-06-24,virus vaccine,phrase,3,4,"Google Alerts, YouTube",2026-06-20
2026-06-24,international,word,3,4,"Google Alerts, YouTube",2026-06-12
2026-06-24,moderna,word,3,4,"Google Alerts, YouTube",2026-06-17
2026-06-24,secret,word,3,4,"Google Alerts, YouTube",2026-06-16
2026-06-24,vaccination part,phrase,3,4,"Google Alerts, YouTube",2026-06-12
2026-06-24,vaccine today,phrase,3,4,"Google Alerts, YouTube, YouTube AU",2026-06-12
2026-06-24,cairns,word,3,4,"Google Alerts, YouTube AU",2024-11-10
2026-06-24,targets,word,3,4,"Google Alerts, YouTube AU",2026-05-28
2026-06-24,gympie,word,3,4,YouTube AU,2025-09-25
2026-06-24,gympie council,phrase,3,4,YouTube AU,2025-09-25
2026-06-24,find,word,3,4,"Google Alerts, YouTube AU",2026-05-24
2026-06-24,herald,word,3,4,"Google Alerts, YouTube AU",2023-12-13
2026-06-24,australians,word,3,4,"Google Alerts, YouTube AU",2019-03-25
2026-06-24,using,word,3,4,"Google Alerts, Reddit, YouTube AU",2015-12-25
2026-06-24,huge,word,3,4,"Google Alerts, Reddit",2022-05-26
2026-06-24,numbers,word,3,4,"Google Alerts, Reddit",2022-01-23
2026-06-24,influenza flu,phrase,3,4,Google Alerts,2026-06-12
2026-06-24,two,word,3,4,Google Alerts,2026-06-11
2026-06-24,residents,word,3,4,Google Alerts,2026-06-11
2026-06-24,defence,word,3,4,Google Alerts,2026-06-11
2026-06-24,ahead,word,3,4,Google Alerts,2026-06-12
2026-06-24,urged,word,3,4,Google Alerts,2026-06-13
2026-06-24,flu shot,phrase,3,4,Google Alerts,2026-06-15
2026-06-24,congo,word,3,4,Google Alerts,2026-06-15
2026-06-24,nsw health,phrase,3,4,Google Alerts,2026-06-16
2026-06-24,line,word,3,4,Google Alerts,2026-06-17
2026-06-24,first line,phrase,3,4,Google Alerts,2026-06-17
2026-06-24,removal,word,3,3,"YouTube, YouTube AU",2011-02-10
2026-06-24,fluoride removal,phrase,3,3,"YouTube, YouTube AU",2011-02-10
2026-06-24,latest,word,3,3,"Google Alerts, YouTube",2022-04-05
2026-06-24,toxic waste,phrase,3,3,YouTube,2020-11-18
2026-06-24,plan,word,3,3,"Google Alerts, YouTube",2023-08-30
2026-06-24,friendly,word,3,3,"YouTube, YouTube AU",2018-10-13
2026-06-24,cannot,word,3,3,YouTube,2026-03-12
2026-06-24,injections,word,3,3,"Google Alerts, YouTube",2026-03-06
2026-06-24,vaers,word,3,3,YouTube,2026-02-16
2026-06-24,claims,word,3,3,"YouTube, YouTube AU",2022-12-05
2026-06-24,gets,word,3,3,"Google Alerts, YouTube",2026-05-13
2026-06-24,fluoride debate,phrase,3,3,"YouTube, YouTube AU",2024-10-12
2026-06-24,good,word,3,3,"Reddit, YouTube",2021-10-02
2026-06-24,said,word,3,3,YouTube,2021-10-02
2026-06-24,stage,word,3,3,"Google Alerts, YouTube",2026-04-20
2026-06-24,filter removes,phrase,3,3,"YouTube, YouTube AU",2024-06-03
2026-06-24,reverse,word,3,3,"YouTube, YouTube AU",2024-10-16
2026-06-24,osmosis,word,3,3,"YouTube, YouTube AU",2024-10-16
2026-06-24,reverse osmosis,phrase,3,3,"YouTube, YouTube AU",2024-10-16
2026-06-24,top best,phrase,3,3,"YouTube, YouTube AU",2024-10-16
2026-06-24,fluoride chlorine,phrase,3,3,YouTube,2026-04-07
2026-06-24,viable,word,3,3,"Google Alerts, YouTube",2025-10-06
2026-06-24,fluoride industrial,phrase,3,3,YouTube,2016-03-12
2026-06-24,dangers fluoride,phrase,3,3,YouTube,2016-03-12
2026-06-24,neurotoxin,word,3,3,"YouTube, YouTube AU",2022-07-22
2026-06-24,worth,word,3,3,"YouTube, YouTube AU",2026-05-14
2026-06-24,city council,phrase,3,3,"Google Alerts, YouTube",2011-05-05
2026-06-24,description,word,3,3,"Google Alerts, YouTube, YouTube AU",2020-03-15
2026-06-24,month vaccination,phrase,3,3,"YouTube, YouTube AU",2022-01-02
2026-06-24,knew,word,3,3,"Reddit, YouTube",2025-05-23
2026-06-24,talks,word,3,3,YouTube,2009-09-02
2026-06-24,excess,word,3,3,"YouTube, YouTube AU",2022-12-05
2026-06-24,immune system,phrase,3,3,YouTube,2025-12-13
2026-06-24,poisoning,word,3,3,YouTube,2026-06-05
2026-06-24,used,word,3,3,"Reddit, YouTube",2024-04-29
2026-06-24,myth,word,3,3,YouTube,2026-04-01
2026-06-24,cover-up,word,3,3,YouTube,2026-06-11
2026-06-24,worse,word,3,3,"Google Alerts, YouTube",2026-06-11
2026-06-24,patients,word,3,3,"Reddit, YouTube",2025-08-10
2026-06-24,federal court,phrase,3,3,"Reddit, YouTube",2022-07-05
2026-06-24,fluoride cover,phrase,3,3,YouTube,2026-06-13
2026-06-24,fluoride type,phrase,3,3,YouTube,2026-06-13
2026-06-24,community water,phrase,3,3,"Google Alerts, YouTube",2026-06-12
2026-06-24,water systems,phrase,3,3,"Google Alerts, YouTube",2026-06-10
2026-06-24,new research,phrase,3,3,"Google Alerts, YouTube",2026-06-13
2026-06-24,clean,word,3,3,"Google Alerts, YouTube, YouTube AU",2026-05-08
2026-06-24,total,word,3,3,"Google Alerts, YouTube",2026-06-13
2026-06-24,colgate total,phrase,3,3,"Google Alerts, YouTube",2026-06-13
2026-06-24,hidden truth,phrase,3,3,YouTube,2026-06-13
2026-06-24,tooth,word,3,3,YouTube,2026-06-13
2026-06-24,whitening toothpaste,phrase,3,3,YouTube,2026-06-13
2026-06-24,focus,word,3,3,"Google Alerts, YouTube",2026-06-13
2026-06-24,nano-hydroxyapatite,word,3,3,"YouTube, YouTube AU",2024-09-01
2026-06-24,lead,word,3,3,"YouTube, YouTube AU",2025-07-31
2026-06-24,learn,word,3,3,YouTube,2026-05-01
2026-06-24,sleep,word,3,3,"Google Alerts, YouTube",2026-05-01
2026-06-24,vaccination viral,phrase,3,3,YouTube,2026-06-13
2026-06-24,surprise,word,3,3,YouTube,2026-06-13
2026-06-24,viralshort,word,3,3,YouTube,2026-06-13
2026-06-24,industry,word,3,3,"Reddit, YouTube",2025-05-19
2026-06-24,mrna vaccine,phrase,3,3,"Google Alerts, YouTube",2026-06-13
2026-06-24,vaccine shorts,phrase,3,3,YouTube,2026-06-13
2026-06-24,happens,word,3,3,YouTube,2026-06-13
2026-06-24,infections,word,3,3,"Google Alerts, YouTube",2025-02-13
2026-06-24,family,word,3,3,YouTube,2016-06-22
2026-06-24,students,word,3,3,YouTube,2013-09-19
2026-06-24,going,word,3,3,YouTube,2025-11-13
2026-06-24,i'm,word,3,3,"Google Alerts, YouTube",2025-11-05
2026-06-24,accountable,word,3,3,"Google Alerts, YouTube",2025-10-12
2026-06-24,destroyed,word,3,3,YouTube,2025-10-11
2026-06-24,maga,word,3,3,YouTube,2025-10-11
2026-06-24,maga destroyed,phrase,3,3,YouTube,2025-10-11
2026-06-24,emotional,word,3,3,YouTube,2025-12-31
2026-06-24,immunity better,phrase,3,3,YouTube,2022-02-24
2026-06-24,music,word,3,3,YouTube,2026-06-14
2026-06-24,thousands,word,3,3,"Google Alerts, Reddit, YouTube",2022-05-23
2026-06-24,doses,word,3,3,"Google Alerts, Reddit, YouTube",2021-06-22
2026-06-24,vitamin,word,3,3,YouTube,2026-06-12
2026-06-24,drop,word,3,3,"Google Alerts, Reddit, YouTube",2024-04-15
2026-06-24,they're,word,3,3,"Reddit, YouTube",2023-09-22
2026-06-24,old,word,3,3,"Google Alerts, YouTube",2026-06-14
2026-06-24,matter,word,3,3,YouTube,2022-01-22
2026-06-24,drive,word,3,3,"Google Alerts, YouTube",2026-06-14
2026-06-24,chicks,word,3,3,YouTube,2026-06-14
2026-06-24,vaccine day,phrase,3,3,YouTube,2026-06-13
2026-06-24,coronavirus,word,3,3,"Google Alerts, Reddit, YouTube",2023-06-24
2026-06-24,gigi,word,3,3,YouTube,2026-06-14
2026-06-24,rinsing,word,3,3,YouTube,2026-06-15
2026-06-24,lost,word,3,3,YouTube,2026-06-14
2026-06-24,love lost,phrase,3,3,YouTube,2026-06-14
2026-06-24,days,word,3,3,YouTube,2026-06-15
2026-06-24,vaccination time,phrase,3,3,YouTube,2026-06-15
2026-06-24,months,word,3,3,YouTube,2026-06-15
2026-06-24,moment shorts,phrase,3,3,YouTube,2026-06-14
2026-06-24,month baby,phrase,3,3,YouTube,2026-06-14
2026-06-24,giant,word,3,3,"Google Alerts, YouTube",2026-06-15
2026-06-24,leading,word,3,3,"Google Alerts, YouTube",2026-06-15
2026-06-24,wants,word,3,3,"YouTube, YouTube AU",2025-04-25
2026-06-24,relatable,word,3,3,YouTube,2026-06-16
2026-06-24,momlife,word,3,3,YouTube,2026-06-16
2026-06-24,development,word,3,3,"Google Alerts, YouTube, YouTube AU",2024-12-25
2026-06-24,protects,word,3,3,YouTube,2026-06-17
2026-06-24,save lives,phrase,3,3,"Google Alerts, YouTube",2026-06-17
2026-06-24,vaccines save,phrase,3,3,YouTube,2026-06-17
2026-06-24,vaccination dog,phrase,3,3,YouTube,2026-06-16
2026-06-24,brave,word,3,3,YouTube,2026-06-17
2026-06-24,girl,word,3,3,"Google Alerts, YouTube",2026-06-17
2026-06-24,expands,word,3,3,"YouTube, YouTube AU",2026-05-27
2026-06-24,toothpaste fluoride-free,phrase,3,3,"Google Alerts, YouTube",2026-06-17
2026-06-24,vaccination matters,phrase,3,3,YouTube,2026-06-17
2026-06-24,started,word,3,3,"YouTube, YouTube AU",2018-01-24
2026-06-24,away,word,3,3,"Reddit, YouTube",2020-03-13
2026-06-24,nobs,word,3,3,YouTube,2026-06-19
2026-06-24,sdf,word,3,3,YouTube,2026-06-19
2026-06-24,shares,word,3,3,"Google Alerts, YouTube",2026-06-17
2026-06-24,making,word,3,3,"Reddit, YouTube",2021-09-12
2026-06-24,easy,word,3,3,"Google Alerts, YouTube",2026-06-19
2026-06-24,polio,word,3,3,YouTube,2026-06-19
2026-06-24,worst,word,3,3,"Google Alerts, YouTube, YouTube AU",2026-05-21
2026-06-24,side effects,phrase,3,3,"YouTube, YouTube AU",2024-06-17
2026-06-24,chinese,word,3,3,"YouTube, YouTube AU",2026-06-06
2026-06-24,hits,word,3,3,"Google Alerts, YouTube",2026-06-17
2026-06-24,vaccine may,phrase,3,3,"Google Alerts, YouTube",2026-06-16
2026-06-24,ytshorts shorts,phrase,3,3,YouTube,2026-06-19
2026-06-24,pain,word,3,3,"Google Alerts, YouTube",2026-06-17
2026-06-24,dogs,word,3,3,YouTube,2026-06-19
2026-06-24,dementia risk,phrase,3,3,"Google Alerts, YouTube",2026-06-16
2026-06-24,military,word,3,3,"Reddit, YouTube",2026-03-07
2026-06-24,preventable,word,3,3,"Google Alerts, YouTube",2026-06-18
2026-06-24,home,word,3,3,"YouTube, YouTube AU",2025-06-06
2026-06-24,lab,word,3,3,"Google Alerts, Reddit, YouTube",2020-03-13
2026-06-24,vaccine program,phrase,3,3,"Google Alerts, YouTube",2026-06-21
2026-06-24,nearly,word,3,3,"Google Alerts, YouTube",2026-06-20
2026-06-24,toothpaste fluoride,phrase,3,3,"Google Alerts, YouTube",2026-06-22
2026-06-24,oralhygiene,word,3,3,YouTube,2026-06-21
2026-06-24,little,word,3,3,"Google Alerts, YouTube",2026-06-12
2026-06-24,hpv vaccination,phrase,3,3,"Google Alerts, YouTube",2026-06-21
2026-06-24,alleged,word,3,3,"Google Alerts, Reddit, YouTube",2026-05-07
2026-06-24,call,word,3,3,"Google Alerts, YouTube",2026-06-13
2026-06-24,hit,word,3,3,"Google Alerts, Reddit, YouTube",2023-09-22
2026-06-24,brain,word,3,3,"Google Alerts, YouTube, YouTube AU",2024-12-25
2026-06-24,soon,word,3,3,"Google Alerts, YouTube",2026-06-17
2026-06-24,removed,word,3,3,"Reddit, YouTube, YouTube AU",2022-11-04
2026-06-24,breakdown,word,3,3,"Google Alerts, Reddit, YouTube",2021-09-12
2026-06-24,vaccine treatment,phrase,3,3,"Google Alerts, YouTube",2026-06-20
2026-06-24,cost,word,3,3,"Google Alerts, YouTube AU",2025-01-12
2026-06-24,tga,word,3,3,"Google Alerts, Reddit, YouTube AU",2021-01-17
2026-06-24,water filters,phrase,3,3,YouTube AU,2024-08-12
2026-06-24,channel,word,3,3,YouTube AU,2015-12-25
2026-06-24,outbreaks,word,3,3,"Google Alerts, YouTube AU",2026-06-12
2026-06-24,seniors,word,3,3,"Google Alerts, YouTube AU",2026-05-19
2026-06-24,premier,word,3,3,"Google Alerts, Reddit, YouTube AU",2022-12-02
2026-06-24,blood,word,3,3,"Google Alerts, YouTube AU",2026-05-30
2026-06-24,crisis,word,3,3,"Google Alerts, YouTube AU",2026-06-15
2026-06-24,breakthrough,word,3,3,"Google Alerts, YouTube AU",2026-06-16
2026-06-24,aussie,word,3,3,"Google Alerts, Reddit, YouTube AU",2026-05-07
2026-06-24,registration,word,3,3,Reddit,2025-11-07
2026-06-24,jab,word,3,3,"Google Alerts, Reddit",2024-04-29
2026-06-24,nip,word,3,3,"Google Alerts, Reddit",2026-02-04
2026-06-24,funded,word,3,3,"Google Alerts, Reddit",2026-02-04
2026-06-24,network,word,3,3,"Google Alerts, Reddit",2022-07-05
2026-06-24,urges,word,3,3,"Google Alerts, Reddit",2022-12-02
2026-06-24,including,word,3,3,"Google Alerts, Reddit",2022-11-04
2026-06-24,jabs,word,3,3,"Google Alerts, Reddit",2025-08-10
2026-06-24,approves,word,3,3,"Google Alerts, Reddit",2025-06-03
2026-06-24,scientists,word,3,3,Google Alerts,2026-06-12
2026-06-24,strait,word,3,3,Google Alerts,2026-06-12
2026-06-24,islander,word,3,3,Google Alerts,2026-06-12
2026-06-24,welcomes,word,3,3,Google Alerts,2026-06-12
2026-06-24,urgent,word,3,3,Google Alerts,2026-06-11
2026-06-24,urgent warning,phrase,3,3,Google Alerts,2026-06-11
2026-06-24,slow start,phrase,3,3,Google Alerts,2026-06-11
2026-06-24,following,word,3,3,Google Alerts,2026-06-12
2026-06-24,list,word,3,3,Google Alerts,2026-06-13
2026-06-24,drc,word,3,3,Google Alerts,2026-06-13
2026-06-24,men,word,3,3,Google Alerts,2026-06-14
2026-06-24,infectious,word,3,3,Google Alerts,2026-06-15
2026-06-24,eastern,word,3,3,Google Alerts,2026-06-15
2026-06-24,growth,word,3,3,Google Alerts,2026-06-15
2026-06-24,means,word,3,3,Google Alerts,2026-06-17
2026-06-24,beyond,word,3,3,Google Alerts,2026-06-17
2026-06-24,africa,word,3,3,Google Alerts,2026-06-17
2026-06-24,twc,word,3,3,Google Alerts,2026-06-17
2026-06-24,protected,word,3,3,Google Alerts,2026-06-17
2026-06-24,winter vaccinations,phrase,3,3,Google Alerts,2026-06-22
2026-06-24,program extended,phrase,3,3,Google Alerts,2026-06-22
2026-06-24,resign,word,3,3,Google Alerts,2026-06-22
2026-06-24,shorts shortsfeed,phrase,2,24,YouTube,2026-06-13
2026-06-24,analysis,word,2,15,"Google Alerts, Reddit",2022-08-31
2026-06-24,abc news,phrase,2,8,"Google Alerts, YouTube AU",2023-11-20
2026-06-24,investing,word,2,7,Google Alerts,2026-06-11
2026-06-24,investing com,phrase,2,7,Google Alerts,2026-06-11
2026-06-24,goat vaccine,phrase,2,6,YouTube,2026-06-16
2026-06-24,healthed,word,2,6,Google Alerts,2026-06-16
2026-06-24,services,word,2,6,Google Alerts,2026-06-16
2026-06-24,avian,word,2,5,"Google Alerts, YouTube",2026-06-21
2026-06-24,surgery,word,2,5,"Google Alerts, YouTube",2026-06-17
2026-06-24,news australia,phrase,2,5,"Google Alerts, YouTube AU",2021-04-16
2026-06-24,phoenix,word,2,5,"Google Alerts, YouTube AU",2024-11-16
2026-06-24,urge,word,2,5,Google Alerts,2026-06-11
2026-06-24,republic,word,2,5,Google Alerts,2026-06-12
2026-06-24,buy,word,2,5,Google Alerts,2026-06-13
2026-06-24,csl,word,2,5,Google Alerts,2026-06-15
2026-06-24,changes,word,2,5,Google Alerts,2026-06-16
2026-06-24,ageing,word,2,5,Google Alerts,2026-06-16
2026-06-24,bendigo,word,2,5,Google Alerts,2026-06-19
2026-06-24,professor paul,phrase,2,4,"YouTube, YouTube AU",2020-03-19
2026-06-24,bob,word,2,4,YouTube,2009-09-02
2026-06-24,sheep,word,2,4,YouTube,2026-06-13
2026-06-24,senate,word,2,4,YouTube,2026-06-14
2026-06-24,goatfarming,word,2,4,YouTube,2026-06-15
2026-06-24,overrated,word,2,4,YouTube,2026-06-14
2026-06-24,explosive,word,2,4,YouTube,2026-06-15
2026-06-24,sped,word,2,4,YouTube,2026-06-17
2026-06-24,california,word,2,4,"Google Alerts, YouTube AU",2024-11-04
2026-06-24,postreat,word,2,4,"Google Alerts, YouTube AU",2024-09-29
2026-06-24,postreat fluoride,phrase,2,4,"Google Alerts, YouTube AU",2024-09-29
2026-06-24,social,word,2,4,"Google Alerts, YouTube AU",2026-06-18
2026-06-24,winter vaccination,phrase,2,4,"Google Alerts, YouTube AU",2026-06-18
2026-06-24,issues,word,2,4,"Google Alerts, Reddit",2025-11-05
2026-06-24,department health,phrase,2,4,"Google Alerts, Reddit",2022-07-05
2026-06-24,chemist,word,2,4,Google Alerts,2026-06-12
2026-06-24,racgp,word,2,4,Google Alerts,2026-06-12
2026-06-24,immunisation update,phrase,2,4,Google Alerts,2026-06-12
2026-06-24,update june,phrase,2,4,Google Alerts,2026-06-12
2026-06-24,weight,word,2,4,Google Alerts,2026-06-12
2026-06-24,weight loss,phrase,2,4,Google Alerts,2026-06-12
2026-06-24,media,word,2,4,Google Alerts,2026-06-12
2026-06-24,countries,word,2,4,Google Alerts,2026-06-13
2026-06-24,citynews,word,2,4,Google Alerts,2026-06-15
2026-06-24,victoria backs,phrase,2,4,Google Alerts,2026-06-15
2026-06-24,building,word,2,4,Google Alerts,2026-06-17
2026-06-24,ebola outbreak,phrase,2,4,Google Alerts,2026-06-17
2026-06-24,miller,word,2,4,Google Alerts,2026-06-18
2026-06-24,page,word,2,4,Google Alerts,2026-06-18
2026-06-24,disability,word,2,4,Google Alerts,2026-06-21
2026-06-24,toxicity,word,2,3,"YouTube, YouTube AU",2020-03-25
2026-06-24,version,word,2,3,YouTube,2020-03-25
2026-06-24,toxicity presentation,phrase,2,3,"YouTube, YouTube AU",2020-03-25
2026-06-24,fluoride toxicity,phrase,2,3,"YouTube, YouTube AU",2020-03-25
2026-06-24,affect,word,2,3,"YouTube, YouTube AU",2024-12-25
2026-06-24,sodium,word,2,3,YouTube,2026-05-21
2026-06-24,fluoride reduction,phrase,2,3,YouTube,2026-04-17
2026-06-24,misinformation,word,2,3,YouTube,2026-03-09
2026-06-24,newbornbaby vaccine,phrase,2,3,YouTube,2026-06-14
2026-06-24,vaccine cutebaby,phrase,2,3,YouTube,2026-06-13
2026-06-24,claim,word,2,3,YouTube,2026-05-12
2026-06-24,court ruling,phrase,2,3,"YouTube, YouTube AU",2024-11-04
2026-06-24,wifiskeleton,word,2,3,YouTube,2026-06-13
2026-06-24,tips,word,2,3,"Google Alerts, YouTube",2026-06-14
2026-06-24,offered,word,2,3,"Google Alerts, YouTube",2026-06-12
2026-06-24,meningitis vaccine,phrase,2,3,"Google Alerts, YouTube",2026-06-12
2026-06-24,brand,word,2,3,"Google Alerts, YouTube",2026-06-14
2026-06-24,cute baby,phrase,2,3,YouTube,2026-06-13
2026-06-24,vaccination trending,phrase,2,3,YouTube,2026-06-15
2026-06-24,reference,word,2,3,"Google Alerts, YouTube",2026-06-15
2026-06-24,strains,word,2,3,"Google Alerts, YouTube",2026-06-15
2026-06-24,takes,word,2,3,"Google Alerts, YouTube",2026-06-15
2026-06-24,compensation,word,2,3,"YouTube, YouTube AU",2026-04-29
2026-06-24,scheme,word,2,3,"Google Alerts, YouTube",2026-06-16
2026-06-24,cas,word,2,3,YouTube,2026-06-16
2026-06-24,fluoride incelcore,phrase,2,3,YouTube,2026-06-16
2026-06-24,boka,word,2,3,"YouTube, YouTube AU",2026-05-14
2026-06-24,boka fluoride,phrase,2,3,"YouTube, YouTube AU",2026-05-14
2026-06-24,toothpaste nano,phrase,2,3,"YouTube, YouTube AU",2026-05-14
2026-06-24,mrna flu,phrase,2,3,"Google Alerts, YouTube",2026-06-15
2026-06-24,plastic,word,2,3,"Google Alerts, YouTube",2026-06-18
2026-06-24,ndis,word,2,3,YouTube,2026-06-19
2026-06-24,strikes,word,2,3,"Google Alerts, YouTube",2026-06-18
2026-06-24,well,word,2,3,"Google Alerts, YouTube",2026-06-16
2026-06-24,champion,word,2,3,"Google Alerts, YouTube",2026-06-18
2026-06-24,journal,word,2,3,"Google Alerts, YouTube",2026-06-17
2026-06-24,six,word,2,3,"Google Alerts, YouTube",2026-06-15
2026-06-24,requirement,word,2,3,"Google Alerts, YouTube",2026-06-20
2026-06-24,vaccine requirement,phrase,2,3,"Google Alerts, YouTube",2026-06-20
2026-06-24,liquid,word,2,3,YouTube,2026-06-20
2026-06-24,tiny,word,2,3,"Google Alerts, YouTube",2026-06-17
2026-06-24,tomorrow,word,2,3,"Reddit, YouTube",2021-09-12
2026-06-24,chapter,word,2,3,"Google Alerts, YouTube",2026-06-21
2026-06-24,babe,word,2,3,YouTube,2026-06-21
2026-06-24,fluoride babe,phrase,2,3,YouTube,2026-06-21
2026-06-24,hasn't,word,2,3,"Google Alerts, YouTube",2026-06-17
2026-06-24,cuts,word,2,3,"Google Alerts, YouTube",2026-06-19
2026-06-24,vaccine cuts,phrase,2,3,"Google Alerts, YouTube",2026-06-19
2026-06-24,cuts cervical,phrase,2,3,"Google Alerts, YouTube",2026-06-19
2026-06-24,woman,word,2,3,"YouTube, YouTube AU",2026-04-29
2026-06-24,donate,word,2,3,"YouTube, YouTube AU",2026-06-16
2026-06-24,please donate,phrase,2,3,"YouTube, YouTube AU",2026-06-16
2026-06-24,gay,word,2,3,YouTube,2026-06-22
2026-06-24,texas,word,2,3,"Google Alerts, YouTube",2026-06-20
2026-06-24,gone,word,2,3,YouTube,2026-06-24
2026-06-24,post,word,2,3,"Google Alerts, YouTube",2026-06-17
2026-06-24,reach,word,2,3,"Google Alerts, YouTube",2026-06-14
2026-06-24,reasons,word,2,3,YouTube AU,2021-09-01
2026-06-24,whole house,phrase,2,3,YouTube AU,2024-01-17
2026-06-24,business,word,2,3,"Google Alerts, YouTube AU",2018-01-24
2026-06-24,party,word,2,3,"Reddit, YouTube AU",2017-02-28
2026-06-24,presents,word,2,3,"Google Alerts, YouTube AU",2015-03-01
2026-06-24,ready,word,2,3,YouTube AU,2021-01-18
2026-06-24,tonight,word,2,3,YouTube AU,2015-12-25
2026-06-24,today tonight,phrase,2,3,YouTube AU,2015-12-25
2026-06-24,andrew,word,2,3,"Google Alerts, YouTube AU",2026-05-08
2026-06-24,prompts,word,2,3,"Google Alerts, YouTube AU",2026-05-21
2026-06-24,winter get,phrase,2,3,YouTube AU,2026-05-01
2026-06-24,link,word,2,3,YouTube AU,2021-04-16
2026-06-24,bio,word,2,3,"Google Alerts, YouTube AU",2026-06-12
2026-06-24,injured,word,2,3,"Google Alerts, YouTube AU",2026-04-29
2026-06-24,australian vaccine,phrase,2,3,"Google Alerts, YouTube AU",2026-04-22
2026-06-24,conference,word,2,3,"Google Alerts, Reddit",2026-01-29
2026-06-24,adult,word,2,3,"Google Alerts, Reddit",2026-02-04
2026-06-24,get vaccine,phrase,2,3,"Google Alerts, Reddit",2026-01-22
2026-06-24,long covid,phrase,2,3,"Google Alerts, Reddit",2022-05-26
2026-06-24,friday,word,2,3,"Google Alerts, Reddit",2022-12-02
2026-06-24,updated,word,2,3,"Google Alerts, Reddit",2021-09-12
2026-06-24,routine,word,2,3,Google Alerts,2026-06-12
2026-06-24,health routine,phrase,2,3,Google Alerts,2026-06-12
2026-06-24,make rsv,phrase,2,3,Google Alerts,2026-06-12
2026-06-24,hantavirus,word,2,3,Google Alerts,2026-06-12
2026-06-24,ncirs,word,2,3,Google Alerts,2026-06-12
2026-06-24,funding boost,phrase,2,3,Google Alerts,2026-06-11
2026-06-24,medical centre,phrase,2,3,Google Alerts,2026-06-12
2026-06-24,morning,word,2,3,Google Alerts,2026-06-12
2026-06-24,conversations,word,2,3,Google Alerts,2026-06-12
2026-06-24,bookings,word,2,3,Google Alerts,2026-06-12
2026-06-24,there's,word,2,3,Google Alerts,2026-06-14
2026-06-24,experts warn,phrase,2,3,Google Alerts,2026-06-14
2026-06-24,live,word,2,3,Google Alerts,2026-06-15
2026-06-24,biontech,word,2,3,Google Alerts,2026-06-15
2026-06-24,multiple,word,2,3,Google Alerts,2026-06-15
2026-06-24,asx,word,2,3,Google Alerts,2026-06-15
2026-06-24,csl asx,phrase,2,3,Google Alerts,2026-06-15
2026-06-24,support,word,2,3,Google Alerts,2026-06-15
2026-06-24,alerts,word,2,3,Google Alerts,2026-06-16
2026-06-24,boosts,word,2,3,Google Alerts,2026-06-16
2026-06-24,gearing,word,2,3,Google Alerts,2026-06-16
2026-06-24,western nsw,phrase,2,3,Google Alerts,2026-06-17
2026-06-24,bundibugyo,word,2,3,Google Alerts,2026-06-17
2026-06-24,bundibugyo ebola,phrase,2,3,Google Alerts,2026-06-17
2026-06-24,uptake,word,2,3,Google Alerts,2026-06-17
2026-06-24,complacency,word,2,3,Google Alerts,2026-06-17
2026-06-24,building stronger,phrase,2,3,Google Alerts,2026-06-17
2026-06-24,stronger first,phrase,2,3,Google Alerts,2026-06-17
2026-06-24,line defence,phrase,2,3,Google Alerts,2026-06-17
2026-06-24,award,word,2,3,Google Alerts,2026-06-17
2026-06-24,webinar,word,2,3,Google Alerts,2026-06-18
2026-06-24,immunisations,word,2,3,Google Alerts,2026-06-18
2026-06-24,pertussis,word,2,3,Google Alerts,2026-06-18
2026-06-24,cbd,word,2,3,Google Alerts,2026-06-22
2026-06-24,drug,word,2,3,Google Alerts,2026-06-23
2026-06-24,risk humans,phrase,2,3,Google Alerts,2026-06-23
2026-06-24,act,word,2,3,Google Alerts,2026-06-23
2026-06-25,shorts,word,82,119,"YouTube, YouTube AU",2022-02-14
2026-06-25,flu,word,68,107,"Google Alerts, YouTube, YouTube AU",2026-05-01
2026-06-25,covid,word,66,105,"Google Alerts, Reddit, YouTube, YouTube AU",2020-03-23
2026-06-25,health,word,66,87,"Google Alerts, Reddit, YouTube, YouTube AU",2021-06-29
2026-06-25,toothpaste,word,64,73,"Google Alerts, YouTube, YouTube AU",2018-10-13
2026-06-25,vaccines,word,61,72,"Google Alerts, Reddit, YouTube, YouTube AU",2020-03-23
2026-06-25,new,word,36,44,"Google Alerts, Reddit, YouTube, YouTube AU",2021-01-10
2026-06-25,baby,word,35,39,"Google Alerts, YouTube",2025-06-29
2026-06-25,news,word,30,107,"Google Alerts, Reddit, YouTube, YouTube AU",2021-04-16
2026-06-25,fried,word,28,44,YouTube,2026-06-13
2026-06-25,fried fluoride,phrase,28,44,YouTube,2026-06-13
2026-06-25,vaccinations,word,28,30,"Google Alerts, Reddit, YouTube, YouTube AU",2021-09-12
2026-06-25,get,word,26,31,"Google Alerts, Reddit, YouTube, YouTube AU",2026-01-22
2026-06-25,covid vaccine,phrase,26,29,"Google Alerts, Reddit, YouTube, YouTube AU",2020-09-07
2026-06-25,australian,word,24,36,"Google Alerts, Reddit, YouTube AU",2010-10-08
2026-06-25,viral,word,24,30,"Google Alerts, YouTube",2026-06-13
2026-06-25,cancer,word,23,28,"Google Alerts, YouTube, YouTube AU",2026-03-05
2026-06-25,one,word,23,25,"Google Alerts, Reddit, YouTube, YouTube AU",2022-01-02
2026-06-25,hpv,word,22,25,"Google Alerts, YouTube, YouTube AU",2026-06-06
2026-06-25,day,word,22,22,"YouTube, YouTube AU",2026-05-30
2026-06-25,kids,word,21,27,"Google Alerts, Reddit, YouTube, YouTube AU",2013-05-07
2026-06-25,risk,word,21,26,"Google Alerts, Reddit, YouTube",2022-05-26
2026-06-25,study,word,21,24,"Google Alerts, Reddit, YouTube, YouTube AU",2022-05-26
2026-06-25,first,word,21,24,"Google Alerts, YouTube",2026-06-12
2026-06-25,fluoride-free,word,21,23,"Google Alerts, YouTube, YouTube AU",2018-10-13
2026-06-25,winter,word,20,35,"Google Alerts, YouTube, YouTube AU",2026-05-01
2026-06-25,deaths,word,20,23,"Google Alerts, YouTube, YouTube AU",2021-01-17
2026-06-25,rsv,word,19,24,"Google Alerts, Reddit, YouTube AU",2026-02-04
2026-06-25,dog,word,19,22,"Google Alerts, YouTube",2026-06-13
2026-06-25,flu vaccine,phrase,19,21,"Google Alerts, YouTube, YouTube AU",2026-05-27
2026-06-25,care,word,19,20,"Google Alerts, Reddit, YouTube, YouTube AU",2022-04-06
2026-06-25,truth,word,19,19,"YouTube, YouTube AU",2010-10-10
2026-06-25,children,word,18,21,"Google Alerts, Reddit, YouTube, YouTube AU",2008-11-04
2026-06-25,vaccination day,phrase,17,17,YouTube,2026-06-13
2026-06-25,influenza,word,16,29,"Google Alerts, YouTube",2026-06-11
2026-06-25,program,word,16,25,"Google Alerts, Reddit, YouTube, YouTube AU",2022-05-23
2026-06-25,trending,word,15,30,YouTube,2026-04-09
2026-06-25,outbreak,word,15,21,"Google Alerts, YouTube, YouTube AU",2026-05-21
2026-06-25,hpv vaccine,phrase,15,18,"Google Alerts, YouTube, YouTube AU",2026-06-06
2026-06-25,review,word,15,16,"Google Alerts, YouTube, YouTube AU",2024-08-12
2026-06-25,know,word,15,16,"Google Alerts, YouTube, YouTube AU",2019-11-07
2026-06-25,fluoride toothpaste,phrase,15,16,"Google Alerts, YouTube",2026-05-10
2026-06-25,flu vaccination,phrase,14,18,"Google Alerts, YouTube",2026-06-12
2026-06-25,stop,word,14,16,"Google Alerts, YouTube, YouTube AU",2015-12-25
2026-06-25,diphtheria,word,14,15,"Google Alerts, YouTube, YouTube AU",2026-05-20
2026-06-25,people,word,14,15,"Google Alerts, Reddit, YouTube, YouTube AU",2025-05-23
2026-06-25,medical,word,13,21,"Google Alerts, YouTube, YouTube AU",2025-12-09
2026-06-25,season,word,13,20,"Google Alerts, YouTube, YouTube AU",2026-05-01
2026-06-25,ebola,word,13,20,"Google Alerts, YouTube, YouTube AU",2026-05-24
2026-06-25,immunisation,word,13,20,"Google Alerts, YouTube",2026-06-12
2026-06-25,best,word,13,15,"Google Alerts, YouTube, YouTube AU",2023-12-25
2026-06-25,cervical,word,13,15,"Google Alerts, YouTube, YouTube AU",2026-06-13
2026-06-25,cervical cancer,phrase,13,15,"Google Alerts, YouTube, YouTube AU",2026-06-13
2026-06-25,disease,word,13,14,"Google Alerts, Reddit, YouTube",2023-06-24
2026-06-25,science,word,13,14,"Google Alerts, YouTube",2025-12-13
2026-06-25,child,word,13,13,"Reddit, YouTube",2025-12-11
2026-06-25,drinking,word,13,13,"YouTube, YouTube AU",2012-08-04
2026-06-25,hidden,word,13,13,"Google Alerts, YouTube",2026-04-28
2026-06-25,alternative,word,13,13,"Google Alerts, YouTube",2009-09-02
2026-06-25,ytshorts,word,13,13,YouTube,2026-06-14
2026-06-25,hospital,word,13,13,"Google Alerts, YouTube, YouTube AU",2026-05-14
2026-06-25,teeth,word,13,13,"Google Alerts, YouTube, YouTube AU",2026-05-08
2026-06-25,youtube,word,12,22,"YouTube, YouTube AU",2026-06-14
2026-06-25,big,word,12,17,"Google Alerts, Reddit, YouTube, YouTube AU",2020-03-23
2026-06-25,could,word,12,14,"Google Alerts, Reddit, YouTube, YouTube AU",2022-05-23
2026-06-25,public,word,12,13,"Google Alerts, YouTube, YouTube AU",2022-10-08
2026-06-25,cutebaby,word,12,13,YouTube,2026-06-13
2026-06-25,better,word,12,13,"Google Alerts, YouTube",2021-12-12
2026-06-25,love,word,12,13,YouTube,2025-06-29
2026-06-25,doctor,word,12,13,"Google Alerts, Reddit, YouTube",2025-08-10
2026-06-25,safe,word,12,13,"YouTube, YouTube AU",2024-06-17
2026-06-25,video,word,12,12,"Google Alerts, YouTube, YouTube AU",2018-01-24
2026-06-25,lies,word,12,12,"YouTube, YouTube AU",2022-12-05
2026-06-25,treatment,word,12,12,"Google Alerts, Reddit, YouTube",2022-05-23
2026-06-25,injection,word,11,22,"Google Alerts, YouTube",2026-06-12
2026-06-25,july,word,11,17,"Google Alerts, Reddit",2022-07-05
2026-06-25,bird,word,11,16,Google Alerts,2026-06-20
2026-06-25,mrna,word,11,15,"Google Alerts, Reddit, YouTube",2021-06-22
2026-06-25,may,word,11,15,"Google Alerts, Reddit, YouTube, YouTube AU",2025-05-01
2026-06-25,supply,word,11,14,"Google Alerts, YouTube, YouTube AU",2013-02-23
2026-06-25,today,word,11,14,"Google Alerts, YouTube, YouTube AU",2015-12-25
2026-06-25,june,word,11,14,"Google Alerts, YouTube",2026-06-12
2026-06-25,tap,word,11,12,"Google Alerts, YouTube",2024-04-19
2026-06-25,explained,word,11,11,"Google Alerts, YouTube, YouTube AU",2024-09-01
2026-06-25,drinking water,phrase,11,11,"YouTube, YouTube AU",2012-08-04
2026-06-25,pharmacy,word,10,21,"Google Alerts, YouTube",2025-05-02
2026-06-25,part,word,10,15,"Google Alerts, Reddit, YouTube, YouTube AU",2011-05-05
2026-06-25,beat,word,10,15,YouTube,2026-06-13
2026-06-25,type,word,10,15,YouTube,2026-06-13
2026-06-25,type beat,phrase,10,15,YouTube,2026-06-13
2026-06-25,bird flu,phrase,10,15,Google Alerts,2026-06-20
2026-06-25,hepatitis,word,10,13,"Google Alerts, Reddit, YouTube",2022-04-26
2026-06-25,pandemic,word,10,13,"Google Alerts, Reddit, YouTube",2023-09-22
2026-06-25,free toothpaste,phrase,10,12,"Google Alerts, YouTube, YouTube AU",2022-12-21
2026-06-25,tap water,phrase,10,11,YouTube,2024-04-19
2026-06-25,fda,word,10,11,"Google Alerts, Reddit, YouTube",2025-06-03
2026-06-25,fluoride-free toothpaste,phrase,10,11,YouTube,2026-06-16
2026-06-25,government,word,10,11,"Google Alerts, Reddit, YouTube, YouTube AU",2019-03-25
2026-06-25,actually,word,10,10,YouTube,2025-03-02
2026-06-25,vlog,word,10,10,"YouTube, YouTube AU",2026-05-30
2026-06-25,queensland,word,10,10,"Google Alerts, Reddit, YouTube AU",2014-12-05
2026-06-25,australia's,word,10,10,"Google Alerts, YouTube AU",2016-02-29
2026-06-25,vaccination program,phrase,9,16,"Google Alerts, Reddit, YouTube, YouTube AU",2022-05-23
2026-06-25,case,word,9,14,"Google Alerts, Reddit, YouTube, YouTube AU",2015-02-24
2026-06-25,western,word,9,13,"Google Alerts, YouTube, YouTube AU",2013-02-12
2026-06-25,flu season,phrase,9,13,"Google Alerts, YouTube AU",2026-05-01
2026-06-25,toxic,word,9,12,"YouTube, YouTube AU",2020-11-18
2026-06-25,research,word,9,12,"Google Alerts, YouTube",2026-06-12
2026-06-25,protect,word,9,12,"Google Alerts, YouTube",2025-06-29
2026-06-25,water supply,phrase,9,12,"Google Alerts, YouTube, YouTube AU",2013-02-23
2026-06-25,community,word,9,11,"Google Alerts, YouTube, YouTube AU",2026-06-12
2026-06-25,year,word,9,11,"Google Alerts, YouTube",2026-05-08
2026-06-25,shot,word,9,11,"Google Alerts, YouTube",2013-09-19
2026-06-25,vaccinated,word,9,11,"Google Alerts, YouTube, YouTube AU",2026-05-01
2026-06-25,remove,word,9,10,"Google Alerts, YouTube, YouTube AU",2013-02-23
2026-06-25,remove fluoride,phrase,9,10,"Google Alerts, YouTube, YouTube AU",2013-02-23
2026-06-25,council,word,9,10,"Google Alerts, YouTube, YouTube AU",2011-05-05
2026-06-25,month,word,9,10,"Google Alerts, YouTube, YouTube AU",2022-01-02
2026-06-25,prevention,word,9,10,"Google Alerts, YouTube",2026-06-13
2026-06-25,hydroxyapatite,word,9,10,YouTube,2026-06-13
2026-06-25,measles,word,9,10,"Google Alerts, YouTube, YouTube AU",2026-06-07
2026-06-25,south,word,9,10,"Google Alerts, Reddit, YouTube AU",2022-01-02
2026-06-25,covid vaccines,phrase,9,9,"Google Alerts, Reddit, YouTube",2022-04-01
2026-06-25,shows,word,9,9,"Google Alerts, Reddit, YouTube",2022-04-05
2026-06-25,debate,word,9,9,"Google Alerts, YouTube, YouTube AU",2024-10-12
2026-06-25,use,word,9,9,"Google Alerts, YouTube",2025-10-06
2026-06-25,shocking,word,9,9,YouTube,2024-08-27
2026-06-25,protection,word,9,9,"Google Alerts, YouTube",2026-05-25
2026-06-25,minivlog,word,9,9,YouTube,2026-06-13
2026-06-25,women,word,9,9,"Google Alerts, YouTube",2026-06-13
2026-06-25,healthy,word,9,9,"Google Alerts, YouTube",2013-05-07
2026-06-25,shingles,word,9,9,"Google Alerts, YouTube, YouTube AU",2026-04-29
2026-06-25,rates,word,9,9,"Google Alerts, YouTube, YouTube AU",2026-04-26
2026-06-25,need,word,9,9,"Google Alerts, YouTube, YouTube AU",2024-11-10
2026-06-25,update,word,8,14,"Google Alerts, YouTube",2026-06-11
2026-06-25,virus,word,8,12,"Google Alerts, YouTube",2026-06-12
2026-06-25,nsw,word,8,12,"Google Alerts, YouTube AU",2026-05-27
2026-06-25,risks,word,8,11,"Google Alerts, YouTube, YouTube AU",2024-11-04
2026-06-25,dengue,word,8,11,"Google Alerts, YouTube",2026-06-15
2026-06-25,cases,word,8,11,"Google Alerts, YouTube AU",2026-05-20
2026-06-25,respiratory,word,8,11,Google Alerts,2026-06-16
2026-06-25,years,word,8,10,"Google Alerts, Reddit, YouTube",2025-05-18
2026-06-25,done,word,8,10,"Reddit, YouTube",2025-05-16
2026-06-25,healthcare,word,8,10,"Google Alerts, YouTube",2026-04-14
2026-06-25,clinic,word,8,10,"Google Alerts, YouTube",2026-06-14
2026-06-25,another,word,8,10,"Google Alerts, Reddit, YouTube",2021-09-12
2026-06-25,adults,word,8,10,"Google Alerts, Reddit, YouTube, YouTube AU",2022-04-08
2026-06-25,waste,word,8,9,"YouTube, YouTube AU",2012-08-04
2026-06-25,body,word,8,9,"Google Alerts, YouTube",2026-05-13
2026-06-25,system,word,8,9,"Google Alerts, YouTube, YouTube AU",2022-10-08
2026-06-25,newborn,word,8,9,YouTube,2026-06-14
2026-06-25,shortvideo,word,8,9,YouTube,2026-06-13
2026-06-25,cute,word,8,9,YouTube,2026-06-13
2026-06-25,house,word,8,9,"Google Alerts, YouTube, YouTube AU",2017-02-28
2026-06-25,dthshow,word,8,9,YouTube,2026-06-17
2026-06-25,works,word,8,8,"Google Alerts, YouTube",2022-01-10
2026-06-25,really,word,8,8,"YouTube, YouTube AU",2024-06-17
2026-06-25,never,word,8,8,YouTube,2026-04-14
2026-06-25,youtubeshorts,word,8,8,YouTube,2026-06-13
2026-06-25,important,word,8,8,"Google Alerts, YouTube",2026-06-13
2026-06-25,shingles vaccine,phrase,8,8,"Google Alerts, YouTube, YouTube AU",2026-06-15
2026-06-25,warning,word,8,8,"Google Alerts, YouTube AU",2026-06-11
2026-06-25,pneumococcal,word,7,15,"Google Alerts, YouTube",2026-06-14
2026-06-25,melbourne,word,7,15,"Google Alerts, Reddit, YouTube AU",2025-08-10
2026-06-25,immunization,word,7,12,"Google Alerts, YouTube",2026-06-17
2026-06-25,doctors,word,7,9,"Google Alerts, Reddit, YouTube",2021-10-02
2026-06-25,covid vaccination,phrase,7,9,"Google Alerts, Reddit, YouTube",2021-06-29
2026-06-25,nano,word,7,9,"YouTube, YouTube AU",2026-05-14
2026-06-25,getting,word,7,9,"Google Alerts, Reddit, YouTube, YouTube AU",2021-09-12
2026-06-25,what's,word,7,8,"Google Alerts, YouTube, YouTube AU",2025-04-13
2026-06-25,made,word,7,8,YouTube,2012-08-04
2026-06-25,song,word,7,8,YouTube,2025-11-29
2026-06-25,time,word,7,8,"Google Alerts, YouTube",2026-06-12
2026-06-25,future,word,7,8,"Google Alerts, YouTube",2026-06-05
2026-06-25,dthshow youtube,phrase,7,8,YouTube,2026-06-17
2026-06-25,extended,word,7,8,"Google Alerts, YouTube",2026-06-21
2026-06-25,rsv vaccination,phrase,7,8,Google Alerts,2026-06-12
2026-06-25,vaccine deaths,phrase,7,7,"YouTube, YouTube AU",2021-01-17
2026-06-25,short,word,7,7,"YouTube, YouTube AU",2020-04-10
2026-06-25,removes,word,7,7,"Google Alerts, YouTube, YouTube AU",2024-06-03
2026-06-25,smile,word,7,7,YouTube,2026-05-14
2026-06-25,city,word,7,7,"Google Alerts, YouTube, YouTube AU",2011-05-05
2026-06-25,rabies,word,7,7,YouTube,2022-09-25
2026-06-25,rfk,word,7,7,"Google Alerts, YouTube, YouTube AU",2025-04-25
2026-06-25,alternative vaccine,phrase,7,7,YouTube,2009-09-02
2026-06-25,think,word,7,7,YouTube,2026-06-11
2026-06-25,cover,word,7,7,"Google Alerts, YouTube",2026-06-12
2026-06-25,it's,word,7,7,"Google Alerts, YouTube",2025-06-29
2026-06-25,guide,word,7,7,"Google Alerts, YouTube, YouTube AU",2026-06-14
2026-06-25,baby vaccination,phrase,7,7,YouTube,2026-06-13
2026-06-25,rollout,word,7,7,"Google Alerts, YouTube, YouTube AU",2022-10-12
2026-06-25,big pharma,phrase,7,7,"Reddit, YouTube, YouTube AU",2020-03-23
2026-06-25,mandate,word,7,7,"Google Alerts, Reddit, YouTube",2023-09-22
2026-06-25,prevent,word,7,7,"Google Alerts, YouTube",2026-06-14
2026-06-25,dementia,word,7,7,"Google Alerts, YouTube, YouTube AU",2026-04-29
2026-06-25,got,word,7,7,"YouTube, YouTube AU",2026-06-16
2026-06-25,still,word,7,7,"Google Alerts, YouTube, YouTube AU",2017-03-08
2026-06-25,lives,word,7,7,"Google Alerts, Reddit, YouTube, YouTube AU",2022-05-23
2026-06-25,shortsfeed,word,6,29,YouTube,2026-06-13
2026-06-25,national,word,6,29,"Google Alerts, YouTube, YouTube AU",2026-04-26
2026-06-25,goat,word,6,20,YouTube,2026-06-13
2026-06-25,daily,word,6,10,"Google Alerts, YouTube, YouTube AU",2026-04-27
2026-06-25,fyp,word,6,9,YouTube,2026-06-16
2026-06-25,farming,word,6,8,"Reddit, YouTube",2025-05-19
2026-06-25,stronger,word,6,8,"Google Alerts, YouTube",2022-01-22
2026-06-25,local,word,6,8,Google Alerts,2026-06-12
2026-06-25,history,word,6,7,"Google Alerts, YouTube",2013-12-14
2026-06-25,here's,word,6,7,"Google Alerts, YouTube",2026-04-27
2026-06-25,viralvideo,word,6,7,YouTube,2026-06-13
2026-06-25,young,word,6,7,"Google Alerts, YouTube",2026-05-12
2026-06-25,reveals,word,6,7,"Google Alerts, YouTube",2026-04-08
2026-06-25,sparks,word,6,7,"Google Alerts, YouTube, YouTube AU",2025-10-09
2026-06-25,back,word,6,7,"Google Alerts, YouTube, YouTube AU",2014-12-05
2026-06-25,don't,word,6,7,"Google Alerts, YouTube, YouTube AU",2019-03-25
2026-06-25,university,word,6,7,"Google Alerts, YouTube, YouTube AU",2026-04-01
2026-06-25,high,word,6,7,"Google Alerts, Reddit, YouTube",2022-11-04
2026-06-25,cdc,word,6,7,"Google Alerts, YouTube",2022-01-22
2026-06-25,helps,word,6,7,"Google Alerts, YouTube",2026-06-14
2026-06-25,finds,word,6,7,"Google Alerts, YouTube",2026-06-13
2026-06-25,study finds,phrase,6,7,"Google Alerts, YouTube",2026-06-13
2026-06-25,help,word,6,7,"Google Alerts, Reddit, YouTube",2026-01-22
2026-06-25,get vaccinated,phrase,6,7,"Google Alerts, YouTube, YouTube AU",2026-05-01
2026-06-25,boost,word,6,7,Google Alerts,2026-06-11
2026-06-25,travel,word,6,7,Google Alerts,2026-06-14
2026-06-25,removes fluoride,phrase,6,6,"YouTube, YouTube AU",2024-06-03
2026-06-25,top,word,6,6,"Google Alerts, YouTube, YouTube AU",2021-09-01
2026-06-25,best fluoride,phrase,6,6,"YouTube, YouTube AU",2023-12-25
2026-06-25,filters,word,6,6,"YouTube, YouTube AU",2024-08-12
2026-06-25,industrial,word,6,6,"YouTube, YouTube AU",2016-03-12
2026-06-25,dangers,word,6,6,YouTube,2011-12-04
2026-06-25,public health,phrase,6,6,"Google Alerts, YouTube, YouTube AU",2024-03-22
2026-06-25,dentist,word,6,6,"Google Alerts, YouTube",2025-11-13
2026-06-25,every,word,6,6,YouTube,2026-06-14
2026-06-25,pineal,word,6,6,"YouTube, YouTube AU",2024-07-13
2026-06-25,dental,word,6,6,"Google Alerts, YouTube",2025-05-02
2026-06-25,brushing,word,6,6,YouTube,2026-06-13
2026-06-25,toothpaste review,phrase,6,6,"YouTube, YouTube AU",2026-02-19
2026-06-25,facts,word,6,6,"Google Alerts, YouTube, YouTube AU",2022-01-22
2026-06-25,whitening,word,6,6,"Google Alerts, YouTube",2026-06-12
2026-06-25,reduce,word,6,6,"Google Alerts, Reddit, YouTube",2021-06-22
2026-06-25,dog vaccination,phrase,6,6,YouTube,2026-06-13
2026-06-25,pregnant,word,6,6,"Google Alerts, YouTube",2026-06-13
2026-06-25,parents,word,6,6,"Google Alerts, Reddit, YouTube",2026-05-13
2026-06-25,dangerous,word,6,6,"Google Alerts, Reddit, YouTube, YouTube AU",2024-04-25
2026-06-25,vaccine lies,phrase,6,6,YouTube,2025-10-11
2026-06-25,mmr,word,6,6,"Google Alerts, YouTube",2025-10-11
2026-06-25,give,word,6,6,"Google Alerts, Reddit, YouTube",2020-03-13
2026-06-25,vaccine mandate,phrase,6,6,"Google Alerts, YouTube",2026-06-14
2026-06-25,report,word,6,6,"Google Alerts, YouTube, YouTube AU",2015-12-25
2026-06-25,puppy,word,6,6,YouTube,2026-06-14
2026-06-25,cavities,word,6,6,YouTube,2026-06-16
2026-06-25,advice,word,6,6,"Google Alerts, Reddit, YouTube",2022-04-11
2026-06-25,controversy,word,6,6,"YouTube, YouTube AU",2025-10-09
2026-06-25,right,word,6,6,"YouTube, YouTube AU",2019-11-07
2026-06-25,weekly,word,5,12,"Google Alerts, Reddit",2025-11-15
2026-06-25,slowed,word,5,11,YouTube,2026-06-13
2026-06-25,long,word,5,9,"Google Alerts, Reddit, YouTube",2020-03-25
2026-06-25,alert,word,5,9,Google Alerts,2026-06-18
2026-06-25,incelcore,word,5,8,YouTube,2026-06-13
2026-06-25,receive,word,5,8,"Google Alerts, YouTube",2026-06-14
2026-06-25,vet,word,5,8,"Google Alerts, YouTube",2026-06-14
2026-06-25,viruses,word,5,8,Google Alerts,2026-06-17
2026-06-25,punk,word,5,7,YouTube,2026-06-13
2026-06-25,rock,word,5,7,YouTube,2026-06-13
2026-06-25,almost,word,5,7,"Google Alerts, YouTube",2026-06-13
2026-06-25,says,word,5,7,"Google Alerts, YouTube",2025-12-11
2026-06-25,cow,word,5,7,"Reddit, YouTube",2025-05-18
2026-06-25,global,word,5,7,"Google Alerts, YouTube, YouTube AU",2026-06-14
2026-06-25,victoria,word,5,7,Google Alerts,2026-06-15
2026-06-25,flu shot,phrase,5,7,Google Alerts,2026-06-15
2026-06-25,chlorine,word,5,6,"Google Alerts, YouTube",2026-04-07
2026-06-25,court,word,5,6,"Reddit, YouTube, YouTube AU",2022-07-05
2026-06-25,colgate,word,5,6,"Google Alerts, YouTube",2026-06-13
2026-06-25,third,word,5,6,"Google Alerts, YouTube",2026-05-09
2026-06-25,whole,word,5,6,"Google Alerts, YouTube, YouTube AU",2016-06-22
2026-06-25,shots,word,5,6,"Google Alerts, YouTube",2025-12-11
2026-06-25,smart,word,5,6,"Google Alerts, YouTube",2025-06-29
2026-06-25,benefits,word,5,6,"Google Alerts, YouTube, YouTube AU",2026-04-22
2026-06-25,world's,word,5,6,"Google Alerts, YouTube",2026-06-14
2026-06-25,you're,word,5,6,"Google Alerts, YouTube",2026-06-13
2026-06-25,sick,word,5,6,"Google Alerts, YouTube",2026-06-14
2026-06-25,baby vaccine,phrase,5,6,YouTube,2026-06-13
2026-06-25,next,word,5,6,"Google Alerts, YouTube",2026-06-15
2026-06-25,nano hydroxyapatite,phrase,5,6,YouTube,2026-06-15
2026-06-25,dengue vaccine,phrase,5,6,YouTube,2026-06-15
2026-06-25,rise,word,5,6,"Google Alerts, YouTube",2026-06-12
2026-06-25,livestock,word,5,6,"Google Alerts, YouTube",2026-06-12
2026-06-25,covid flu,phrase,5,6,"Google Alerts, YouTube",2026-06-18
2026-06-25,deadly,word,5,6,"Google Alerts, Reddit, YouTube",2024-04-29
2026-06-25,nasal,word,5,6,"Google Alerts, YouTube, YouTube AU",2026-05-27
2026-06-25,natural toothpaste,phrase,5,6,"Google Alerts, YouTube, YouTube AU",2018-10-13
2026-06-25,please,word,5,6,"Reddit, YouTube, YouTube AU",2021-06-25
2026-06-25,aged,word,5,6,"Google Alerts, YouTube AU",2022-04-06
2026-06-25,coast,word,5,6,"Google Alerts, Reddit, YouTube AU",2013-02-23
2026-06-25,south australia,phrase,5,6,"Google Alerts, Reddit",2024-04-15
2026-06-25,online,word,5,6,Google Alerts,2026-06-12
2026-06-25,warns,word,5,6,Google Alerts,2026-06-13
2026-06-25,sydney,word,5,6,Google Alerts,2026-06-15
2026-06-25,diseases,word,5,6,Google Alerts,2026-06-16
2026-06-25,mpox,word,5,6,Google Alerts,2026-06-16
2026-06-25,stock,word,5,6,Google Alerts,2026-06-17
2026-06-25,vax,word,5,5,"Reddit, YouTube",2022-04-05
2026-06-25,pfizer,word,5,5,"Reddit, YouTube, YouTube AU",2021-01-17
2026-06-25,exposed,word,5,5,"YouTube, YouTube AU",2026-03-06
2026-06-25,schedules,word,5,5,YouTube,2013-09-19
2026-06-25,without,word,5,5,"Google Alerts, YouTube, YouTube AU",2022-09-25
2026-06-25,gland,word,5,5,"YouTube, YouTube AU",2024-07-13
2026-06-25,pineal gland,phrase,5,5,"YouTube, YouTube AU",2024-07-13
2026-06-25,explains,word,5,5,"Google Alerts, YouTube, YouTube AU",2025-06-06
2026-06-25,systems,word,5,5,"Google Alerts, YouTube",2026-06-10
2026-06-25,concerns,word,5,5,"Google Alerts, YouTube",2024-11-10
2026-06-25,fluoride drinking,phrase,5,5,YouTube,2024-11-10
2026-06-25,effects,word,5,5,"YouTube, YouTube AU",2011-12-04
2026-06-25,world,word,5,5,"Google Alerts, YouTube",2011-12-04
2026-06-25,new vaccine,phrase,5,5,"Google Alerts, YouTube",2026-06-14
2026-06-25,results,word,5,5,"Google Alerts, YouTube, YouTube AU",2022-12-21
2026-06-25,pet,word,5,5,"Google Alerts, YouTube",2026-05-29
2026-06-25,podcast,word,5,5,"Google Alerts, YouTube",2025-02-13
2026-06-25,lied,word,5,5,"YouTube, YouTube AU",2020-09-07
2026-06-25,lie,word,5,5,YouTube,2025-11-13
2026-06-25,effective,word,5,5,"Google Alerts, YouTube",2022-01-27
2026-06-25,way,word,5,5,"Google Alerts, YouTube",2012-08-04
2026-06-25,human,word,5,5,"Google Alerts, YouTube",2026-06-14
2026-06-25,role,word,5,5,"Google Alerts, YouTube",2025-05-02
2026-06-25,pregnancy,word,5,5,"Google Alerts, YouTube",2026-06-13
2026-06-25,visit,word,5,5,"Google Alerts, YouTube",2026-06-14
2026-06-25,save,word,5,5,"Google Alerts, YouTube",2026-06-15
2026-06-25,cattle,word,5,5,"Google Alerts, YouTube",2026-06-14
2026-06-25,heart,word,5,5,"Google Alerts, Reddit, YouTube, YouTube AU",2025-08-10
2026-06-25,enamel,word,5,5,"Google Alerts, YouTube",2026-06-18
2026-06-25,start,word,5,5,"Google Alerts, YouTube",2026-06-11
2026-06-25,side,word,5,5,"Reddit, YouTube, YouTube AU",2024-04-29
2026-06-25,early,word,5,5,"Google Alerts, Reddit, YouTube",2022-05-23
2026-06-25,north,word,5,5,"Google Alerts, Reddit",2022-01-23
2026-06-25,amid,word,5,5,Google Alerts,2026-06-13
2026-06-25,nations,word,5,5,Google Alerts,2026-06-14
2026-06-25,first nations,phrase,5,5,Google Alerts,2026-06-14
2026-06-25,winter vaccinations,phrase,5,5,Google Alerts,2026-06-22
2026-06-25,paul,word,4,12,"YouTube, YouTube AU",2013-02-12
2026-06-25,centre,word,4,12,Google Alerts,2026-06-12
2026-06-25,connett,word,4,11,"YouTube, YouTube AU",2013-02-12
2026-06-25,paul connett,phrase,4,11,"YouTube, YouTube AU",2013-02-12
2026-06-25,education,word,4,11,"Google Alerts, YouTube",2026-06-18
2026-06-25,department,word,4,10,"Google Alerts, Reddit",2022-07-05
2026-06-25,com,word,4,9,"Google Alerts, YouTube",2026-06-11
2026-06-25,times,word,4,9,Google Alerts,2026-06-16
2026-06-25,november,word,4,7,"Google Alerts, Reddit, YouTube",2022-11-04
2026-06-25,recommended,word,4,7,"Google Alerts, YouTube",2026-06-13
2026-06-25,cat,word,4,7,"Google Alerts, YouTube",2026-06-15
2026-06-25,influenza vaccination,phrase,4,7,Google Alerts,2026-06-16
2026-06-25,hepatitis vaccine,phrase,4,6,"Google Alerts, YouTube",2026-06-13
2026-06-25,rock type,phrase,4,6,YouTube,2026-06-13
2026-06-25,punk rock,phrase,4,6,YouTube,2026-06-13
2026-06-25,nurse,word,4,6,"Google Alerts, YouTube",2026-06-14
2026-06-25,farm,word,4,6,YouTube,2026-06-14
2026-06-25,momlife,word,4,6,YouTube,2026-06-16
2026-06-25,loss,word,4,6,"Google Alerts, YouTube",2026-05-16
2026-06-25,flu vaccines,phrase,4,6,"Google Alerts, YouTube",2026-06-18
2026-06-25,hub,word,4,6,"Google Alerts, YouTube",2026-06-12
2026-06-25,flu outbreak,phrase,4,6,"Google Alerts, YouTube",2026-06-20
2026-06-25,star,word,4,6,Google Alerts,2026-06-12
2026-06-25,star weekly,phrase,4,6,Google Alerts,2026-06-12
2026-06-25,winter health,phrase,4,6,Google Alerts,2026-06-12
2026-06-25,primary,word,4,6,Google Alerts,2026-06-12
2026-06-25,manufacturing,word,4,6,Google Alerts,2026-06-15
2026-06-25,respiratory viruses,phrase,4,6,Google Alerts,2026-06-17
2026-06-25,free influenza,phrase,4,6,Google Alerts,2026-06-22
2026-06-25,fertilizer,word,4,5,YouTube,2025-04-24
2026-06-25,toxic byproduct,phrase,4,5,YouTube,2024-08-27
2026-06-25,watch,word,4,5,"Google Alerts, YouTube, YouTube AU",2024-06-29
2026-06-25,check,word,4,5,"Google Alerts, YouTube",2026-06-13
2026-06-25,newbornbaby,word,4,5,YouTube,2026-06-13
2026-06-25,response,word,4,5,"Google Alerts, YouTube",2021-05-27
2026-06-25,ended,word,4,5,"Google Alerts, YouTube",2025-02-11
2026-06-25,vaccination shorts,phrase,4,5,YouTube,2026-06-13
2026-06-25,inside,word,4,5,"Google Alerts, YouTube, YouTube AU",2024-06-29
2026-06-25,story,word,4,5,"Google Alerts, YouTube, YouTube AU",2024-06-29
2026-06-25,china,word,4,5,"Google Alerts, YouTube, YouTube AU",2021-01-18
2026-06-25,make,word,4,5,"Google Alerts, YouTube",2026-06-12
2026-06-25,second,word,4,5,"Google Alerts, YouTube, YouTube AU",2013-02-12
2026-06-25,influenza vaccine,phrase,4,5,"Google Alerts, YouTube",2026-06-11
2026-06-25,protecting,word,4,5,"Google Alerts, YouTube",2026-06-19
2026-06-25,hegseth,word,4,5,YouTube,2026-06-19
2026-06-25,major,word,4,5,"Google Alerts, YouTube, YouTube AU",2023-12-13
2026-06-25,childhood,word,4,5,"Google Alerts, YouTube, YouTube AU",2026-06-12
2026-06-25,spray,word,4,5,"Google Alerts, YouTube, YouTube AU",2026-05-27
2026-06-25,nasal spray,phrase,4,5,"Google Alerts, YouTube, YouTube AU",2026-05-27
2026-06-25,book,word,4,5,"Google Alerts, YouTube",2026-06-12
2026-06-25,humans,word,4,5,"Google Alerts, YouTube",2026-06-22
2026-06-25,perth,word,4,5,"Google Alerts, Reddit, YouTube AU",2013-02-12
2026-06-25,policy,word,4,5,Google Alerts,2026-06-12
2026-06-25,slow,word,4,5,Google Alerts,2026-06-11
2026-06-25,late,word,4,5,Google Alerts,2026-06-22
2026-06-25,removal,word,4,4,"YouTube, YouTube AU",2011-02-10
2026-06-25,fluoride removal,phrase,4,4,"YouTube, YouTube AU",2011-02-10
2026-06-25,strategy,word,4,4,"Google Alerts, YouTube",2022-02-28
2026-06-25,added,word,4,4,"YouTube, YouTube AU",2020-11-18
2026-06-25,safety,word,4,4,"Reddit, YouTube",2022-05-23
2026-06-25,fluoride tap,phrase,4,4,YouTube,2024-04-19
2026-06-25,trust,word,4,4,"Google Alerts, YouTube",2025-12-09
2026-06-25,shower,word,4,4,"Google Alerts, YouTube",2026-04-19
2026-06-25,shower filter,phrase,4,4,"Google Alerts, YouTube",2026-04-19
2026-06-25,industrial byproduct,phrase,4,4,YouTube,2016-03-12
2026-06-25,worth,word,4,4,"YouTube, YouTube AU",2026-05-14
2026-06-25,question,word,4,4,YouTube,2026-01-12
2026-06-25,pets,word,4,4,YouTube,2026-06-14
2026-06-25,oral,word,4,4,"Google Alerts, YouTube",2026-06-08
2026-06-25,annual,word,4,4,"Google Alerts, YouTube",2026-06-13
2026-06-25,vaccine schedules,phrase,4,4,YouTube,2013-09-19
2026-06-25,mccullough,word,4,4,YouTube,2026-03-24
2026-06-25,cause,word,4,4,"Google Alerts, YouTube",2026-04-08
2026-06-25,shocking vaccine,phrase,4,4,YouTube,2026-01-15
2026-06-25,immune,word,4,4,"Google Alerts, YouTube",2025-12-13
2026-06-25,real,word,4,4,"Google Alerts, YouTube",2026-05-10
2026-06-25,federal,word,4,4,"Reddit, YouTube, YouTube AU",2022-07-05
2026-06-25,rtbrkr,word,4,4,YouTube,2026-06-13
2026-06-25,quality,word,4,4,"Google Alerts, YouTube",2026-06-13
2026-06-25,tooth,word,4,4,YouTube,2026-06-13
2026-06-25,focus,word,4,4,"Google Alerts, YouTube",2026-06-13
2026-06-25,lead,word,4,4,"Google Alerts, YouTube, YouTube AU",2025-07-31
2026-06-25,shorts trending,phrase,4,4,YouTube,2026-06-13
2026-06-25,importance,word,4,4,"Google Alerts, YouTube",2026-06-13
2026-06-25,babycare,word,4,4,YouTube,2026-06-13
2026-06-25,tetanus,word,4,4,"Google Alerts, YouTube",2026-06-13
2026-06-25,vaccine rollout,phrase,4,4,"Google Alerts, YouTube",2026-06-13
2026-06-25,medicine,word,4,4,"Google Alerts, YouTube",2016-06-22
2026-06-25,mmr vaccine,phrase,4,4,YouTube,2025-10-11
2026-06-25,revealed,word,4,4,"Google Alerts, YouTube, YouTube AU",2026-02-16
2026-06-25,makes,word,4,4,"Google Alerts, YouTube, YouTube AU",2025-12-31
2026-06-25,nursing,word,4,4,"Google Alerts, YouTube",2026-06-12
2026-06-25,like,word,4,4,YouTube,2026-06-13
2026-06-25,india,word,4,4,YouTube,2026-06-13
2026-06-25,world's first,phrase,4,4,"Google Alerts, YouTube",2026-06-14
2026-06-25,cancer vaccine,phrase,4,4,"Google Alerts, YouTube",2026-06-13
2026-06-25,power,word,4,4,"YouTube, YouTube AU",2024-03-22
2026-06-25,breaking,word,4,4,"Google Alerts, YouTube",2025-12-11
2026-06-25,vaccinate,word,4,4,"Google Alerts, YouTube",2026-06-11
2026-06-25,bcg,word,4,4,YouTube,2026-06-14
2026-06-25,myths,word,4,4,"YouTube, YouTube AU",2026-05-08
2026-06-25,fluoride actually,phrase,4,4,YouTube,2026-06-14
2026-06-25,available,word,4,4,"Reddit, YouTube",2022-01-23
2026-06-25,funny,word,4,4,YouTube,2026-06-14
2026-06-25,machine,word,4,4,"Google Alerts, YouTube, YouTube AU",2026-06-14
2026-06-25,would,word,4,4,"Google Alerts, YouTube, YouTube AU",2025-01-12
2026-06-25,linked,word,4,4,"Google Alerts, YouTube",2026-05-16
2026-06-25,want,word,4,4,"YouTube, YouTube AU",2019-03-25
2026-06-25,moment,word,4,4,YouTube,2026-06-14
2026-06-25,trial,word,4,4,"Google Alerts, YouTube",2026-06-15
2026-06-25,level,word,4,4,"Google Alerts, YouTube",2026-06-16
2026-06-25,complete,word,4,4,"YouTube, YouTube AU",2026-02-19
2026-06-25,mandatory,word,4,4,"Reddit, YouTube",2021-09-12
2026-06-25,decision,word,4,4,"Google Alerts, Reddit, YouTube",2023-09-22
2026-06-25,leading,word,4,4,"Google Alerts, YouTube",2026-06-15
2026-06-25,forever,word,4,4,"YouTube, YouTube AU",2024-06-03
2026-06-25,end,word,4,4,"Google Alerts, YouTube",2026-06-16
2026-06-25,push,word,4,4,"Google Alerts, YouTube",2022-01-10
2026-06-25,parenting,word,4,4,YouTube,2026-06-17
2026-06-25,catch,word,4,4,"Reddit, YouTube",2026-05-13
2026-06-25,dentalhealth,word,4,4,YouTube,2026-06-16
2026-06-25,effect,word,4,4,"Reddit, YouTube",2024-04-29
2026-06-25,matters,word,4,4,"Google Alerts, YouTube",2026-06-12
2026-06-25,vaccine injection,phrase,4,4,YouTube,2026-06-18
2026-06-25,nobs,word,4,4,YouTube,2026-06-19
2026-06-25,silver,word,4,4,"Google Alerts, YouTube",2026-06-13
2026-06-25,diamine,word,4,4,"Google Alerts, YouTube",2026-06-13
2026-06-25,diamine fluoride,phrase,4,4,"Google Alerts, YouTube",2026-06-13
2026-06-25,silver diamine,phrase,4,4,"Google Alerts, YouTube",2026-06-13
2026-06-25,experience,word,4,4,"Google Alerts, YouTube, YouTube AU",2022-12-21
2026-06-25,workplace,word,4,4,"Google Alerts, YouTube",2026-06-19
2026-06-25,polio,word,4,4,YouTube,2026-06-19
2026-06-25,force,word,4,4,YouTube,2026-06-20
2026-06-25,air,word,4,4,YouTube,2026-06-20
2026-06-25,air force,phrase,4,4,YouTube,2026-06-20
2026-06-25,work,word,4,4,"YouTube, YouTube AU",2026-03-02
2026-06-25,poultry,word,4,4,"Google Alerts, YouTube",2026-06-12
2026-06-25,lower,word,4,4,"Google Alerts, YouTube",2026-06-16
2026-06-25,suggests,word,4,4,"Google Alerts, YouTube",2026-06-16
2026-06-25,study suggests,phrase,4,4,"Google Alerts, YouTube",2026-06-16
2026-06-25,military,word,4,4,"Google Alerts, Reddit, YouTube",2026-03-07
2026-06-25,saving,word,4,4,"Reddit, YouTube, YouTube AU",2025-05-18
2026-06-25,home,word,4,4,"YouTube, YouTube AU",2022-10-28
2026-06-25,street,word,4,4,"Google Alerts, YouTube",2026-06-21
2026-06-25,episode,word,4,4,"Google Alerts, YouTube, YouTube AU",2025-10-29
2026-06-25,records,word,4,4,"Google Alerts, YouTube, YouTube AU",2026-05-20
2026-06-25,professional,word,4,4,"Google Alerts, Reddit, YouTube, YouTube AU",2026-04-05
2026-06-25,reels,word,4,4,YouTube,2026-06-23
2026-06-25,since,word,4,4,"Google Alerts, Reddit, YouTube",2021-09-12
2026-06-25,brain,word,4,4,"Google Alerts, YouTube, YouTube AU",2024-12-25
2026-06-25,vaccine study,phrase,4,4,"YouTube, YouTube AU",2026-06-07
2026-06-25,blood,word,4,4,"Google Alerts, YouTube, YouTube AU",2026-05-30
2026-06-25,australia's water,phrase,4,4,YouTube AU,2016-02-29
2026-06-25,parliament,word,4,4,"Google Alerts, YouTube AU",2017-02-28
2026-06-25,diphtheria outbreak,phrase,4,4,"Google Alerts, YouTube AU",2026-05-21
2026-06-25,vaccine rates,phrase,4,4,"Google Alerts, YouTube AU",2026-04-26
2026-06-25,information,word,4,4,"Google Alerts, YouTube AU",2024-04-30
2026-06-25,seniors,word,4,4,"Google Alerts, YouTube AU",2026-05-19
2026-06-25,gov,word,4,4,"Google Alerts, YouTube AU",2024-01-24
2026-06-25,free flu,phrase,4,4,"Google Alerts, YouTube AU",2026-06-11
2026-06-25,nip,word,4,4,"Google Alerts, Reddit",2026-02-04
2026-06-25,funded,word,4,4,"Google Alerts, Reddit",2026-02-04
2026-06-25,symptoms,word,4,4,"Google Alerts, Reddit",2022-07-16
2026-06-25,older,word,4,4,"Google Alerts, Reddit",2025-06-03
2026-06-25,weight-loss,word,4,4,Google Alerts,2026-06-11
2026-06-25,peak,word,4,4,Google Alerts,2026-06-12
2026-06-25,west,word,4,4,Google Alerts,2026-06-13
2026-06-25,updates,word,4,4,Google Alerts,2026-06-12
2026-06-25,designed,word,4,4,Google Alerts,2026-06-13
2026-06-25,abc,word,3,10,"Google Alerts, YouTube, YouTube AU",2023-11-20
2026-06-25,statistics,word,3,10,"Reddit, YouTube",2025-11-07
2026-06-25,experts,word,3,9,Google Alerts,2026-06-11
2026-06-25,canberra,word,3,8,"Google Alerts, YouTube AU",2024-10-09
2026-06-25,healthed,word,3,8,Google Alerts,2026-06-16
2026-06-25,base,word,3,7,"Google Alerts, YouTube",2026-06-20
2026-06-25,discovery,word,3,7,"Google Alerts, YouTube",2026-06-20
2026-06-25,presents,word,3,7,"Google Alerts, YouTube, YouTube AU",2015-02-24
2026-06-25,ageing,word,3,7,Google Alerts,2026-06-16
2026-06-25,viral trending,phrase,3,6,YouTube,2026-06-13
2026-06-25,surgery,word,3,6,"Google Alerts, YouTube",2026-06-17
2026-06-25,phoenix,word,3,6,"Google Alerts, YouTube AU",2024-11-16
2026-06-25,urge,word,3,6,Google Alerts,2026-06-11
2026-06-25,professor,word,3,5,"YouTube, YouTube AU",2020-03-19
2026-06-25,injection vaccination,phrase,3,5,YouTube,2026-06-12
2026-06-25,doctors update,phrase,3,5,"Google Alerts, YouTube",2026-06-11
2026-06-25,low,word,3,5,"Google Alerts, Reddit, YouTube",2025-05-19
2026-06-25,free fried,phrase,3,5,YouTube,2026-06-16
2026-06-25,starts,word,3,5,"Google Alerts, YouTube",2026-06-16
2026-06-25,herald,word,3,5,"Google Alerts, YouTube AU",2023-12-13
2026-06-25,immunisation update,phrase,3,5,Google Alerts,2026-06-12
2026-06-25,flumist,word,3,5,Google Alerts,2026-06-15
2026-06-25,backs,word,3,5,Google Alerts,2026-06-15
2026-06-25,mrna manufacturing,phrase,3,5,Google Alerts,2026-06-15
2026-06-25,nsw health,phrase,3,5,Google Alerts,2026-06-16
2026-06-25,presentation,word,3,4,"Reddit, YouTube, YouTube AU",2020-03-25
2026-06-25,fluoride health,phrase,3,4,"YouTube, YouTube AU",2024-11-04
2026-06-25,expert,word,3,4,"Google Alerts, YouTube",2026-05-15
2026-06-25,reduction,word,3,4,YouTube,2026-04-17
2026-06-25,fluoride chlorine,phrase,3,4,YouTube,2026-04-07
2026-06-25,funding,word,3,4,"Google Alerts, YouTube",2026-06-11
2026-06-25,ruling,word,3,4,"YouTube, YouTube AU",2024-11-04
2026-06-25,fluoride punk,phrase,3,4,YouTube,2026-06-13
2026-06-25,eye,word,3,4,YouTube,2026-05-09
2026-06-25,third eye,phrase,3,4,YouTube,2026-05-09
2026-06-25,wifiskeleton,word,3,4,YouTube,2026-06-13
2026-06-25,chemicals,word,3,4,"YouTube, YouTube AU",2024-06-03
2026-06-25,potential,word,3,4,"Google Alerts, YouTube",2024-11-10
2026-06-25,meningitis,word,3,4,"Google Alerts, YouTube",2026-06-12
2026-06-25,hesitancy,word,3,4,"Google Alerts, YouTube",2025-02-13
2026-06-25,vaccine hesitancy,phrase,3,4,"Google Alerts, YouTube",2025-02-13
2026-06-25,exposes,word,3,4,"YouTube, YouTube AU",2024-11-04
2026-06-25,pharmaceutical,word,3,4,"Google Alerts, YouTube",2025-12-09
2026-06-25,pneumococcal vaccination,phrase,3,4,"Google Alerts, YouTube",2026-06-14
2026-06-25,million,word,3,4,"Google Alerts, YouTube, YouTube AU",2026-06-12
2026-06-25,food,word,3,4,"YouTube, YouTube AU",2026-06-13
2026-06-25,brand,word,3,4,"Google Alerts, YouTube",2026-06-14
2026-06-25,warn,word,3,4,"Google Alerts, YouTube",2026-06-14
2026-06-25,vaccination done,phrase,3,4,YouTube,2026-06-16
2026-06-25,fight,word,3,4,"Google Alerts, YouTube, YouTube AU",2026-06-15
2026-06-25,grows,word,3,4,"Google Alerts, YouTube, YouTube AU",2026-05-24
2026-06-25,current,word,3,4,"Google Alerts, YouTube, YouTube AU",2026-04-29
2026-06-25,infection,word,3,4,"Google Alerts, YouTube",2026-06-13
2026-06-25,vaccines protecting,phrase,3,4,"Google Alerts, YouTube",2026-06-19
2026-06-25,problem,word,3,4,"Google Alerts, YouTube",2026-06-19
2026-06-25,recent,word,3,4,"Google Alerts, YouTube, YouTube AU",2024-11-04
2026-06-25,conversation,word,3,4,"YouTube, YouTube AU",2026-06-13
2026-06-25,cancer deaths,phrase,3,4,"Google Alerts, YouTube",2026-06-18
2026-06-25,carbon,word,3,4,"Google Alerts, YouTube",2026-06-17
2026-06-25,virus vaccine,phrase,3,4,"Google Alerts, YouTube",2026-06-20
2026-06-25,international,word,3,4,"Google Alerts, YouTube",2026-06-12
2026-06-25,moderna,word,3,4,"Google Alerts, YouTube",2026-06-17
2026-06-25,secret,word,3,4,"Google Alerts, YouTube",2026-06-16
2026-06-25,gay,word,3,4,YouTube,2026-06-22
2026-06-25,vaccination part,phrase,3,4,"Google Alerts, YouTube",2026-06-12
2026-06-25,vaccine today,phrase,3,4,"Google Alerts, YouTube, YouTube AU",2026-06-12
2026-06-25,post,word,3,4,"Google Alerts, YouTube",2026-06-17
2026-06-25,families,word,3,4,"Google Alerts, YouTube",2026-06-19
2026-06-25,whole house,phrase,3,4,"YouTube, YouTube AU",2024-01-17
2026-06-25,adult,word,3,4,"Google Alerts, Reddit, YouTube",2025-12-11
2026-06-25,cairns,word,3,4,"Google Alerts, YouTube AU",2024-11-10
2026-06-25,business,word,3,4,"Google Alerts, YouTube AU",2018-01-24
2026-06-25,targets,word,3,4,"Google Alerts, YouTube AU",2026-05-28
2026-06-25,gympie,word,3,4,YouTube AU,2025-09-25
2026-06-25,gympie council,phrase,3,4,YouTube AU,2025-09-25
2026-06-25,find,word,3,4,"Google Alerts, YouTube AU",2026-05-24
2026-06-25,australians,word,3,4,"Google Alerts, YouTube AU",2019-03-25
2026-06-25,using,word,3,4,"Google Alerts, Reddit, YouTube AU",2015-12-25
2026-06-25,huge,word,3,4,"Google Alerts, Reddit",2022-05-26
2026-06-25,numbers,word,3,4,"Google Alerts, Reddit",2022-01-23
2026-06-25,influenza flu,phrase,3,4,Google Alerts,2026-06-12
2026-06-25,two,word,3,4,Google Alerts,2026-06-11
2026-06-25,residents,word,3,4,Google Alerts,2026-06-11
2026-06-25,defence,word,3,4,Google Alerts,2026-06-11
2026-06-25,ahead,word,3,4,Google Alerts,2026-06-12
2026-06-25,urged,word,3,4,Google Alerts,2026-06-13
2026-06-25,congo,word,3,4,Google Alerts,2026-06-15
2026-06-25,boosts,word,3,4,Google Alerts,2026-06-16
2026-06-25,uptake,word,3,4,Google Alerts,2026-06-17
2026-06-25,line,word,3,4,Google Alerts,2026-06-17
2026-06-25,first line,phrase,3,4,Google Alerts,2026-06-17
2026-06-25,immunise,word,3,4,Google Alerts,2026-06-24
2026-06-25,wise,word,3,4,Google Alerts,2026-06-24
2026-06-25,wise immunise,phrase,3,4,Google Alerts,2026-06-24
2026-06-25,extended july,phrase,3,4,Google Alerts,2026-06-24
2026-06-25,immunise free,phrase,3,4,Google Alerts,2026-06-24
2026-06-25,vaccines extended,phrase,3,4,Google Alerts,2026-06-24
2026-06-25,influenza vaccines,phrase,3,4,Google Alerts,2026-06-24
2026-06-25,latest,word,3,3,"Google Alerts, YouTube",2022-04-05
2026-06-25,toxic waste,phrase,3,3,YouTube,2020-11-18
2026-06-25,plan,word,3,3,"Google Alerts, YouTube",2023-08-30
2026-06-25,friendly,word,3,3,"YouTube, YouTube AU",2018-10-13
2026-06-25,cannot,word,3,3,YouTube,2026-03-12
2026-06-25,injections,word,3,3,"Google Alerts, YouTube",2026-03-06
2026-06-25,vaers,word,3,3,YouTube,2026-02-16
2026-06-25,gets,word,3,3,"Google Alerts, YouTube",2026-05-13
2026-06-25,claims,word,3,3,"YouTube, YouTube AU",2022-12-05
2026-06-25,fluoride debate,phrase,3,3,"YouTube, YouTube AU",2024-10-12
2026-06-25,good,word,3,3,"Reddit, YouTube",2021-10-02
2026-06-25,said,word,3,3,YouTube,2021-10-02
2026-06-25,stage,word,3,3,"Google Alerts, YouTube",2026-04-20
2026-06-25,filter removes,phrase,3,3,"YouTube, YouTube AU",2024-06-03
2026-06-25,osmosis,word,3,3,"YouTube, YouTube AU",2024-10-16
2026-06-25,reverse,word,3,3,"YouTube, YouTube AU",2024-10-16
2026-06-25,reverse osmosis,phrase,3,3,"YouTube, YouTube AU",2024-10-16
2026-06-25,top best,phrase,3,3,"YouTube, YouTube AU",2024-10-16
2026-06-25,viable,word,3,3,"Google Alerts, YouTube",2025-10-06
2026-06-25,fluoride industrial,phrase,3,3,YouTube,2016-03-12
2026-06-25,dangers fluoride,phrase,3,3,YouTube,2016-03-12
2026-06-25,neurotoxin,word,3,3,"YouTube, YouTube AU",2022-07-22
2026-06-25,public water,phrase,3,3,"Google Alerts, YouTube",2022-10-08
2026-06-25,city council,phrase,3,3,"Google Alerts, YouTube",2011-05-05
2026-06-25,description,word,3,3,"Google Alerts, YouTube, YouTube AU",2020-03-15
2026-06-25,month vaccination,phrase,3,3,"YouTube, YouTube AU",2022-01-02
2026-06-25,possible,word,3,3,YouTube,2025-12-11
2026-06-25,knew,word,3,3,"Reddit, YouTube",2025-05-23
2026-06-25,talks,word,3,3,YouTube,2009-09-02
2026-06-25,excess,word,3,3,"YouTube, YouTube AU",2022-12-05
2026-06-25,immune system,phrase,3,3,YouTube,2025-12-13
2026-06-25,poisoning,word,3,3,YouTube,2026-06-05
2026-06-25,used,word,3,3,"Reddit, YouTube",2024-04-29
2026-06-25,myth,word,3,3,YouTube,2026-04-01
2026-06-25,cover-up,word,3,3,YouTube,2026-06-11
2026-06-25,worse,word,3,3,"Google Alerts, YouTube",2026-06-11
2026-06-25,patients,word,3,3,"Reddit, YouTube",2025-08-10
2026-06-25,federal court,phrase,3,3,"Reddit, YouTube",2022-07-05
2026-06-25,fluoride cover,phrase,3,3,YouTube,2026-06-13
2026-06-25,fluoride type,phrase,3,3,YouTube,2026-06-13
2026-06-25,community water,phrase,3,3,"Google Alerts, YouTube",2026-06-12
2026-06-25,water systems,phrase,3,3,"Google Alerts, YouTube",2026-06-10
2026-06-25,new research,phrase,3,3,"Google Alerts, YouTube",2026-06-13
2026-06-25,total,word,3,3,"Google Alerts, YouTube",2026-06-13
2026-06-25,clean,word,3,3,"Google Alerts, YouTube, YouTube AU",2026-05-08
2026-06-25,colgate total,phrase,3,3,"Google Alerts, YouTube",2026-06-13
2026-06-25,hidden truth,phrase,3,3,YouTube,2026-06-13
2026-06-25,whitening toothpaste,phrase,3,3,YouTube,2026-06-13
2026-06-25,nano-hydroxyapatite,word,3,3,"YouTube, YouTube AU",2024-09-01
2026-06-25,learn,word,3,3,YouTube,2026-05-01
2026-06-25,sleep,word,3,3,"Google Alerts, YouTube",2026-05-01
2026-06-25,vaccination viral,phrase,3,3,YouTube,2026-06-13
2026-06-25,surprise,word,3,3,YouTube,2026-06-13
2026-06-25,viralshort,word,3,3,YouTube,2026-06-13
2026-06-25,industry,word,3,3,"Reddit, YouTube",2025-05-19
2026-06-25,mrna vaccine,phrase,3,3,"Google Alerts, YouTube",2026-06-13
2026-06-25,shorts youtubeshorts,phrase,3,3,YouTube,2026-06-13
2026-06-25,vaccine shorts,phrase,3,3,YouTube,2026-06-13
2026-06-25,happens,word,3,3,YouTube,2026-06-13
2026-06-25,infections,word,3,3,"Google Alerts, YouTube",2025-02-13
2026-06-25,family,word,3,3,YouTube,2016-06-22
2026-06-25,students,word,3,3,YouTube,2013-09-19
2026-06-25,going,word,3,3,YouTube,2025-11-13
2026-06-25,i'm,word,3,3,"Google Alerts, YouTube",2025-11-05
2026-06-25,accountable,word,3,3,"Google Alerts, YouTube",2025-10-12
2026-06-25,destroyed,word,3,3,YouTube,2025-10-11
2026-06-25,maga,word,3,3,YouTube,2025-10-11
2026-06-25,maga destroyed,phrase,3,3,YouTube,2025-10-11
2026-06-25,emotional,word,3,3,YouTube,2025-12-31
2026-06-25,immunity better,phrase,3,3,YouTube,2022-02-24
2026-06-25,music,word,3,3,YouTube,2026-06-14
2026-06-25,doses,word,3,3,"Google Alerts, Reddit, YouTube",2021-06-22
2026-06-25,thousands,word,3,3,"Google Alerts, Reddit, YouTube",2022-05-23
2026-06-25,vitamin,word,3,3,YouTube,2026-06-12
2026-06-25,drop,word,3,3,"Google Alerts, Reddit, YouTube",2024-04-15
2026-06-25,they're,word,3,3,"Reddit, YouTube",2023-09-22
2026-06-25,old,word,3,3,"Google Alerts, YouTube",2026-06-14
2026-06-25,matter,word,3,3,YouTube,2022-01-22
2026-06-25,drive,word,3,3,"Google Alerts, YouTube",2026-06-14
2026-06-25,chicks,word,3,3,YouTube,2026-06-14
2026-06-25,vaccine day,phrase,3,3,YouTube,2026-06-13
2026-06-25,coronavirus,word,3,3,"Google Alerts, Reddit, YouTube",2023-06-24
2026-06-25,gigi,word,3,3,YouTube,2026-06-14
2026-06-25,rinsing,word,3,3,YouTube,2026-06-15
2026-06-25,lost,word,3,3,YouTube,2026-06-14
2026-06-25,love lost,phrase,3,3,YouTube,2026-06-14
2026-06-25,days,word,3,3,YouTube,2026-06-15
2026-06-25,vaccination time,phrase,3,3,YouTube,2026-06-15
2026-06-25,months,word,3,3,YouTube,2026-06-15
2026-06-25,month baby,phrase,3,3,YouTube,2026-06-14
2026-06-25,moment shorts,phrase,3,3,YouTube,2026-06-14
2026-06-25,giant,word,3,3,"Google Alerts, YouTube",2026-06-15
2026-06-25,important vaccines,phrase,3,3,YouTube,2026-06-16
2026-06-25,wants,word,3,3,"YouTube, YouTube AU",2025-04-25
2026-06-25,relatable,word,3,3,YouTube,2026-06-16
2026-06-25,development,word,3,3,"Google Alerts, YouTube, YouTube AU",2024-12-25
2026-06-25,protects,word,3,3,YouTube,2026-06-17
2026-06-25,vaccines save,phrase,3,3,YouTube,2026-06-17
2026-06-25,save lives,phrase,3,3,"Google Alerts, YouTube",2026-06-17
2026-06-25,vaccination dog,phrase,3,3,YouTube,2026-06-16
2026-06-25,enough,word,3,3,YouTube,2022-02-14
2026-06-25,girl,word,3,3,"Google Alerts, YouTube",2026-06-17
2026-06-25,brave,word,3,3,YouTube,2026-06-17
2026-06-25,expands,word,3,3,"YouTube, YouTube AU",2026-05-27
2026-06-25,toothpaste fluoride-free,phrase,3,3,"Google Alerts, YouTube",2026-06-17
2026-06-25,vaccination matters,phrase,3,3,YouTube,2026-06-17
2026-06-25,started,word,3,3,"YouTube, YouTube AU",2018-01-24
2026-06-25,away,word,3,3,"Reddit, YouTube",2020-03-13
2026-06-25,gentle,word,3,3,"Google Alerts, YouTube",2026-06-19
2026-06-25,sdf,word,3,3,YouTube,2026-06-19
2026-06-25,shares,word,3,3,"Google Alerts, YouTube",2026-06-17
2026-06-25,making,word,3,3,"Reddit, YouTube",2021-09-12
2026-06-25,easy,word,3,3,"Google Alerts, YouTube",2026-06-19
2026-06-25,worst,word,3,3,"Google Alerts, YouTube, YouTube AU",2026-05-21
2026-06-25,side effects,phrase,3,3,"YouTube, YouTube AU",2024-06-17
2026-06-25,chinese,word,3,3,"YouTube, YouTube AU",2026-06-06
2026-06-25,drops,word,3,3,YouTube,2026-06-20
2026-06-25,tablets,word,3,3,"Google Alerts, YouTube",2026-06-20
2026-06-25,toothpaste tablets,phrase,3,3,"Google Alerts, YouTube",2026-06-20
2026-06-25,mint,word,3,3,"Google Alerts, YouTube",2026-06-20
2026-06-25,hits,word,3,3,"Google Alerts, YouTube",2026-06-17
2026-06-25,vaccine may,phrase,3,3,"Google Alerts, YouTube",2026-06-16
2026-06-25,ytshorts shorts,phrase,3,3,YouTube,2026-06-19
2026-06-25,pain,word,3,3,"Google Alerts, YouTube",2026-06-17
2026-06-25,dogs,word,3,3,YouTube,2026-06-19
2026-06-25,dementia risk,phrase,3,3,"Google Alerts, YouTube",2026-06-16
2026-06-25,preventable,word,3,3,"Google Alerts, YouTube",2026-06-18
2026-06-25,lab,word,3,3,"Google Alerts, Reddit, YouTube",2020-03-13
2026-06-25,vaccine program,phrase,3,3,"Google Alerts, YouTube",2026-06-21
2026-06-25,nearly,word,3,3,"Google Alerts, YouTube",2026-06-20
2026-06-25,toothpaste fluoride,phrase,3,3,"Google Alerts, YouTube",2026-06-22
2026-06-25,oralhygiene,word,3,3,YouTube,2026-06-21
2026-06-25,youtube fluoride,phrase,3,3,YouTube,2026-06-21
2026-06-25,order,word,3,3,"Reddit, YouTube",2025-05-16
2026-06-25,little,word,3,3,"Google Alerts, YouTube",2026-06-12
2026-06-25,hpv vaccination,phrase,3,3,"Google Alerts, YouTube",2026-06-21
2026-06-25,alleged,word,3,3,"Google Alerts, Reddit, YouTube",2026-05-07
2026-06-25,call,word,3,3,"Google Alerts, YouTube",2026-06-13
2026-06-25,hit,word,3,3,"Google Alerts, Reddit, YouTube",2023-09-22
2026-06-25,vaccine explained,phrase,3,3,"Google Alerts, YouTube",2026-06-18
2026-06-25,soon,word,3,3,"Google Alerts, YouTube",2026-06-17
2026-06-25,removed,word,3,3,"Reddit, YouTube, YouTube AU",2022-11-04
2026-06-25,breakdown,word,3,3,"Google Alerts, Reddit, YouTube",2021-09-12
2026-06-25,vaccine treatment,phrase,3,3,"Google Alerts, YouTube",2026-06-20
2026-06-25,western australia,phrase,3,3,"Google Alerts, YouTube, YouTube AU",2013-02-12
2026-06-25,keeping,word,3,3,"Google Alerts, Reddit, YouTube",2025-05-19
2026-06-25,campaign,word,3,3,"YouTube, YouTube AU",2026-04-26
2026-06-25,cost,word,3,3,"Google Alerts, YouTube AU",2025-01-12
2026-06-25,tga,word,3,3,"Google Alerts, Reddit, YouTube AU",2021-01-17
2026-06-25,water filters,phrase,3,3,YouTube AU,2024-08-12
2026-06-25,channel,word,3,3,YouTube AU,2015-12-25
2026-06-25,outbreaks,word,3,3,"Google Alerts, YouTube AU",2026-06-12
2026-06-25,premier,word,3,3,"Google Alerts, Reddit, YouTube AU",2022-12-02
2026-06-25,aged care,phrase,3,3,"Google Alerts, YouTube AU",2022-04-06
2026-06-25,crisis,word,3,3,"Google Alerts, YouTube AU",2026-06-15
2026-06-25,breakthrough,word,3,3,"Google Alerts, YouTube AU",2026-06-16
2026-06-25,aussie,word,3,3,"Google Alerts, Reddit, YouTube AU",2026-05-07
2026-06-25,registration,word,3,3,Reddit,2025-11-07
2026-06-25,jab,word,3,3,"Google Alerts, Reddit",2024-04-29
2026-06-25,network,word,3,3,"Google Alerts, Reddit",2022-07-05
2026-06-25,urges,word,3,3,"Google Alerts, Reddit",2022-12-02
2026-06-25,including,word,3,3,"Google Alerts, Reddit",2022-11-04
2026-06-25,jabs,word,3,3,"Google Alerts, Reddit",2025-08-10
2026-06-25,approves,word,3,3,"Google Alerts, Reddit",2025-06-03
2026-06-25,scientists,word,3,3,Google Alerts,2026-06-12
2026-06-25,islander,word,3,3,Google Alerts,2026-06-12
2026-06-25,strait,word,3,3,Google Alerts,2026-06-12
2026-06-25,confirmed,word,3,3,Google Alerts,2026-06-11
2026-06-25,welcomes,word,3,3,Google Alerts,2026-06-12
2026-06-25,urgent,word,3,3,Google Alerts,2026-06-11
2026-06-25,urgent warning,phrase,3,3,Google Alerts,2026-06-11
2026-06-25,qld,word,3,3,Google Alerts,2026-06-11
2026-06-25,slow start,phrase,3,3,Google Alerts,2026-06-11
2026-06-25,following,word,3,3,Google Alerts,2026-06-12
2026-06-25,fever,word,3,3,Google Alerts,2026-06-12
2026-06-25,list,word,3,3,Google Alerts,2026-06-13
2026-06-25,drc,word,3,3,Google Alerts,2026-06-13
2026-06-25,men,word,3,3,Google Alerts,2026-06-14
2026-06-25,infectious,word,3,3,Google Alerts,2026-06-15
2026-06-25,eastern,word,3,3,Google Alerts,2026-06-15
2026-06-25,growth,word,3,3,Google Alerts,2026-06-15
2026-06-25,point,word,3,3,Google Alerts,2026-06-17
2026-06-25,details,word,3,3,Google Alerts,2026-06-17
2026-06-25,means,word,3,3,Google Alerts,2026-06-17
2026-06-25,beyond,word,3,3,Google Alerts,2026-06-17
2026-06-25,challenges,word,3,3,Google Alerts,2026-06-17
2026-06-25,africa,word,3,3,Google Alerts,2026-06-17
2026-06-25,twc,word,3,3,Google Alerts,2026-06-17
2026-06-25,protected,word,3,3,Google Alerts,2026-06-17
2026-06-25,late get,phrase,3,3,Google Alerts,2026-06-22
2026-06-25,program extended,phrase,3,3,Google Alerts,2026-06-22
2026-06-25,resign,word,3,3,Google Alerts,2026-06-22
2026-06-25,administration,word,3,3,Google Alerts,2026-06-22
2026-06-25,commissioner,word,3,3,Google Alerts,2026-06-23
2026-06-25,shorts shortsfeed,phrase,2,25,YouTube,2026-06-13
2026-06-25,analysis,word,2,15,"Google Alerts, Reddit",2022-08-31
2026-06-25,abc news,phrase,2,9,"Google Alerts, YouTube AU",2023-11-20
2026-06-25,investing,word,2,7,Google Alerts,2026-06-11
2026-06-25,investing com,phrase,2,7,Google Alerts,2026-06-11
2026-06-25,goat vaccine,phrase,2,6,YouTube,2026-06-16
2026-06-25,presents paul,phrase,2,6,"YouTube, YouTube AU",2015-02-24
2026-06-25,free presents,phrase,2,6,"YouTube, YouTube AU",2015-02-24
2026-06-25,services,word,2,6,Google Alerts,2026-06-16
2026-06-25,avian,word,2,5,"Google Alerts, YouTube",2026-06-21
2026-06-25,vet surgery,phrase,2,5,"Google Alerts, YouTube",2026-06-21
2026-06-25,australia part,phrase,2,5,"YouTube, YouTube AU",2014-10-25
2026-06-25,news australia,phrase,2,5,"Google Alerts, YouTube AU",2021-04-16
2026-06-25,department health,phrase,2,5,"Google Alerts, Reddit",2022-07-05
2026-06-25,republic,word,2,5,Google Alerts,2026-06-12
2026-06-25,buy,word,2,5,Google Alerts,2026-06-13
2026-06-25,csl,word,2,5,Google Alerts,2026-06-15
2026-06-25,changes,word,2,5,Google Alerts,2026-06-16
2026-06-25,bendigo,word,2,5,Google Alerts,2026-06-19
2026-06-25,disability,word,2,5,Google Alerts,2026-06-21
2026-06-25,professor paul,phrase,2,4,"YouTube, YouTube AU",2020-03-19
2026-06-25,bob,word,2,4,YouTube,2009-09-02
2026-06-25,sheep,word,2,4,YouTube,2026-06-13
2026-06-25,senate,word,2,4,YouTube,2026-06-14
2026-06-25,goatfarming,word,2,4,YouTube,2026-06-15
2026-06-25,overrated,word,2,4,YouTube,2026-06-14
2026-06-25,explosive,word,2,4,YouTube,2026-06-15
2026-06-25,fluoride incelcore,phrase,2,4,YouTube,2026-06-16
2026-06-25,sped,word,2,4,YouTube,2026-06-17
2026-06-25,california,word,2,4,"Google Alerts, YouTube AU",2024-11-04
2026-06-25,postreat,word,2,4,"Google Alerts, YouTube AU",2024-09-29
2026-06-25,postreat fluoride,phrase,2,4,"Google Alerts, YouTube AU",2024-09-29
2026-06-25,social,word,2,4,"Google Alerts, YouTube AU",2026-06-18
2026-06-25,winter vaccination,phrase,2,4,"Google Alerts, YouTube AU",2026-06-18
2026-06-25,issues,word,2,4,"Google Alerts, Reddit",2025-11-05
2026-06-25,chemist,word,2,4,Google Alerts,2026-06-12
2026-06-25,racgp,word,2,4,Google Alerts,2026-06-12
2026-06-25,update june,phrase,2,4,Google Alerts,2026-06-12
2026-06-25,weight,word,2,4,Google Alerts,2026-06-12
2026-06-25,weight loss,phrase,2,4,Google Alerts,2026-06-12
2026-06-25,media,word,2,4,Google Alerts,2026-06-12
2026-06-25,countries,word,2,4,Google Alerts,2026-06-13
2026-06-25,citynews,word,2,4,Google Alerts,2026-06-15
2026-06-25,victoria backs,phrase,2,4,Google Alerts,2026-06-15
2026-06-25,building,word,2,4,Google Alerts,2026-06-17
2026-06-25,ebola outbreak,phrase,2,4,Google Alerts,2026-06-17
2026-06-25,miller,word,2,4,Google Alerts,2026-06-18
2026-06-25,page,word,2,4,Google Alerts,2026-06-18
2026-06-25,toxicity,word,2,3,"YouTube, YouTube AU",2020-03-25
2026-06-25,version,word,2,3,YouTube,2020-03-25
2026-06-25,fluoride toxicity,phrase,2,3,"YouTube, YouTube AU",2020-03-25
2026-06-25,toxicity presentation,phrase,2,3,"YouTube, YouTube AU",2020-03-25
2026-06-25,affect,word,2,3,"YouTube, YouTube AU",2024-12-25
2026-06-25,sodium,word,2,3,YouTube,2026-05-21
2026-06-25,fluoride reduction,phrase,2,3,YouTube,2026-04-17
2026-06-25,misinformation,word,2,3,YouTube,2026-03-09
2026-06-25,newbornbaby vaccine,phrase,2,3,YouTube,2026-06-14
2026-06-25,baby first,phrase,2,3,YouTube,2026-06-13
2026-06-25,vaccine cutebaby,phrase,2,3,YouTube,2026-06-13
2026-06-25,claim,word,2,3,YouTube,2026-05-12
2026-06-25,court ruling,phrase,2,3,"YouTube, YouTube AU",2024-11-04
2026-06-25,tips,word,2,3,"Google Alerts, YouTube",2026-06-14
2026-06-25,offered,word,2,3,"Google Alerts, YouTube",2026-06-12
2026-06-25,meningitis vaccine,phrase,2,3,"Google Alerts, YouTube",2026-06-12
2026-06-25,cute baby,phrase,2,3,YouTube,2026-06-13
2026-06-25,vaccination trending,phrase,2,3,YouTube,2026-06-15
2026-06-25,strains,word,2,3,"Google Alerts, YouTube",2026-06-15
2026-06-25,reference,word,2,3,"Google Alerts, YouTube",2026-06-15
2026-06-25,takes,word,2,3,"Google Alerts, YouTube",2026-06-15
2026-06-25,compensation,word,2,3,"YouTube, YouTube AU",2026-04-29
2026-06-25,scheme,word,2,3,"Google Alerts, YouTube",2026-06-16
2026-06-25,cas,word,2,3,YouTube,2026-06-16
2026-06-25,boka,word,2,3,"YouTube, YouTube AU",2026-05-14
2026-06-25,toothpaste nano,phrase,2,3,"YouTube, YouTube AU",2026-05-14
2026-06-25,boka fluoride,phrase,2,3,"YouTube, YouTube AU",2026-05-14
2026-06-25,mrna flu,phrase,2,3,"Google Alerts, YouTube",2026-06-15
2026-06-25,plastic,word,2,3,"Google Alerts, YouTube",2026-06-18
2026-06-25,free nano,phrase,2,3,YouTube,2026-06-18
2026-06-25,ndis,word,2,3,YouTube,2026-06-19
2026-06-25,strikes,word,2,3,"Google Alerts, YouTube",2026-06-18
2026-06-25,well,word,2,3,"Google Alerts, YouTube",2026-06-16
2026-06-25,champion,word,2,3,"Google Alerts, YouTube",2026-06-18
2026-06-25,journal,word,2,3,"Google Alerts, YouTube",2026-06-17
2026-06-25,six,word,2,3,"Google Alerts, YouTube",2026-06-15
2026-06-25,requirement,word,2,3,"Google Alerts, YouTube",2026-06-20
2026-06-25,vaccine requirement,phrase,2,3,"Google Alerts, YouTube",2026-06-20
2026-06-25,liquid,word,2,3,YouTube,2026-06-20
2026-06-25,tomorrow,word,2,3,"Reddit, YouTube",2021-09-12
2026-06-25,tiny,word,2,3,"Google Alerts, YouTube",2026-06-17
2026-06-25,chapter,word,2,3,"Google Alerts, YouTube",2026-06-21
2026-06-25,babe,word,2,3,YouTube,2026-06-21
2026-06-25,fluoride babe,phrase,2,3,YouTube,2026-06-21
2026-06-25,hasn't,word,2,3,"Google Alerts, YouTube",2026-06-17
2026-06-25,cuts,word,2,3,"Google Alerts, YouTube",2026-06-19
2026-06-25,vaccine cuts,phrase,2,3,"Google Alerts, YouTube",2026-06-19
2026-06-25,cuts cervical,phrase,2,3,"Google Alerts, YouTube",2026-06-19
2026-06-25,woman,word,2,3,"YouTube, YouTube AU",2026-04-29
2026-06-25,donate,word,2,3,"YouTube, YouTube AU",2026-06-16
2026-06-25,please donate,phrase,2,3,"YouTube, YouTube AU",2026-06-16
2026-06-25,texas,word,2,3,"Google Alerts, YouTube",2026-06-20
2026-06-25,gone,word,2,3,YouTube,2026-06-24
2026-06-25,fluoride another,phrase,2,3,YouTube,2026-06-24
2026-06-25,gay love,phrase,2,3,YouTube,2026-06-24
2026-06-25,another gay,phrase,2,3,YouTube,2026-06-24
2026-06-25,love song,phrase,2,3,YouTube,2026-06-24
2026-06-25,reach,word,2,3,"Google Alerts, YouTube",2026-06-14
2026-06-25,filtration,word,2,3,"Google Alerts, YouTube",2026-06-22
2026-06-25,strengthen,word,2,3,"Google Alerts, YouTube",2026-06-15
2026-06-25,reasons,word,2,3,YouTube AU,2021-09-01
2026-06-25,health risks,phrase,2,3,"Google Alerts, YouTube AU",2024-11-04
2026-06-25,party,word,2,3,"Reddit, YouTube AU",2017-02-28
2026-06-25,ready,word,2,3,YouTube AU,2021-01-18
2026-06-25,tonight,word,2,3,YouTube AU,2015-12-25
2026-06-25,today tonight,phrase,2,3,YouTube AU,2015-12-25
2026-06-25,andrew,word,2,3,"Google Alerts, YouTube AU",2026-05-08
2026-06-25,prompts,word,2,3,"Google Alerts, YouTube AU",2026-05-21
2026-06-25,brisbane,word,2,3,"Google Alerts, YouTube AU",2026-06-06
2026-06-25,winter get,phrase,2,3,YouTube AU,2026-05-01
2026-06-25,link,word,2,3,YouTube AU,2021-04-16
2026-06-25,bio,word,2,3,"Google Alerts, YouTube AU",2026-06-12
2026-06-25,injured,word,2,3,"Google Alerts, YouTube AU",2026-04-29
2026-06-25,australian vaccine,phrase,2,3,"Google Alerts, YouTube AU",2026-04-22
2026-06-25,conference,word,2,3,"Google Alerts, Reddit",2026-01-29
2026-06-25,get vaccine,phrase,2,3,"Google Alerts, Reddit",2026-01-22
2026-06-25,long covid,phrase,2,3,"Google Alerts, Reddit",2022-05-26
2026-06-25,friday,word,2,3,"Google Alerts, Reddit",2022-12-02
2026-06-25,updated,word,2,3,"Google Alerts, Reddit",2021-09-12
2026-06-25,routine,word,2,3,Google Alerts,2026-06-12
2026-06-25,make rsv,phrase,2,3,Google Alerts,2026-06-12
2026-06-25,health routine,phrase,2,3,Google Alerts,2026-06-12
2026-06-25,hantavirus,word,2,3,Google Alerts,2026-06-12
2026-06-25,ncirs,word,2,3,Google Alerts,2026-06-12
2026-06-25,funding boost,phrase,2,3,Google Alerts,2026-06-11
2026-06-25,medical centre,phrase,2,3,Google Alerts,2026-06-12
2026-06-25,morning,word,2,3,Google Alerts,2026-06-12
2026-06-25,conversations,word,2,3,Google Alerts,2026-06-12
2026-06-25,unicef,word,2,3,Google Alerts,2026-06-13
2026-06-25,bookings,word,2,3,Google Alerts,2026-06-12
2026-06-25,there's,word,2,3,Google Alerts,2026-06-14
2026-06-25,experts warn,phrase,2,3,Google Alerts,2026-06-14
2026-06-25,live,word,2,3,Google Alerts,2026-06-15
2026-06-25,biontech,word,2,3,Google Alerts,2026-06-15
2026-06-25,multiple,word,2,3,Google Alerts,2026-06-15
2026-06-25,asx,word,2,3,Google Alerts,2026-06-15
2026-06-25,csl asx,phrase,2,3,Google Alerts,2026-06-15
2026-06-25,support,word,2,3,Google Alerts,2026-06-15
2026-06-25,alerts,word,2,3,Google Alerts,2026-06-16
2026-06-25,gearing,word,2,3,Google Alerts,2026-06-16
2026-06-25,territory,word,2,3,Google Alerts,2026-06-16
2026-06-25,western nsw,phrase,2,3,Google Alerts,2026-06-17
2026-06-25,bundibugyo,word,2,3,Google Alerts,2026-06-17
2026-06-25,bundibugyo ebola,phrase,2,3,Google Alerts,2026-06-17
2026-06-25,complacency,word,2,3,Google Alerts,2026-06-17
2026-06-25,building stronger,phrase,2,3,Google Alerts,2026-06-17
2026-06-25,line defence,phrase,2,3,Google Alerts,2026-06-17
2026-06-25,stronger first,phrase,2,3,Google Alerts,2026-06-17
2026-06-25,award,word,2,3,Google Alerts,2026-06-17
2026-06-25,webinar,word,2,3,Google Alerts,2026-06-18
2026-06-25,immunisations,word,2,3,Google Alerts,2026-06-18
2026-06-25,pertussis,word,2,3,Google Alerts,2026-06-18
2026-06-25,syncytial,word,2,3,Google Alerts,2026-06-20
2026-06-25,syncytial virus,phrase,2,3,Google Alerts,2026-06-20
2026-06-25,respiratory syncytial,phrase,2,3,Google Alerts,2026-06-20
2026-06-25,july health,phrase,2,3,Google Alerts,2026-06-22
2026-06-25,cbd,word,2,3,Google Alerts,2026-06-22
2026-06-25,drug,word,2,3,Google Alerts,2026-06-23
2026-06-25,risk humans,phrase,2,3,Google Alerts,2026-06-23
2026-06-25,act,word,2,3,Google Alerts,2026-06-23
2026-06-26,shorts,word,89,131,"YouTube, YouTube AU",2022-02-14
2026-06-26,flu,word,72,116,"Google Alerts, YouTube, YouTube AU",2026-05-01
2026-06-26,health,word,70,92,"Google Alerts, Reddit, YouTube, YouTube AU",2021-06-29
2026-06-26,covid,word,67,108,"Google Alerts, Reddit, YouTube, YouTube AU",2020-03-23
2026-06-26,toothpaste,word,66,77,"Google Alerts, YouTube, YouTube AU",2018-10-13
2026-06-26,vaccines,word,64,76,"Google Alerts, Reddit, YouTube, YouTube AU",2020-03-23
2026-06-26,baby,word,39,46,"Google Alerts, YouTube",2025-06-29
2026-06-26,new,word,38,47,"Google Alerts, Reddit, YouTube, YouTube AU",2021-01-10
2026-06-26,vaccinations,word,32,37,"Google Alerts, Reddit, YouTube, YouTube AU",2021-09-12
2026-06-26,news,word,31,119,"Google Alerts, Reddit, YouTube, YouTube AU",2021-04-16
2026-06-26,viral,word,30,37,"Google Alerts, YouTube",2026-06-13
2026-06-26,fried,word,29,46,YouTube,2026-06-13
2026-06-26,fried fluoride,phrase,29,46,YouTube,2026-06-13
2026-06-26,get,word,28,34,"Google Alerts, Reddit, YouTube, YouTube AU",2026-01-22
2026-06-26,first,word,26,31,"Google Alerts, YouTube",2026-06-12
2026-06-26,covid vaccine,phrase,26,29,"Google Alerts, Reddit, YouTube, YouTube AU",2020-09-07
2026-06-26,australian,word,25,38,"Google Alerts, Reddit, YouTube AU",2010-10-08
2026-06-26,cancer,word,25,31,"Google Alerts, YouTube, YouTube AU",2026-03-05
2026-06-26,day,word,25,27,"YouTube, YouTube AU",2026-05-30
2026-06-26,study,word,24,28,"Google Alerts, Reddit, YouTube, YouTube AU",2022-05-26
2026-06-26,one,word,24,26,"Google Alerts, Reddit, YouTube, YouTube AU",2022-01-02
2026-06-26,hpv,word,23,26,"Google Alerts, YouTube, YouTube AU",2026-06-06
2026-06-26,fluoride-free,word,23,25,"Google Alerts, YouTube, YouTube AU",2018-10-13
2026-06-26,risk,word,22,28,"Google Alerts, Reddit, YouTube",2022-05-26
2026-06-26,kids,word,22,28,"Google Alerts, Reddit, YouTube, YouTube AU",2013-05-07
2026-06-26,winter,word,21,37,"Google Alerts, YouTube, YouTube AU",2026-05-01
2026-06-26,rsv,word,21,26,"Google Alerts, Reddit, YouTube AU",2026-02-04
2026-06-26,deaths,word,21,24,"Google Alerts, YouTube, YouTube AU",2021-01-17
2026-06-26,flu vaccine,phrase,21,23,"Google Alerts, YouTube, YouTube AU",2026-05-27
2026-06-26,outbreak,word,20,27,"Google Alerts, YouTube, YouTube AU",2026-05-21
2026-06-26,care,word,20,21,"Google Alerts, Reddit, YouTube, YouTube AU",2022-04-06
2026-06-26,children,word,19,22,"Google Alerts, Reddit, YouTube, YouTube AU",2008-11-04
2026-06-26,dog,word,19,22,"Google Alerts, YouTube",2026-06-13
2026-06-26,vaccination day,phrase,19,20,YouTube,2026-06-13
2026-06-26,truth,word,19,19,"YouTube, YouTube AU",2010-10-10
2026-06-26,influenza,word,18,31,"Google Alerts, YouTube, YouTube AU",2026-06-11
2026-06-26,program,word,17,27,"Google Alerts, Reddit, YouTube, YouTube AU",2022-05-23
2026-06-26,best,word,17,19,"Google Alerts, YouTube, YouTube AU",2023-12-25
2026-06-26,trending,word,16,32,YouTube,2026-04-09
2026-06-26,know,word,16,17,"Google Alerts, YouTube, YouTube AU",2019-11-07
2026-06-26,medical,word,15,26,"Google Alerts, YouTube, YouTube AU",2025-12-09
2026-06-26,ebola,word,15,22,"Google Alerts, YouTube, YouTube AU",2026-05-24
2026-06-26,flu vaccination,phrase,15,19,"Google Alerts, YouTube",2026-06-12
2026-06-26,people,word,15,18,"Google Alerts, Reddit, YouTube, YouTube AU",2025-05-23
2026-06-26,cervical,word,15,18,"Google Alerts, YouTube, YouTube AU",2026-06-13
2026-06-26,cervical cancer,phrase,15,18,"Google Alerts, YouTube, YouTube AU",2026-06-13
2026-06-26,hpv vaccine,phrase,15,18,"Google Alerts, YouTube, YouTube AU",2026-06-06
2026-06-26,diphtheria,word,15,17,"Google Alerts, YouTube, YouTube AU",2026-05-20
2026-06-26,review,word,15,16,"Google Alerts, YouTube, YouTube AU",2024-08-12
2026-06-26,fluoride toothpaste,phrase,15,16,"Google Alerts, YouTube",2026-05-10
2026-06-26,ytshorts,word,15,16,YouTube,2026-06-14
2026-06-26,hospital,word,15,16,"Google Alerts, YouTube, YouTube AU",2026-05-14
2026-06-26,treatment,word,15,15,"Google Alerts, Reddit, YouTube",2022-05-23
2026-06-26,season,word,14,21,"Google Alerts, YouTube, YouTube AU",2026-05-01
2026-06-26,stop,word,14,16,"Google Alerts, YouTube, YouTube AU",2015-12-25
2026-06-26,disease,word,14,15,"Google Alerts, Reddit, YouTube",2023-06-24
2026-06-26,doctor,word,14,15,"Google Alerts, Reddit, YouTube",2025-08-10
2026-06-26,teeth,word,14,14,"Google Alerts, YouTube, YouTube AU",2026-05-08
2026-06-26,immunisation,word,13,21,"Google Alerts, YouTube",2026-06-12
2026-06-26,big,word,13,18,"Google Alerts, Reddit, YouTube, YouTube AU",2020-03-23
2026-06-26,measles,word,13,17,"Google Alerts, YouTube, YouTube AU",2026-06-07
2026-06-26,newborn,word,13,16,YouTube,2026-06-14
2026-06-26,could,word,13,15,"Google Alerts, Reddit, YouTube, YouTube AU",2022-05-23
2026-06-26,public,word,13,14,"Google Alerts, YouTube, YouTube AU",2022-10-08
2026-06-26,science,word,13,14,"Google Alerts, YouTube",2025-12-13
2026-06-26,child,word,13,13,"Reddit, YouTube",2025-12-11
2026-06-26,drinking,word,13,13,"YouTube, YouTube AU",2012-08-04
2026-06-26,hidden,word,13,13,"Google Alerts, YouTube",2026-04-28
2026-06-26,alternative,word,13,13,"Google Alerts, YouTube",2009-09-02
2026-06-26,youtube,word,12,22,"YouTube, YouTube AU",2026-06-14
2026-06-26,case,word,12,18,"Google Alerts, Reddit, YouTube, YouTube AU",2015-02-24
2026-06-26,may,word,12,16,"Google Alerts, Reddit, YouTube, YouTube AU",2025-05-01
2026-06-26,cutebaby,word,12,14,YouTube,2026-06-13
2026-06-26,better,word,12,13,"Google Alerts, YouTube",2021-12-12
2026-06-26,love,word,12,13,YouTube,2025-06-29
2026-06-26,protection,word,12,13,"Google Alerts, YouTube",2026-05-25
2026-06-26,video,word,12,13,"Google Alerts, YouTube, YouTube AU",2018-01-24
2026-06-26,safe,word,12,13,"YouTube, YouTube AU",2024-06-17
2026-06-26,explained,word,12,12,"Google Alerts, YouTube, YouTube AU",2024-09-01
2026-06-26,lies,word,12,12,"YouTube, YouTube AU",2022-12-05
2026-06-26,pharmacy,word,11,24,"Google Alerts, YouTube",2025-05-02
2026-06-26,injection,word,11,23,"Google Alerts, YouTube",2026-06-12
2026-06-26,bird,word,11,20,Google Alerts,2026-06-20
2026-06-26,july,word,11,17,"Google Alerts, Reddit",2022-07-05
2026-06-26,mrna,word,11,15,"Google Alerts, Reddit, YouTube",2021-06-22
2026-06-26,today,word,11,15,"Google Alerts, YouTube, YouTube AU",2015-12-25
2026-06-26,supply,word,11,14,"Google Alerts, YouTube, YouTube AU",2013-02-23
2026-06-26,pandemic,word,11,14,"Google Alerts, Reddit, YouTube",2023-09-22
2026-06-26,june,word,11,14,"Google Alerts, YouTube",2026-06-12
2026-06-26,shows,word,11,13,"Google Alerts, Reddit, YouTube",2022-04-05
2026-06-26,tap,word,11,12,"Google Alerts, YouTube",2024-04-19
2026-06-26,fluoride-free toothpaste,phrase,11,12,"Google Alerts, YouTube",2026-06-16
2026-06-26,vlog,word,11,11,"YouTube, YouTube AU",2026-05-30
2026-06-26,drinking water,phrase,11,11,"YouTube, YouTube AU",2012-08-04
2026-06-26,bird flu,phrase,10,19,Google Alerts,2026-06-20
2026-06-26,type,word,10,16,YouTube,2026-06-13
2026-06-26,beat,word,10,16,YouTube,2026-06-13
2026-06-26,type beat,phrase,10,16,YouTube,2026-06-13
2026-06-26,part,word,10,15,"Google Alerts, Reddit, YouTube, YouTube AU",2011-05-05
2026-06-26,toxic,word,10,13,"YouTube, YouTube AU",2020-11-18
2026-06-26,hepatitis,word,10,13,"Google Alerts, Reddit, YouTube",2022-04-26
2026-06-26,research,word,10,13,"Google Alerts, YouTube",2026-06-12
2026-06-26,protect,word,10,13,"Google Alerts, YouTube",2025-06-29
2026-06-26,free toothpaste,phrase,10,13,"Google Alerts, YouTube, YouTube AU",2022-12-21
2026-06-26,vaccinated,word,10,13,"Google Alerts, YouTube, YouTube AU",2026-05-01
2026-06-26,shot,word,10,12,"Google Alerts, YouTube",2013-09-19
2026-06-26,government,word,10,12,"Google Alerts, Reddit, YouTube, YouTube AU",2019-03-25
2026-06-26,tap water,phrase,10,11,YouTube,2024-04-19
2026-06-26,month,word,10,11,"Google Alerts, YouTube, YouTube AU",2022-01-02
2026-06-26,fda,word,10,11,"Google Alerts, Reddit, YouTube",2025-06-03
2026-06-26,south,word,10,11,"Google Alerts, Reddit, YouTube AU",2022-01-02
2026-06-26,actually,word,10,10,YouTube,2025-03-02
2026-06-26,youtubeshorts,word,10,10,YouTube,2026-06-13
2026-06-26,minivlog,word,10,10,YouTube,2026-06-13
2026-06-26,rates,word,10,10,"Google Alerts, YouTube, YouTube AU",2026-04-26
2026-06-26,queensland,word,10,10,"Google Alerts, Reddit, YouTube AU",2014-12-05
2026-06-26,australia's,word,10,10,"Google Alerts, YouTube AU",2016-02-29
2026-06-26,pneumococcal,word,9,17,"Google Alerts, YouTube",2026-06-14
2026-06-26,vaccination program,phrase,9,16,"Google Alerts, Reddit, YouTube, YouTube AU",2022-05-23
2026-06-26,western,word,9,13,"Google Alerts, YouTube, YouTube AU",2013-02-12
2026-06-26,flu season,phrase,9,13,"Google Alerts, YouTube AU",2026-05-01
2026-06-26,water supply,phrase,9,12,"Google Alerts, YouTube, YouTube AU",2013-02-23
2026-06-26,community,word,9,11,"Google Alerts, YouTube, YouTube AU",2026-06-12
2026-06-26,year,word,9,11,"Google Alerts, YouTube",2026-05-08
2026-06-26,done,word,9,11,"Reddit, YouTube",2025-05-16
2026-06-26,healthcare,word,9,11,"Google Alerts, YouTube",2026-04-14
2026-06-26,clinic,word,9,11,"Google Alerts, YouTube",2026-06-14
2026-06-26,adults,word,9,11,"Google Alerts, Reddit, YouTube, YouTube AU",2022-04-08
2026-06-26,remove,word,9,10,"Google Alerts, YouTube, YouTube AU",2013-02-23
2026-06-26,remove fluoride,phrase,9,10,"Google Alerts, YouTube, YouTube AU",2013-02-23
2026-06-26,use,word,9,10,"Google Alerts, YouTube",2025-10-06
2026-06-26,council,word,9,10,"Google Alerts, YouTube, YouTube AU",2011-05-05
2026-06-26,shortvideo,word,9,10,YouTube,2026-06-13
2026-06-26,cute,word,9,10,YouTube,2026-06-13
2026-06-26,prevention,word,9,10,"Google Alerts, YouTube",2026-06-13
2026-06-26,hydroxyapatite,word,9,10,YouTube,2026-06-13
2026-06-26,covid vaccines,phrase,9,9,"Google Alerts, Reddit, YouTube",2022-04-01
2026-06-26,debate,word,9,9,"Google Alerts, YouTube, YouTube AU",2024-10-12
2026-06-26,shocking,word,9,9,YouTube,2024-08-27
2026-06-26,women,word,9,9,"Google Alerts, YouTube",2026-06-13
2026-06-26,healthy,word,9,9,"Google Alerts, YouTube",2013-05-07
2026-06-26,prevent,word,9,9,"Google Alerts, YouTube",2026-06-14
2026-06-26,shingles,word,9,9,"Google Alerts, YouTube, YouTube AU",2026-04-29
2026-06-26,cavities,word,9,9,YouTube,2026-06-16
2026-06-26,need,word,9,9,"Google Alerts, YouTube, YouTube AU",2024-11-10
2026-06-26,melbourne,word,8,16,"Google Alerts, Reddit, YouTube AU",2025-08-10
2026-06-26,update,word,8,14,"Google Alerts, YouTube",2026-06-11
2026-06-26,immunization,word,8,13,"Google Alerts, YouTube",2026-06-17
2026-06-26,virus,word,8,12,"Google Alerts, YouTube",2026-06-12
2026-06-26,nsw,word,8,12,"Google Alerts, YouTube AU",2026-05-27
2026-06-26,risks,word,8,11,"Google Alerts, YouTube, YouTube AU",2024-11-04
2026-06-26,dengue,word,8,11,"Google Alerts, YouTube",2026-06-15
2026-06-26,cases,word,8,11,"Google Alerts, YouTube AU",2026-05-20
2026-06-26,respiratory,word,8,11,Google Alerts,2026-06-16
2026-06-26,years,word,8,10,"Google Alerts, Reddit, YouTube",2025-05-18
2026-06-26,bcg,word,8,10,YouTube,2026-06-14
2026-06-26,house,word,8,10,"Google Alerts, YouTube, YouTube AU",2017-02-28
2026-06-26,another,word,8,10,"Google Alerts, Reddit, YouTube",2021-09-12
2026-06-26,what's,word,8,9,"Google Alerts, YouTube, YouTube AU",2025-04-13
2026-06-26,waste,word,8,9,"YouTube, YouTube AU",2012-08-04
2026-06-26,body,word,8,9,"Google Alerts, YouTube",2026-05-13
2026-06-26,system,word,8,9,"Google Alerts, YouTube, YouTube AU",2022-10-08
2026-06-26,time,word,8,9,"Google Alerts, YouTube",2026-06-12
2026-06-26,it's,word,8,9,"Google Alerts, YouTube",2025-06-29
2026-06-26,dthshow,word,8,9,YouTube,2026-06-17
2026-06-26,works,word,8,8,"Google Alerts, YouTube",2022-01-10
2026-06-26,really,word,8,8,"YouTube, YouTube AU",2024-06-17
2026-06-26,never,word,8,8,YouTube,2026-04-14
2026-06-26,rabies,word,8,8,YouTube,2022-09-25
2026-06-26,rfk,word,8,8,"Google Alerts, YouTube, YouTube AU",2025-04-25
2026-06-26,dental,word,8,8,"Google Alerts, YouTube",2025-05-02
2026-06-26,important,word,8,8,"Google Alerts, YouTube",2026-06-13
2026-06-26,big pharma,phrase,8,8,"Reddit, YouTube, YouTube AU",2020-03-23
2026-06-26,mandate,word,8,8,"Google Alerts, Reddit, YouTube",2023-09-22
2026-06-26,shingles vaccine,phrase,8,8,"Google Alerts, YouTube, YouTube AU",2026-06-15
2026-06-26,warning,word,8,8,"Google Alerts, YouTube AU",2026-06-11
2026-06-26,national,word,7,30,"Google Alerts, YouTube, YouTube AU",2026-04-26
2026-06-26,daily,word,7,12,"Google Alerts, YouTube, YouTube AU",2026-04-27
2026-06-26,global,word,7,11,"Google Alerts, YouTube, YouTube AU",2026-06-14
2026-06-26,alert,word,7,11,Google Alerts,2026-06-18
2026-06-26,doctors,word,7,9,"Google Alerts, Reddit, YouTube",2021-10-02
2026-06-26,covid vaccination,phrase,7,9,"Google Alerts, Reddit, YouTube",2021-06-29
2026-06-26,nano,word,7,9,"YouTube, YouTube AU",2026-05-14
2026-06-26,getting,word,7,9,"Google Alerts, Reddit, YouTube, YouTube AU",2021-09-12
2026-06-26,get vaccinated,phrase,7,9,"Google Alerts, YouTube, YouTube AU",2026-05-01
2026-06-26,here's,word,7,8,"Google Alerts, YouTube",2026-04-27
2026-06-26,made,word,7,8,YouTube,2012-08-04
2026-06-26,song,word,7,8,YouTube,2025-11-29
2026-06-26,viralvideo,word,7,8,YouTube,2026-06-13
2026-06-26,future,word,7,8,"Google Alerts, YouTube",2026-06-05
2026-06-26,cdc,word,7,8,"Google Alerts, YouTube",2022-01-22
2026-06-26,give,word,7,8,"Google Alerts, Reddit, YouTube",2020-03-13
2026-06-26,you're,word,7,8,"Google Alerts, YouTube",2026-06-08
2026-06-26,got,word,7,8,"YouTube, YouTube AU",2026-06-16
2026-06-26,dthshow youtube,phrase,7,8,YouTube,2026-06-17
2026-06-26,extended,word,7,8,"Google Alerts, YouTube",2026-06-21
2026-06-26,rsv vaccination,phrase,7,8,Google Alerts,2026-06-12
2026-06-26,vaccine deaths,phrase,7,7,"YouTube, YouTube AU",2021-01-17
2026-06-26,short,word,7,7,"YouTube, YouTube AU",2020-04-10
2026-06-26,removes,word,7,7,"Google Alerts, YouTube, YouTube AU",2024-06-03
2026-06-26,smile,word,7,7,YouTube,2026-05-14
2026-06-26,public health,phrase,7,7,"Google Alerts, YouTube, YouTube AU",2024-03-22
2026-06-26,city,word,7,7,"Google Alerts, YouTube, YouTube AU",2011-05-05
2026-06-26,every,word,7,7,"Google Alerts, YouTube",2026-06-14
2026-06-26,alternative vaccine,phrase,7,7,YouTube,2009-09-02
2026-06-26,think,word,7,7,YouTube,2026-06-11
2026-06-26,cover,word,7,7,"Google Alerts, YouTube",2026-06-12
2026-06-26,whitening,word,7,7,"Google Alerts, YouTube",2026-06-12
2026-06-26,guide,word,7,7,"Google Alerts, YouTube, YouTube AU",2026-06-14
2026-06-26,baby vaccination,phrase,7,7,YouTube,2026-06-13
2026-06-26,rollout,word,7,7,"Google Alerts, YouTube, YouTube AU",2022-10-12
2026-06-26,dangerous,word,7,7,"Google Alerts, Reddit, YouTube, YouTube AU",2024-04-25
2026-06-26,vaccine mandate,phrase,7,7,"Google Alerts, YouTube",2026-06-14
2026-06-26,dementia,word,7,7,"Google Alerts, YouTube, YouTube AU",2026-04-29
2026-06-26,still,word,7,7,"Google Alerts, YouTube, YouTube AU",2017-03-08
2026-06-26,lives,word,7,7,"Google Alerts, Reddit, YouTube, YouTube AU",2022-05-23
2026-06-26,shortsfeed,word,6,31,YouTube,2026-06-13
2026-06-26,goat,word,6,20,YouTube,2026-06-13
2026-06-26,cat,word,6,9,"Google Alerts, YouTube",2026-06-15
2026-06-26,fyp,word,6,9,YouTube,2026-06-16
2026-06-26,viruses,word,6,9,"Google Alerts, YouTube",2026-06-17
2026-06-26,farming,word,6,8,"Reddit, YouTube",2025-05-19
2026-06-26,says,word,6,8,"Google Alerts, YouTube",2025-12-11
2026-06-26,stronger,word,6,8,"Google Alerts, YouTube",2022-01-22
2026-06-26,boost,word,6,8,Google Alerts,2026-06-11
2026-06-26,local,word,6,8,Google Alerts,2026-06-12
2026-06-26,primary,word,6,8,Google Alerts,2026-06-12
2026-06-26,travel,word,6,8,Google Alerts,2026-06-14
2026-06-26,flu shot,phrase,6,8,Google Alerts,2026-06-15
2026-06-26,mpox,word,6,8,Google Alerts,2026-06-16
2026-06-26,history,word,6,7,"Google Alerts, YouTube",2013-12-14
2026-06-26,young,word,6,7,"Google Alerts, YouTube",2026-05-12
2026-06-26,reveals,word,6,7,"Google Alerts, YouTube",2026-04-08
2026-06-26,sparks,word,6,7,"Google Alerts, YouTube, YouTube AU",2025-10-09
2026-06-26,back,word,6,7,"Google Alerts, YouTube, YouTube AU",2014-12-05
2026-06-26,third,word,6,7,"Google Alerts, YouTube",2026-05-09
2026-06-26,don't,word,6,7,"Google Alerts, YouTube, YouTube AU",2019-03-25
2026-06-26,university,word,6,7,"Google Alerts, YouTube, YouTube AU",2026-04-01
2026-06-26,high,word,6,7,"Google Alerts, Reddit, YouTube",2022-11-04
2026-06-26,helps,word,6,7,"Google Alerts, YouTube",2026-06-14
2026-06-26,next,word,6,7,"Google Alerts, YouTube",2026-06-15
2026-06-26,finds,word,6,7,"Google Alerts, YouTube",2026-06-13
2026-06-26,study finds,phrase,6,7,"Google Alerts, YouTube",2026-06-13
2026-06-26,help,word,6,7,"Google Alerts, Reddit, YouTube",2026-01-22
2026-06-26,deadly,word,6,7,"Google Alerts, Reddit, YouTube",2024-04-29
2026-06-26,please,word,6,7,"Reddit, YouTube, YouTube AU",2021-06-25
2026-06-26,aged,word,6,7,"Google Alerts, YouTube AU",2022-04-06
2026-06-26,stock,word,6,7,Google Alerts,2026-06-17
2026-06-26,late,word,6,7,Google Alerts,2026-06-22
2026-06-26,removes fluoride,phrase,6,6,"YouTube, YouTube AU",2024-06-03
2026-06-26,top,word,6,6,"Google Alerts, YouTube, YouTube AU",2021-09-01
2026-06-26,best fluoride,phrase,6,6,"YouTube, YouTube AU",2023-12-25
2026-06-26,filters,word,6,6,"YouTube, YouTube AU",2024-08-12
2026-06-26,industrial,word,6,6,"YouTube, YouTube AU",2016-03-12
2026-06-26,dangers,word,6,6,YouTube,2011-12-04
2026-06-26,dentist,word,6,6,"Google Alerts, YouTube",2025-11-13
2026-06-26,pineal,word,6,6,"YouTube, YouTube AU",2024-07-13
2026-06-26,explains,word,6,6,"Google Alerts, YouTube, YouTube AU",2025-06-06
2026-06-26,brushing,word,6,6,YouTube,2026-06-13
2026-06-26,toothpaste review,phrase,6,6,"YouTube, YouTube AU",2026-02-19
2026-06-26,facts,word,6,6,"Google Alerts, YouTube, YouTube AU",2022-01-22
2026-06-26,reduce,word,6,6,"Google Alerts, Reddit, YouTube",2021-06-22
2026-06-26,dog vaccination,phrase,6,6,YouTube,2026-06-13
2026-06-26,pregnant,word,6,6,"Google Alerts, YouTube",2026-06-13
2026-06-26,parents,word,6,6,"Google Alerts, Reddit, YouTube",2026-05-13
2026-06-26,vaccine lies,phrase,6,6,YouTube,2025-10-11
2026-06-26,effective,word,6,6,"Google Alerts, YouTube",2022-01-27
2026-06-26,mmr,word,6,6,"Google Alerts, YouTube",2025-10-11
2026-06-26,makes,word,6,6,"Google Alerts, YouTube, YouTube AU",2025-12-31
2026-06-26,report,word,6,6,"Google Alerts, YouTube, YouTube AU",2015-12-25
2026-06-26,puppy,word,6,6,YouTube,2026-06-14
2026-06-26,advice,word,6,6,"Google Alerts, Reddit, YouTube",2022-04-11
2026-06-26,controversy,word,6,6,"YouTube, YouTube AU",2025-10-09
2026-06-26,right,word,6,6,"YouTube, YouTube AU",2019-11-07
2026-06-26,military,word,6,6,"Google Alerts, Reddit, YouTube",2026-03-07
2026-06-26,early,word,6,6,"Google Alerts, Reddit, YouTube",2022-05-23
2026-06-26,nations,word,6,6,Google Alerts,2026-06-14
2026-06-26,first nations,phrase,6,6,Google Alerts,2026-06-14
2026-06-26,winter vaccinations,phrase,6,6,Google Alerts,2026-06-22
2026-06-26,weekly,word,5,13,"Google Alerts, Reddit",2025-11-15
2026-06-26,education,word,5,12,"Google Alerts, YouTube",2026-06-18
2026-06-26,slowed,word,5,11,YouTube,2026-06-13
2026-06-26,times,word,5,10,Google Alerts,2026-06-16
2026-06-26,long,word,5,9,"Google Alerts, Reddit, YouTube",2020-03-25
2026-06-26,incelcore,word,5,9,YouTube,2026-06-13
2026-06-26,vet,word,5,9,"Google Alerts, YouTube",2026-06-14
2026-06-26,receive,word,5,8,"Google Alerts, YouTube",2026-06-14
2026-06-26,punk,word,5,7,YouTube,2026-06-13
2026-06-26,rock,word,5,7,YouTube,2026-06-13
2026-06-26,almost,word,5,7,"Google Alerts, YouTube",2026-06-13
2026-06-26,whole,word,5,7,"Google Alerts, YouTube, YouTube AU",2016-06-22
2026-06-26,cow,word,5,7,"Reddit, YouTube",2025-05-18
2026-06-26,flu outbreak,phrase,5,7,"Google Alerts, YouTube",2026-06-20
2026-06-26,victoria,word,5,7,Google Alerts,2026-06-15
2026-06-26,sydney,word,5,7,Google Alerts,2026-06-15
2026-06-26,chlorine,word,5,6,"Google Alerts, YouTube",2026-04-07
2026-06-26,court,word,5,6,"Reddit, YouTube, YouTube AU",2022-07-05
2026-06-26,colgate,word,5,6,"Google Alerts, YouTube",2026-06-13
2026-06-26,new vaccine,phrase,5,6,"Google Alerts, YouTube",2026-06-14
2026-06-26,shots,word,5,6,"Google Alerts, YouTube",2025-12-11
2026-06-26,smart,word,5,6,"Google Alerts, YouTube",2025-06-29
2026-06-26,benefits,word,5,6,"Google Alerts, YouTube, YouTube AU",2026-04-22
2026-06-26,pneumococcal vaccination,phrase,5,6,"Google Alerts, YouTube",2026-06-14
2026-06-26,world's,word,5,6,"Google Alerts, YouTube",2026-06-14
2026-06-26,bcg vaccine,phrase,5,6,YouTube,2026-06-14
2026-06-26,sick,word,5,6,"Google Alerts, YouTube",2026-06-14
2026-06-26,influenza vaccine,phrase,5,6,"Google Alerts, YouTube",2026-06-11
2026-06-26,baby vaccine,phrase,5,6,YouTube,2026-06-13
2026-06-26,nano hydroxyapatite,phrase,5,6,YouTube,2026-06-15
2026-06-26,dengue vaccine,phrase,5,6,YouTube,2026-06-15
2026-06-26,rise,word,5,6,"Google Alerts, YouTube",2026-06-12
2026-06-26,fight,word,5,6,"Google Alerts, YouTube, YouTube AU",2026-06-15
2026-06-26,livestock,word,5,6,"Google Alerts, YouTube",2026-06-12
2026-06-26,covid flu,phrase,5,6,"Google Alerts, YouTube",2026-06-18
2026-06-26,nasal,word,5,6,"Google Alerts, YouTube, YouTube AU",2026-05-27
2026-06-26,natural toothpaste,phrase,5,6,"Google Alerts, YouTube, YouTube AU",2018-10-13
2026-06-26,adult,word,5,6,"Google Alerts, Reddit, YouTube",2025-12-11
2026-06-26,coast,word,5,6,"Google Alerts, Reddit, YouTube AU",2013-02-23
2026-06-26,north,word,5,6,"Google Alerts, Reddit",2022-01-23
2026-06-26,south australia,phrase,5,6,"Google Alerts, Reddit",2024-04-15
2026-06-26,online,word,5,6,Google Alerts,2026-06-12
2026-06-26,amid,word,5,6,Google Alerts,2026-06-13
2026-06-26,warns,word,5,6,Google Alerts,2026-06-13
2026-06-26,diseases,word,5,6,Google Alerts,2026-06-16
2026-06-26,pfizer,word,5,5,"Reddit, YouTube, YouTube AU",2021-01-17
2026-06-26,vax,word,5,5,"Reddit, YouTube",2022-04-05
2026-06-26,exposed,word,5,5,"YouTube, YouTube AU",2026-03-06
2026-06-26,annual,word,5,5,"Google Alerts, YouTube",2026-06-13
2026-06-26,schedules,word,5,5,YouTube,2013-09-19
2026-06-26,without,word,5,5,"Google Alerts, YouTube, YouTube AU",2022-09-25
2026-06-26,gland,word,5,5,"YouTube, YouTube AU",2024-07-13
2026-06-26,pineal gland,phrase,5,5,"YouTube, YouTube AU",2024-07-13
2026-06-26,real,word,5,5,"Google Alerts, YouTube",2026-05-10
2026-06-26,rtbrkr,word,5,5,YouTube,2026-06-13
2026-06-26,systems,word,5,5,"Google Alerts, YouTube",2026-06-10
2026-06-26,tooth,word,5,5,YouTube,2026-06-13
2026-06-26,concerns,word,5,5,"Google Alerts, YouTube",2024-11-10
2026-06-26,fluoride drinking,phrase,5,5,YouTube,2024-11-10
2026-06-26,world,word,5,5,"Google Alerts, YouTube",2011-12-04
2026-06-26,effects,word,5,5,"YouTube, YouTube AU",2011-12-04
2026-06-26,results,word,5,5,"Google Alerts, YouTube, YouTube AU",2022-12-21
2026-06-26,pet,word,5,5,"Google Alerts, YouTube",2026-05-29
2026-06-26,podcast,word,5,5,"Google Alerts, YouTube",2025-02-13
2026-06-26,lied,word,5,5,"YouTube, YouTube AU",2020-09-07
2026-06-26,lie,word,5,5,YouTube,2025-11-13
2026-06-26,way,word,5,5,"Google Alerts, YouTube",2012-08-04
2026-06-26,human,word,5,5,"Google Alerts, YouTube",2026-06-14
2026-06-26,role,word,5,5,"Google Alerts, YouTube",2025-05-02
2026-06-26,pregnancy,word,5,5,"Google Alerts, YouTube",2026-06-13
2026-06-26,would,word,5,5,"Google Alerts, YouTube, YouTube AU",2025-01-12
2026-06-26,visit,word,5,5,"Google Alerts, YouTube",2026-06-14
2026-06-26,save,word,5,5,"Google Alerts, YouTube",2026-06-15
2026-06-26,cattle,word,5,5,"Google Alerts, YouTube",2026-06-14
2026-06-26,want,word,5,5,"YouTube, YouTube AU",2019-03-25
2026-06-26,heart,word,5,5,"Google Alerts, Reddit, YouTube, YouTube AU",2025-08-10
2026-06-26,enamel,word,5,5,"Google Alerts, YouTube",2026-06-18
2026-06-26,start,word,5,5,"Google Alerts, YouTube",2026-06-11
2026-06-26,silver,word,5,5,"Google Alerts, YouTube",2026-06-13
2026-06-26,side,word,5,5,"Reddit, YouTube, YouTube AU",2024-04-29
2026-06-26,drops,word,5,5,"Google Alerts, YouTube",2026-06-20
2026-06-26,work,word,5,5,"Google Alerts, YouTube, YouTube AU",2026-03-02
2026-06-26,vaccine study,phrase,5,5,"YouTube, YouTube AU",2026-06-07
2026-06-26,funded,word,5,5,"Google Alerts, Reddit, YouTube",2026-02-04
2026-06-26,network,word,5,5,"Google Alerts, Reddit",2022-07-05
2026-06-26,weight-loss,word,5,5,Google Alerts,2026-06-11
2026-06-26,centre,word,4,13,Google Alerts,2026-06-12
2026-06-26,paul,word,4,12,"YouTube, YouTube AU",2013-02-12
2026-06-26,connett,word,4,11,"YouTube, YouTube AU",2013-02-12
2026-06-26,paul connett,phrase,4,11,"YouTube, YouTube AU",2013-02-12
2026-06-26,department,word,4,10,"Google Alerts, Reddit",2022-07-05
2026-06-26,com,word,4,9,"Google Alerts, YouTube",2026-06-11
2026-06-26,base,word,4,8,"Google Alerts, YouTube",2026-06-20
2026-06-26,november,word,4,7,"Google Alerts, Reddit, YouTube",2022-11-04
2026-06-26,recommended,word,4,7,"Google Alerts, YouTube",2026-06-13
2026-06-26,problem,word,4,7,"Google Alerts, YouTube",2026-06-19
2026-06-26,changes,word,4,7,"Google Alerts, YouTube",2026-06-16
2026-06-26,herald,word,4,7,"Google Alerts, YouTube AU",2023-12-13
2026-06-26,star,word,4,7,Google Alerts,2026-06-12
2026-06-26,star weekly,phrase,4,7,Google Alerts,2026-06-12
2026-06-26,influenza vaccination,phrase,4,7,Google Alerts,2026-06-16
2026-06-26,hepatitis vaccine,phrase,4,6,"Google Alerts, YouTube",2026-06-13
2026-06-26,punk rock,phrase,4,6,YouTube,2026-06-13
2026-06-26,rock type,phrase,4,6,YouTube,2026-06-13
2026-06-26,nurse,word,4,6,"Google Alerts, YouTube",2026-06-14
2026-06-26,farm,word,4,6,YouTube,2026-06-14
2026-06-26,momlife,word,4,6,YouTube,2026-06-16
2026-06-26,loss,word,4,6,"Google Alerts, YouTube",2026-05-16
2026-06-26,flu vaccines,phrase,4,6,"Google Alerts, YouTube",2026-06-18
2026-06-26,hub,word,4,6,"Google Alerts, YouTube",2026-06-12
2026-06-26,winter health,phrase,4,6,Google Alerts,2026-06-12
2026-06-26,manufacturing,word,4,6,Google Alerts,2026-06-15
2026-06-26,respiratory viruses,phrase,4,6,Google Alerts,2026-06-17
2026-06-26,free influenza,phrase,4,6,Google Alerts,2026-06-22
2026-06-26,fertilizer,word,4,5,YouTube,2025-04-24
2026-06-26,toxic byproduct,phrase,4,5,YouTube,2024-08-27
2026-06-26,expert,word,4,5,"Google Alerts, YouTube",2026-05-15
2026-06-26,watch,word,4,5,"Google Alerts, YouTube, YouTube AU",2024-06-29
2026-06-26,check,word,4,5,"Google Alerts, YouTube",2026-06-13
2026-06-26,birth,word,4,5,YouTube,2026-03-05
2026-06-26,newbornbaby,word,4,5,YouTube,2026-06-13
2026-06-26,response,word,4,5,"Google Alerts, YouTube",2021-05-27
2026-06-26,ended,word,4,5,"Google Alerts, YouTube",2025-02-11
2026-06-26,learn,word,4,5,"Google Alerts, YouTube",2026-05-01
2026-06-26,vaccination shorts,phrase,4,5,YouTube,2026-06-13
2026-06-26,inside,word,4,5,"Google Alerts, YouTube, YouTube AU",2024-06-29
2026-06-26,meningitis,word,4,5,"Google Alerts, YouTube",2026-06-12
2026-06-26,story,word,4,5,"Google Alerts, YouTube, YouTube AU",2024-06-29
2026-06-26,china,word,4,5,"Google Alerts, YouTube, YouTube AU",2021-01-18
2026-06-26,make,word,4,5,"Google Alerts, YouTube",2026-06-12
2026-06-26,second,word,4,5,"Google Alerts, YouTube, YouTube AU",2013-02-12
2026-06-26,level,word,4,5,"Google Alerts, YouTube",2026-06-16
2026-06-26,vaccination done,phrase,4,5,YouTube,2026-06-16
2026-06-26,newborn baby,phrase,4,5,YouTube,2026-06-16
2026-06-26,current,word,4,5,"Google Alerts, YouTube, YouTube AU",2026-04-29
2026-06-26,protecting,word,4,5,"Google Alerts, YouTube",2026-06-19
2026-06-26,hegseth,word,4,5,YouTube,2026-06-19
2026-06-26,major,word,4,5,"Google Alerts, YouTube, YouTube AU",2023-12-13
2026-06-26,childhood,word,4,5,"Google Alerts, YouTube, YouTube AU",2026-06-12
2026-06-26,cancer deaths,phrase,4,5,"Google Alerts, YouTube",2026-06-18
2026-06-26,spray,word,4,5,"Google Alerts, YouTube, YouTube AU",2026-05-27
2026-06-26,nasal spray,phrase,4,5,"Google Alerts, YouTube, YouTube AU",2026-05-27
2026-06-26,moderna,word,4,5,"Google Alerts, YouTube, YouTube AU",2026-06-17
2026-06-26,professional,word,4,5,"Google Alerts, Reddit, YouTube, YouTube AU",2026-04-05
2026-06-26,book,word,4,5,"Google Alerts, YouTube",2026-06-12
2026-06-26,humans,word,4,5,"Google Alerts, YouTube",2026-06-22
2026-06-26,post,word,4,5,"Google Alerts, YouTube",2026-06-17
2026-06-26,newborn vaccination,phrase,4,5,YouTube,2026-06-24
2026-06-26,outbreaks,word,4,5,"Google Alerts, YouTube AU",2026-06-12
2026-06-26,perth,word,4,5,"Google Alerts, Reddit, YouTube AU",2013-02-12
2026-06-26,australians,word,4,5,"Google Alerts, YouTube AU",2019-03-25
2026-06-26,using,word,4,5,"Google Alerts, Reddit, YouTube AU",2015-12-25
2026-06-26,influenza vaccines,phrase,4,5,"Google Alerts, YouTube AU",2026-06-24
2026-06-26,urges,word,4,5,"Google Alerts, Reddit",2022-12-02
2026-06-26,policy,word,4,5,Google Alerts,2026-06-12
2026-06-26,slow,word,4,5,Google Alerts,2026-06-11
2026-06-26,congo,word,4,5,Google Alerts,2026-06-15
2026-06-26,removal,word,4,4,"YouTube, YouTube AU",2011-02-10
2026-06-26,fluoride removal,phrase,4,4,"YouTube, YouTube AU",2011-02-10
2026-06-26,latest,word,4,4,"Google Alerts, YouTube",2022-04-05
2026-06-26,strategy,word,4,4,"Google Alerts, YouTube",2022-02-28
2026-06-26,added,word,4,4,"YouTube, YouTube AU",2020-11-18
2026-06-26,safety,word,4,4,"Reddit, YouTube",2022-05-23
2026-06-26,fluoride tap,phrase,4,4,YouTube,2024-04-19
2026-06-26,trust,word,4,4,"Google Alerts, YouTube",2025-12-09
2026-06-26,shower,word,4,4,"Google Alerts, YouTube",2026-04-19
2026-06-26,shower filter,phrase,4,4,"Google Alerts, YouTube",2026-04-19
2026-06-26,industrial byproduct,phrase,4,4,YouTube,2016-03-12
2026-06-26,worth,word,4,4,"YouTube, YouTube AU",2026-05-14
2026-06-26,question,word,4,4,YouTube,2026-01-12
2026-06-26,pets,word,4,4,YouTube,2026-06-14
2026-06-26,oral,word,4,4,"Google Alerts, YouTube",2026-06-08
2026-06-26,vaccine schedules,phrase,4,4,YouTube,2013-09-19
2026-06-26,mccullough,word,4,4,YouTube,2026-03-24
2026-06-26,cause,word,4,4,"Google Alerts, YouTube",2026-04-08
2026-06-26,shocking vaccine,phrase,4,4,YouTube,2026-01-15
2026-06-26,immune,word,4,4,"Google Alerts, YouTube",2025-12-13
2026-06-26,federal,word,4,4,"Reddit, YouTube, YouTube AU",2022-07-05
2026-06-26,quality,word,4,4,"Google Alerts, YouTube",2026-06-13
2026-06-26,whitening toothpaste,phrase,4,4,YouTube,2026-06-13
2026-06-26,focus,word,4,4,"Google Alerts, YouTube",2026-06-13
2026-06-26,lead,word,4,4,"Google Alerts, YouTube, YouTube AU",2025-07-31
2026-06-26,shorts trending,phrase,4,4,YouTube,2026-06-13
2026-06-26,importance,word,4,4,"Google Alerts, YouTube",2026-06-13
2026-06-26,vaccination viral,phrase,4,4,YouTube,2026-06-13
2026-06-26,babycare,word,4,4,YouTube,2026-06-13
2026-06-26,vaccine shorts,phrase,4,4,YouTube,2026-06-13
2026-06-26,tetanus,word,4,4,"Google Alerts, YouTube",2026-06-13
2026-06-26,vaccine rollout,phrase,4,4,"Google Alerts, YouTube",2026-06-13
2026-06-26,medicine,word,4,4,"Google Alerts, YouTube",2016-06-22
2026-06-26,mmr vaccine,phrase,4,4,YouTube,2025-10-11
2026-06-26,revealed,word,4,4,"Google Alerts, YouTube, YouTube AU",2026-02-16
2026-06-26,nursing,word,4,4,"Google Alerts, YouTube",2026-06-12
2026-06-26,like,word,4,4,YouTube,2026-06-13
2026-06-26,india,word,4,4,YouTube,2026-06-13
2026-06-26,drop,word,4,4,"Google Alerts, Reddit, YouTube",2024-04-15
2026-06-26,cancer vaccine,phrase,4,4,"Google Alerts, YouTube",2026-06-13
2026-06-26,world's first,phrase,4,4,"Google Alerts, YouTube",2026-06-14
2026-06-26,power,word,4,4,"YouTube, YouTube AU",2024-03-22
2026-06-26,breaking,word,4,4,"Google Alerts, YouTube",2025-12-11
2026-06-26,vaccinate,word,4,4,"Google Alerts, YouTube",2026-06-11
2026-06-26,old,word,4,4,"Google Alerts, YouTube",2026-06-14
2026-06-26,myths,word,4,4,"YouTube, YouTube AU",2026-05-08
2026-06-26,fluoride actually,phrase,4,4,YouTube,2026-06-14
2026-06-26,available,word,4,4,"Reddit, YouTube",2022-01-23
2026-06-26,funny,word,4,4,YouTube,2026-06-14
2026-06-26,machine,word,4,4,"Google Alerts, YouTube, YouTube AU",2026-06-14
2026-06-26,vaccine day,phrase,4,4,YouTube,2026-06-13
2026-06-26,linked,word,4,4,"Google Alerts, YouTube",2026-05-16
2026-06-26,gigi,word,4,4,YouTube,2026-06-14
2026-06-26,shield,word,4,4,"Google Alerts, YouTube",2026-06-15
2026-06-26,days,word,4,4,YouTube,2026-06-15
2026-06-26,moment,word,4,4,YouTube,2026-06-14
2026-06-26,trial,word,4,4,"Google Alerts, YouTube",2026-06-15
2026-06-26,complete,word,4,4,"YouTube, YouTube AU",2026-02-19
2026-06-26,mandatory,word,4,4,"Reddit, YouTube",2021-09-12
2026-06-26,decision,word,4,4,"Google Alerts, Reddit, YouTube",2023-09-22
2026-06-26,leading,word,4,4,"Google Alerts, YouTube",2026-06-15
2026-06-26,forever,word,4,4,"YouTube, YouTube AU",2024-06-03
2026-06-26,end,word,4,4,"Google Alerts, YouTube",2026-06-16
2026-06-26,push,word,4,4,"Google Alerts, YouTube",2022-01-10
2026-06-26,parenting,word,4,4,YouTube,2026-06-17
2026-06-26,catch,word,4,4,"Reddit, YouTube",2026-05-13
2026-06-26,dentalhealth,word,4,4,YouTube,2026-06-16
2026-06-26,effect,word,4,4,"Reddit, YouTube",2024-04-29
2026-06-26,expands,word,4,4,"Google Alerts, YouTube, YouTube AU",2026-05-27
2026-06-26,matters,word,4,4,"Google Alerts, YouTube",2026-06-12
2026-06-26,vaccine injection,phrase,4,4,YouTube,2026-06-18
2026-06-26,nobs,word,4,4,YouTube,2026-06-19
2026-06-26,diamine,word,4,4,"Google Alerts, YouTube",2026-06-13
2026-06-26,silver diamine,phrase,4,4,"Google Alerts, YouTube",2026-06-13
2026-06-26,diamine fluoride,phrase,4,4,"Google Alerts, YouTube",2026-06-13
2026-06-26,experience,word,4,4,"Google Alerts, YouTube, YouTube AU",2022-12-21
2026-06-26,workplace,word,4,4,"Google Alerts, YouTube",2026-06-19
2026-06-26,polio,word,4,4,YouTube,2026-06-19
2026-06-26,worst,word,4,4,"Google Alerts, YouTube, YouTube AU",2026-05-21
2026-06-26,force,word,4,4,YouTube,2026-06-20
2026-06-26,air,word,4,4,YouTube,2026-06-20
2026-06-26,air force,phrase,4,4,YouTube,2026-06-20
2026-06-26,poultry,word,4,4,"Google Alerts, YouTube",2026-06-12
2026-06-26,dogs,word,4,4,YouTube,2026-06-19
2026-06-26,lower,word,4,4,"Google Alerts, YouTube",2026-06-16
2026-06-26,suggests,word,4,4,"Google Alerts, YouTube",2026-06-16
2026-06-26,study suggests,phrase,4,4,"Google Alerts, YouTube",2026-06-16
2026-06-26,saving,word,4,4,"Reddit, YouTube, YouTube AU",2025-05-18
2026-06-26,child's,word,4,4,YouTube,2026-06-21
2026-06-26,home,word,4,4,"YouTube, YouTube AU",2022-10-28
2026-06-26,fluoride treatment,phrase,4,4,YouTube,2026-06-20
2026-06-26,street,word,4,4,"Google Alerts, YouTube",2026-06-21
2026-06-26,episode,word,4,4,"Google Alerts, YouTube, YouTube AU",2025-10-29
2026-06-26,hpv vaccination,phrase,4,4,"Google Alerts, YouTube",2026-06-21
2026-06-26,records,word,4,4,"Google Alerts, YouTube, YouTube AU",2026-05-20
2026-06-26,reels,word,4,4,YouTube,2026-06-23
2026-06-26,since,word,4,4,"Google Alerts, Reddit, YouTube",2021-09-12
2026-06-26,brain,word,4,4,"Google Alerts, YouTube, YouTube AU",2024-12-25
2026-06-26,blood,word,4,4,"Google Alerts, YouTube, YouTube AU",2026-05-30
2026-06-26,australia's water,phrase,4,4,YouTube AU,2016-02-29
2026-06-26,parliament,word,4,4,"Google Alerts, YouTube AU",2017-02-28
2026-06-26,diphtheria outbreak,phrase,4,4,"Google Alerts, YouTube AU",2026-05-21
2026-06-26,vaccine rates,phrase,4,4,"Google Alerts, YouTube AU",2026-04-26
2026-06-26,information,word,4,4,"Google Alerts, YouTube AU",2024-04-30
2026-06-26,seniors,word,4,4,"Google Alerts, YouTube AU",2026-05-19
2026-06-26,gov,word,4,4,"Google Alerts, YouTube AU",2024-01-24
2026-06-26,aged care,phrase,4,4,"Google Alerts, YouTube AU",2022-04-06
2026-06-26,free flu,phrase,4,4,"Google Alerts, YouTube AU",2026-06-11
2026-06-26,nip,word,4,4,"Google Alerts, Reddit",2026-02-04
2026-06-26,symptoms,word,4,4,"Google Alerts, Reddit",2022-07-16
2026-06-26,older,word,4,4,"Google Alerts, Reddit",2025-06-03
2026-06-26,confirmed,word,4,4,Google Alerts,2026-06-11
2026-06-26,peak,word,4,4,Google Alerts,2026-06-12
2026-06-26,fever,word,4,4,Google Alerts,2026-06-12
2026-06-26,west,word,4,4,Google Alerts,2026-06-13
2026-06-26,updates,word,4,4,Google Alerts,2026-06-12
2026-06-26,designed,word,4,4,Google Alerts,2026-06-13
2026-06-26,health network,phrase,4,4,Google Alerts,2026-06-13
2026-06-26,eastern,word,4,4,Google Alerts,2026-06-15
2026-06-26,africa,word,4,4,Google Alerts,2026-06-17
2026-06-26,late get,phrase,4,4,Google Alerts,2026-06-22
2026-06-26,abc,word,3,15,"Google Alerts, YouTube, YouTube AU",2023-11-20
2026-06-26,statistics,word,3,10,"Reddit, YouTube",2025-11-07
2026-06-26,experts,word,3,9,Google Alerts,2026-06-11
2026-06-26,canberra,word,3,8,"Google Alerts, YouTube AU",2024-10-09
2026-06-26,healthed,word,3,8,Google Alerts,2026-06-16
2026-06-26,viral trending,phrase,3,7,YouTube,2026-06-13
2026-06-26,surgery,word,3,7,"Google Alerts, YouTube",2026-06-17
2026-06-26,discovery,word,3,7,"Google Alerts, YouTube",2026-06-20
2026-06-26,presents,word,3,7,"Google Alerts, YouTube, YouTube AU",2015-02-24
2026-06-26,ageing,word,3,7,Google Alerts,2026-06-16
2026-06-26,free fried,phrase,3,6,YouTube,2026-06-16
2026-06-26,buy,word,3,6,"Google Alerts, YouTube",2026-06-13
2026-06-26,phoenix,word,3,6,"Google Alerts, YouTube AU",2024-11-16
2026-06-26,urge,word,3,6,Google Alerts,2026-06-11
2026-06-26,media,word,3,6,Google Alerts,2026-06-12
2026-06-26,professor,word,3,5,"YouTube, YouTube AU",2020-03-19
2026-06-26,injection vaccination,phrase,3,5,YouTube,2026-06-12
2026-06-26,doctors update,phrase,3,5,"Google Alerts, YouTube",2026-06-11
2026-06-26,low,word,3,5,"Google Alerts, Reddit, YouTube",2025-05-19
2026-06-26,starts,word,3,5,"Google Alerts, YouTube",2026-06-16
2026-06-26,vaccine today,phrase,3,5,"Google Alerts, YouTube, YouTube AU",2026-06-12
2026-06-26,whole house,phrase,3,5,"YouTube, YouTube AU",2024-01-17
2026-06-26,immunisation update,phrase,3,5,Google Alerts,2026-06-12
2026-06-26,flumist,word,3,5,Google Alerts,2026-06-15
2026-06-26,backs,word,3,5,Google Alerts,2026-06-15
2026-06-26,mrna manufacturing,phrase,3,5,Google Alerts,2026-06-15
2026-06-26,nsw health,phrase,3,5,Google Alerts,2026-06-16
2026-06-26,version,word,3,4,YouTube,2020-03-25
2026-06-26,presentation,word,3,4,"Reddit, YouTube, YouTube AU",2020-03-25
2026-06-26,fluoride health,phrase,3,4,"YouTube, YouTube AU",2024-11-04
2026-06-26,sodium,word,3,4,YouTube,2026-05-21
2026-06-26,reduction,word,3,4,YouTube,2026-04-17
2026-06-26,fluoride chlorine,phrase,3,4,YouTube,2026-04-07
2026-06-26,baby first,phrase,3,4,YouTube,2026-06-13
2026-06-26,funding,word,3,4,"Google Alerts, YouTube",2026-06-11
2026-06-26,ask,word,3,4,YouTube,2023-02-28
2026-06-26,ruling,word,3,4,"YouTube, YouTube AU",2024-11-04
2026-06-26,fluoride punk,phrase,3,4,YouTube,2026-06-13
2026-06-26,eye,word,3,4,YouTube,2026-05-09
2026-06-26,third eye,phrase,3,4,YouTube,2026-05-09
2026-06-26,wifiskeleton,word,3,4,YouTube,2026-06-13
2026-06-26,chemicals,word,3,4,"YouTube, YouTube AU",2024-06-03
2026-06-26,potential,word,3,4,"Google Alerts, YouTube",2024-11-10
2026-06-26,hesitancy,word,3,4,"Google Alerts, YouTube",2025-02-13
2026-06-26,vaccine hesitancy,phrase,3,4,"Google Alerts, YouTube",2025-02-13
2026-06-26,exposes,word,3,4,"YouTube, YouTube AU",2024-11-04
2026-06-26,pharmaceutical,word,3,4,"Google Alerts, YouTube",2025-12-09
2026-06-26,interview,word,3,4,"Google Alerts, YouTube",2013-05-07
2026-06-26,million,word,3,4,"Google Alerts, YouTube, YouTube AU",2026-06-12
2026-06-26,food,word,3,4,"YouTube, YouTube AU",2026-06-13
2026-06-26,brand,word,3,4,"Google Alerts, YouTube",2026-06-14
2026-06-26,warn,word,3,4,"Google Alerts, YouTube",2026-06-14
2026-06-26,grows,word,3,4,"Google Alerts, YouTube, YouTube AU",2026-05-24
2026-06-26,bcg vaccination,phrase,3,4,YouTube,2026-06-18
2026-06-26,infection,word,3,4,"Google Alerts, YouTube",2026-06-13
2026-06-26,vaccines protecting,phrase,3,4,"Google Alerts, YouTube",2026-06-19
2026-06-26,crying,word,3,4,YouTube,2026-06-19
2026-06-26,recent,word,3,4,"Google Alerts, YouTube, YouTube AU",2024-11-04
2026-06-26,requirement,word,3,4,"Google Alerts, YouTube",2026-06-20
2026-06-26,vaccine requirement,phrase,3,4,"Google Alerts, YouTube",2026-06-20
2026-06-26,conversation,word,3,4,"YouTube, YouTube AU",2026-06-13
2026-06-26,carbon,word,3,4,"Google Alerts, YouTube",2026-06-17
2026-06-26,virus vaccine,phrase,3,4,"Google Alerts, YouTube",2026-06-20
2026-06-26,international,word,3,4,"Google Alerts, YouTube",2026-06-12
2026-06-26,secret,word,3,4,"Google Alerts, YouTube",2026-06-16
2026-06-26,gay,word,3,4,YouTube,2026-06-22
2026-06-26,vaccination part,phrase,3,4,"Google Alerts, YouTube",2026-06-12
2026-06-26,filtration,word,3,4,"Google Alerts, YouTube",2026-06-22
2026-06-26,families,word,3,4,"Google Alerts, YouTube",2026-06-19
2026-06-26,dose,word,3,4,YouTube,2026-06-24
2026-06-26,link,word,3,4,"YouTube, YouTube AU",2021-04-16
2026-06-26,prompts,word,3,4,"Google Alerts, YouTube, YouTube AU",2026-05-21
2026-06-26,cairns,word,3,4,"Google Alerts, YouTube AU",2024-11-10
2026-06-26,business,word,3,4,"Google Alerts, YouTube AU",2018-01-24
2026-06-26,targets,word,3,4,"Google Alerts, YouTube AU",2026-05-28
2026-06-26,gympie,word,3,4,YouTube AU,2025-09-25
2026-06-26,gympie council,phrase,3,4,YouTube AU,2025-09-25
2026-06-26,region,word,3,4,"Google Alerts, YouTube AU",2024-10-12
2026-06-26,find,word,3,4,"Google Alerts, YouTube AU",2026-05-24
2026-06-26,eliminated,word,3,4,"Google Alerts, YouTube AU",2026-06-20
2026-06-26,preclinical,word,3,4,"Google Alerts, YouTube AU",2026-06-11
2026-06-26,huge,word,3,4,"Google Alerts, Reddit",2022-05-26
2026-06-26,numbers,word,3,4,"Google Alerts, Reddit",2022-01-23
2026-06-26,influenza flu,phrase,3,4,Google Alerts,2026-06-12
2026-06-26,two,word,3,4,Google Alerts,2026-06-11
2026-06-26,residents,word,3,4,Google Alerts,2026-06-11
2026-06-26,defence,word,3,4,Google Alerts,2026-06-11
2026-06-26,ahead,word,3,4,Google Alerts,2026-06-12
2026-06-26,urged,word,3,4,Google Alerts,2026-06-13
2026-06-26,boosts,word,3,4,Google Alerts,2026-06-16
2026-06-26,uptake,word,3,4,Google Alerts,2026-06-17
2026-06-26,line,word,3,4,Google Alerts,2026-06-17
2026-06-26,first line,phrase,3,4,Google Alerts,2026-06-17
2026-06-26,webinar,word,3,4,Google Alerts,2026-06-18
2026-06-26,immunise,word,3,4,Google Alerts,2026-06-24
2026-06-26,wise,word,3,4,Google Alerts,2026-06-24
2026-06-26,extended july,phrase,3,4,Google Alerts,2026-06-24
2026-06-26,wise immunise,phrase,3,4,Google Alerts,2026-06-24
2026-06-26,immunise free,phrase,3,4,Google Alerts,2026-06-24
2026-06-26,vaccines extended,phrase,3,4,Google Alerts,2026-06-24
2026-06-26,toxic waste,phrase,3,3,YouTube,2020-11-18
2026-06-26,toxic fluoride,phrase,3,3,YouTube,2022-07-15
2026-06-26,friendly,word,3,3,"YouTube, YouTube AU",2018-10-13
2026-06-26,plan,word,3,3,"Google Alerts, YouTube",2023-08-30
2026-06-26,cannot,word,3,3,YouTube,2026-03-12
2026-06-26,injections,word,3,3,"Google Alerts, YouTube",2026-03-06
2026-06-26,vaers,word,3,3,YouTube,2026-02-16
2026-06-26,sodium fluoride,phrase,3,3,YouTube,2026-05-21
2026-06-26,claims,word,3,3,"YouTube, YouTube AU",2022-12-05
2026-06-26,gets,word,3,3,"Google Alerts, YouTube",2026-05-13
2026-06-26,fluoride debate,phrase,3,3,"YouTube, YouTube AU",2024-10-12
2026-06-26,good,word,3,3,"Reddit, YouTube",2021-10-02
2026-06-26,harmful,word,3,3,"Google Alerts, YouTube",2021-10-02
2026-06-26,said,word,3,3,YouTube,2021-10-02
2026-06-26,stage,word,3,3,"Google Alerts, YouTube",2026-04-20
2026-06-26,filter removes,phrase,3,3,"YouTube, YouTube AU",2024-06-03
2026-06-26,osmosis,word,3,3,"YouTube, YouTube AU",2024-10-16
2026-06-26,reverse,word,3,3,"YouTube, YouTube AU",2024-10-16
2026-06-26,reverse osmosis,phrase,3,3,"YouTube, YouTube AU",2024-10-16
2026-06-26,top best,phrase,3,3,"YouTube, YouTube AU",2024-10-16
2026-06-26,won't,word,3,3,"Google Alerts, YouTube",2026-03-26
2026-06-26,viable,word,3,3,"Google Alerts, YouTube",2025-10-06
2026-06-26,fluoride industrial,phrase,3,3,YouTube,2016-03-12
2026-06-26,dangers fluoride,phrase,3,3,YouTube,2016-03-12
2026-06-26,neurotoxin,word,3,3,"YouTube, YouTube AU",2022-07-22
2026-06-26,breath,word,3,3,YouTube,2026-05-21
2026-06-26,bad,word,3,3,YouTube,2026-05-18
2026-06-26,public water,phrase,3,3,"Google Alerts, YouTube",2022-10-08
2026-06-26,city council,phrase,3,3,"Google Alerts, YouTube",2011-05-05
2026-06-26,description,word,3,3,"Google Alerts, YouTube, YouTube AU",2020-03-15
2026-06-26,month vaccination,phrase,3,3,"YouTube, YouTube AU",2022-01-02
2026-06-26,possible,word,3,3,YouTube,2025-12-11
2026-06-26,knew,word,3,3,"Reddit, YouTube",2025-05-23
2026-06-26,talks,word,3,3,YouTube,2009-09-02
2026-06-26,excess,word,3,3,"YouTube, YouTube AU",2022-12-05
2026-06-26,immune system,phrase,3,3,YouTube,2025-12-13
2026-06-26,poisoning,word,3,3,YouTube,2026-06-05
2026-06-26,used,word,3,3,"Reddit, YouTube",2024-04-29
2026-06-26,myth,word,3,3,YouTube,2026-04-01
2026-06-26,cover-up,word,3,3,YouTube,2026-06-11
2026-06-26,worse,word,3,3,"Google Alerts, YouTube",2026-06-11
2026-06-26,patients,word,3,3,"Reddit, YouTube",2025-08-10
2026-06-26,federal court,phrase,3,3,"Reddit, YouTube",2022-07-05
2026-06-26,fluoride cover,phrase,3,3,YouTube,2026-06-13
2026-06-26,fluoride type,phrase,3,3,YouTube,2026-06-13
2026-06-26,detection,word,3,3,"Google Alerts, YouTube",2026-06-13
2026-06-26,new research,phrase,3,3,"Google Alerts, YouTube",2026-06-13
2026-06-26,community water,phrase,3,3,"Google Alerts, YouTube",2026-06-12
2026-06-26,water systems,phrase,3,3,"Google Alerts, YouTube",2026-06-10
2026-06-26,shorts shortvideo,phrase,3,3,YouTube,2026-06-13
2026-06-26,total,word,3,3,"Google Alerts, YouTube",2026-06-13
2026-06-26,clean,word,3,3,"Google Alerts, YouTube, YouTube AU",2026-05-08
2026-06-26,colgate total,phrase,3,3,"Google Alerts, YouTube",2026-06-13
2026-06-26,hidden truth,phrase,3,3,YouTube,2026-06-13
2026-06-26,nano-hydroxyapatite,word,3,3,"YouTube, YouTube AU",2024-09-01
2026-06-26,sleep,word,3,3,"Google Alerts, YouTube",2026-05-01
2026-06-26,surprise,word,3,3,YouTube,2026-06-13
2026-06-26,viralshort,word,3,3,YouTube,2026-06-13
2026-06-26,industry,word,3,3,"Reddit, YouTube",2025-05-19
2026-06-26,given,word,3,3,YouTube,2026-06-13
2026-06-26,mrna vaccine,phrase,3,3,"Google Alerts, YouTube",2026-06-13
2026-06-26,shorts youtubeshorts,phrase,3,3,YouTube,2026-06-13
2026-06-26,happens,word,3,3,YouTube,2026-06-13
2026-06-26,infections,word,3,3,"Google Alerts, YouTube",2025-02-13
2026-06-26,family,word,3,3,YouTube,2016-06-22
2026-06-26,students,word,3,3,YouTube,2013-09-19
2026-06-26,trump,word,3,3,"Google Alerts, YouTube",2025-12-09
2026-06-26,going,word,3,3,YouTube,2025-11-13
2026-06-26,i'm,word,3,3,"Google Alerts, YouTube",2025-11-05
2026-06-26,accountable,word,3,3,"Google Alerts, YouTube",2025-10-12
2026-06-26,maga,word,3,3,YouTube,2025-10-11
2026-06-26,destroyed,word,3,3,YouTube,2025-10-11
2026-06-26,maga destroyed,phrase,3,3,YouTube,2025-10-11
2026-06-26,john,word,3,3,"Google Alerts, YouTube",2026-01-03
2026-06-26,emotional,word,3,3,YouTube,2025-12-31
2026-06-26,immunity better,phrase,3,3,YouTube,2022-02-24
2026-06-26,music,word,3,3,YouTube,2026-06-14
2026-06-26,doses,word,3,3,"Google Alerts, Reddit, YouTube",2021-06-22
2026-06-26,thousands,word,3,3,"Google Alerts, Reddit, YouTube",2022-05-23
2026-06-26,vitamin,word,3,3,YouTube,2026-06-12
2026-06-26,they're,word,3,3,"Reddit, YouTube",2023-09-22
2026-06-26,justice,word,3,3,"Google Alerts, YouTube",2026-06-14
2026-06-26,seconds,word,3,3,YouTube,2026-06-14
2026-06-26,shorts viral,phrase,3,3,YouTube,2026-06-13
2026-06-26,matter,word,3,3,YouTube,2022-01-22
2026-06-26,course,word,3,3,YouTube,2026-06-14
2026-06-26,vaccination baby,phrase,3,3,YouTube,2026-06-14
2026-06-26,drive,word,3,3,"Google Alerts, YouTube",2026-06-14
2026-06-26,process,word,3,3,"Google Alerts, YouTube",2026-06-14
2026-06-26,chicks,word,3,3,YouTube,2026-06-14
2026-06-26,coronavirus,word,3,3,"Google Alerts, Reddit, YouTube",2023-06-24
2026-06-26,ever,word,3,3,YouTube,2026-06-14
2026-06-26,rinsing,word,3,3,YouTube,2026-06-15
2026-06-26,lost,word,3,3,YouTube,2026-06-14
2026-06-26,love lost,phrase,3,3,YouTube,2026-06-14
2026-06-26,vaccination time,phrase,3,3,YouTube,2026-06-15
2026-06-26,months,word,3,3,YouTube,2026-06-15
2026-06-26,moment shorts,phrase,3,3,YouTube,2026-06-14
2026-06-26,month baby,phrase,3,3,YouTube,2026-06-14
2026-06-26,giant,word,3,3,"Google Alerts, YouTube",2026-06-15
2026-06-26,even,word,3,3,YouTube,2026-06-08
2026-06-26,important vaccines,phrase,3,3,YouTube,2026-06-16
2026-06-26,johnson,word,3,3,YouTube,2026-06-16
2026-06-26,wants,word,3,3,"YouTube, YouTube AU",2025-04-25
2026-06-26,reform,word,3,3,"Google Alerts, YouTube",2026-06-16
2026-06-26,full,word,3,3,"Google Alerts, YouTube",2026-06-16
2026-06-26,best fluoride-free,phrase,3,3,"Google Alerts, YouTube",2026-06-16
2026-06-26,relatable,word,3,3,YouTube,2026-06-16
2026-06-26,development,word,3,3,"Google Alerts, YouTube, YouTube AU",2024-12-25
2026-06-26,protects,word,3,3,YouTube,2026-06-17
2026-06-26,save lives,phrase,3,3,"Google Alerts, YouTube",2026-06-17
2026-06-26,vaccines save,phrase,3,3,YouTube,2026-06-17
2026-06-26,vaccination dog,phrase,3,3,YouTube,2026-06-16
2026-06-26,enough,word,3,3,YouTube,2022-02-14
2026-06-26,girl,word,3,3,"Google Alerts, YouTube",2026-06-17
2026-06-26,brave,word,3,3,YouTube,2026-06-17
2026-06-26,toothpaste fluoride-free,phrase,3,3,"Google Alerts, YouTube",2026-06-17
2026-06-26,vaccination matters,phrase,3,3,YouTube,2026-06-17
2026-06-26,started,word,3,3,"YouTube, YouTube AU",2018-01-24
2026-06-26,pasta,word,3,3,YouTube,2026-06-19
2026-06-26,pasta gigi,phrase,3,3,YouTube,2026-06-19
2026-06-26,cleaning,word,3,3,YouTube,2026-06-19
2026-06-26,away,word,3,3,"Reddit, YouTube",2020-03-13
2026-06-26,fresh,word,3,3,"Google Alerts, YouTube",2026-06-19
2026-06-26,gentle,word,3,3,"Google Alerts, YouTube",2026-06-19
2026-06-26,sdf,word,3,3,YouTube,2026-06-19
2026-06-26,shares,word,3,3,"Google Alerts, YouTube",2026-06-17
2026-06-26,easy,word,3,3,"Google Alerts, YouTube",2026-06-19
2026-06-26,making,word,3,3,"Reddit, YouTube",2021-09-12
2026-06-26,jobs,word,3,3,"Google Alerts, YouTube",2026-06-18
2026-06-26,side effects,phrase,3,3,"YouTube, YouTube AU",2024-06-17
2026-06-26,chinese,word,3,3,"YouTube, YouTube AU",2026-06-06
2026-06-26,babies,word,3,3,"Google Alerts, YouTube",2026-06-19
2026-06-26,tablets,word,3,3,"Google Alerts, YouTube",2026-06-20
2026-06-26,toothpaste tablets,phrase,3,3,"Google Alerts, YouTube",2026-06-20
2026-06-26,mint,word,3,3,"Google Alerts, YouTube",2026-06-20
2026-06-26,hits,word,3,3,"Google Alerts, YouTube",2026-06-17
2026-06-26,ends,word,3,3,YouTube,2026-06-20
2026-06-26,vaccine may,phrase,3,3,"Google Alerts, YouTube",2026-06-16
2026-06-26,ytshorts shorts,phrase,3,3,YouTube,2026-06-19
2026-06-26,pain,word,3,3,"Google Alerts, YouTube",2026-06-17
2026-06-26,dementia risk,phrase,3,3,"Google Alerts, YouTube",2026-06-16
2026-06-26,preventable,word,3,3,"Google Alerts, YouTube",2026-06-18
2026-06-26,lab,word,3,3,"Google Alerts, Reddit, YouTube",2020-03-13
2026-06-26,vaccine program,phrase,3,3,"Google Alerts, YouTube",2026-06-21
2026-06-26,nearly,word,3,3,"Google Alerts, YouTube",2026-06-20
2026-06-26,toothpaste fluoride,phrase,3,3,"Google Alerts, YouTube",2026-06-22
2026-06-26,oralhygiene,word,3,3,YouTube,2026-06-21
2026-06-26,youtube fluoride,phrase,3,3,YouTube,2026-06-21
2026-06-26,order,word,3,3,"Reddit, YouTube",2025-05-16
2026-06-26,little,word,3,3,"Google Alerts, YouTube",2026-06-12
2026-06-26,alleged,word,3,3,"Google Alerts, Reddit, YouTube",2026-05-07
2026-06-26,call,word,3,3,"Google Alerts, YouTube",2026-06-13
2026-06-26,tested,word,3,3,"Google Alerts, YouTube",2026-06-18
2026-06-26,hit,word,3,3,"Google Alerts, Reddit, YouTube",2023-09-22
2026-06-26,vaccine explained,phrase,3,3,"Google Alerts, YouTube",2026-06-18
2026-06-26,formula,word,3,3,YouTube,2026-06-24
2026-06-26,soon,word,3,3,"Google Alerts, YouTube",2026-06-17
2026-06-26,removed,word,3,3,"Reddit, YouTube, YouTube AU",2022-11-04
2026-06-26,breakdown,word,3,3,"Google Alerts, Reddit, YouTube",2021-09-12
2026-06-26,vaccine treatment,phrase,3,3,"Google Alerts, YouTube",2026-06-20
2026-06-26,western australia,phrase,3,3,"Google Alerts, YouTube, YouTube AU",2013-02-12
2026-06-26,maternal,word,3,3,"Google Alerts, YouTube",2026-06-16
2026-06-26,keeping,word,3,3,"Google Alerts, Reddit, YouTube",2025-05-19
2026-06-26,campaign,word,3,3,"YouTube, YouTube AU",2026-04-26
2026-06-26,week,word,3,3,"Google Alerts, YouTube",2026-06-17
2026-06-26,testing,word,3,3,"Google Alerts, YouTube, YouTube AU",2026-06-14
2026-06-26,committee,word,3,3,"Google Alerts, YouTube",2026-06-12
2026-06-26,advisory,word,3,3,"Google Alerts, YouTube",2026-06-18
2026-06-26,black,word,3,3,"Google Alerts, YouTube",2026-06-18
2026-06-26,yet,word,3,3,"Google Alerts, YouTube",2026-06-23
2026-06-26,cost,word,3,3,"Google Alerts, YouTube AU",2025-01-12
2026-06-26,tga,word,3,3,"Google Alerts, Reddit, YouTube AU",2021-01-17
2026-06-26,water filters,phrase,3,3,YouTube AU,2024-08-12
2026-06-26,channel,word,3,3,YouTube AU,2015-12-25
2026-06-26,port,word,3,3,"Google Alerts, YouTube AU",2021-07-17
2026-06-26,premier,word,3,3,"Google Alerts, Reddit, YouTube AU",2022-12-02
2026-06-26,crisis,word,3,3,"Google Alerts, YouTube AU",2026-06-15
2026-06-26,breakthrough,word,3,3,"Google Alerts, YouTube AU",2026-06-16
2026-06-26,aussie,word,3,3,"Google Alerts, Reddit, YouTube AU",2026-05-07
2026-06-26,efficacy,word,3,3,"Google Alerts, Reddit, YouTube AU",2022-05-23
2026-06-26,registration,word,3,3,Reddit,2025-11-07
2026-06-26,covid vaccinations,phrase,3,3,"Google Alerts, Reddit",2025-08-10
2026-06-26,jab,word,3,3,"Google Alerts, Reddit",2024-04-29
2026-06-26,including,word,3,3,"Google Alerts, Reddit",2022-11-04
2026-06-26,jabs,word,3,3,"Google Alerts, Reddit",2025-08-10
2026-06-26,approves,word,3,3,"Google Alerts, Reddit",2025-06-03
2026-06-26,scientists,word,3,3,Google Alerts,2026-06-12
2026-06-26,islander,word,3,3,Google Alerts,2026-06-12
2026-06-26,strait,word,3,3,Google Alerts,2026-06-12
2026-06-26,welcomes,word,3,3,Google Alerts,2026-06-12
2026-06-26,urgent,word,3,3,Google Alerts,2026-06-11
2026-06-26,urgent warning,phrase,3,3,Google Alerts,2026-06-11
2026-06-26,qld,word,3,3,Google Alerts,2026-06-11
2026-06-26,slow start,phrase,3,3,Google Alerts,2026-06-11
2026-06-26,vaccination rates,phrase,3,3,Google Alerts,2026-06-11
2026-06-26,following,word,3,3,Google Alerts,2026-06-12
2026-06-26,list,word,3,3,Google Alerts,2026-06-13
2026-06-26,leader,word,3,3,Google Alerts,2026-06-13
2026-06-26,drc,word,3,3,Google Alerts,2026-06-13
2026-06-26,primary health,phrase,3,3,Google Alerts,2026-06-13
2026-06-26,men,word,3,3,Google Alerts,2026-06-14
2026-06-26,infectious,word,3,3,Google Alerts,2026-06-15
2026-06-26,growth,word,3,3,Google Alerts,2026-06-15
2026-06-26,across,word,3,3,Google Alerts,2026-06-15
2026-06-26,point,word,3,3,Google Alerts,2026-06-17
2026-06-26,details,word,3,3,Google Alerts,2026-06-17
2026-06-26,means,word,3,3,Google Alerts,2026-06-17
2026-06-26,beyond,word,3,3,Google Alerts,2026-06-17
2026-06-26,challenges,word,3,3,Google Alerts,2026-06-17
2026-06-26,twc,word,3,3,Google Alerts,2026-06-17
2026-06-26,practice,word,3,3,Google Alerts,2026-06-17
2026-06-26,protected,word,3,3,Google Alerts,2026-06-17
2026-06-26,program extended,phrase,3,3,Google Alerts,2026-06-22
2026-06-26,resign,word,3,3,Google Alerts,2026-06-22
2026-06-26,administration,word,3,3,Google Alerts,2026-06-22
2026-06-26,clinical,word,3,3,Google Alerts,2026-06-22
2026-06-26,commissioner,word,3,3,Google Alerts,2026-06-23
2026-06-26,nations aged,phrase,3,3,Google Alerts,2026-06-23
2026-06-26,leads,word,3,3,Google Alerts,2026-06-23
2026-06-26,melton,word,3,3,Google Alerts,2026-06-24
2026-06-26,shorts shortsfeed,phrase,2,27,YouTube,2026-06-13
2026-06-26,analysis,word,2,15,"Google Alerts, Reddit",2022-08-31
2026-06-26,abc news,phrase,2,13,"Google Alerts, YouTube AU",2023-11-20
2026-06-26,investing,word,2,7,Google Alerts,2026-06-11
2026-06-26,investing com,phrase,2,7,Google Alerts,2026-06-11
2026-06-26,republic,word,2,7,Google Alerts,2026-06-12
2026-06-26,goat vaccine,phrase,2,6,YouTube,2026-06-16
2026-06-26,vet surgery,phrase,2,6,"Google Alerts, YouTube",2026-06-21
2026-06-26,free presents,phrase,2,6,"YouTube, YouTube AU",2015-02-24
2026-06-26,presents paul,phrase,2,6,"YouTube, YouTube AU",2015-02-24
2026-06-26,services,word,2,6,Google Alerts,2026-06-16
2026-06-26,avian,word,2,5,"Google Alerts, YouTube",2026-06-21
2026-06-26,australia part,phrase,2,5,"YouTube, YouTube AU",2014-10-25
2026-06-26,news australia,phrase,2,5,"Google Alerts, YouTube AU",2021-04-16
2026-06-26,winter vaccination,phrase,2,5,"Google Alerts, YouTube AU",2026-06-18
2026-06-26,department health,phrase,2,5,"Google Alerts, Reddit",2022-07-05
2026-06-26,glp,word,2,5,Google Alerts,2026-06-12
2026-06-26,csl,word,2,5,Google Alerts,2026-06-15
2026-06-26,bendigo,word,2,5,Google Alerts,2026-06-19
2026-06-26,disability,word,2,5,Google Alerts,2026-06-21
2026-06-26,professor paul,phrase,2,4,"YouTube, YouTube AU",2020-03-19
2026-06-26,bob,word,2,4,YouTube,2009-09-02
2026-06-26,sheep,word,2,4,YouTube,2026-06-13
2026-06-26,senate,word,2,4,YouTube,2026-06-14
2026-06-26,goatfarming,word,2,4,YouTube,2026-06-15
2026-06-26,edit,word,2,4,YouTube,2026-06-14
2026-06-26,overrated,word,2,4,YouTube,2026-06-14
2026-06-26,explosive,word,2,4,YouTube,2026-06-15
2026-06-26,fluoride incelcore,phrase,2,4,YouTube,2026-06-16
2026-06-26,sped,word,2,4,YouTube,2026-06-17
2026-06-26,journal,word,2,4,"Google Alerts, YouTube",2026-06-17
2026-06-26,california,word,2,4,"Google Alerts, YouTube AU",2024-11-04
2026-06-26,brisbane,word,2,4,"Google Alerts, YouTube AU",2026-06-06
2026-06-26,postreat,word,2,4,"Google Alerts, YouTube AU",2024-09-29
2026-06-26,postreat fluoride,phrase,2,4,"Google Alerts, YouTube AU",2024-09-29
2026-06-26,social,word,2,4,"Google Alerts, YouTube AU",2026-06-18
2026-06-26,issues,word,2,4,"Google Alerts, Reddit",2025-11-05
2026-06-26,ncirs,word,2,4,Google Alerts,2026-06-12
2026-06-26,yahoo,word,2,4,Google Alerts,2026-06-12
2026-06-26,chemist,word,2,4,Google Alerts,2026-06-12
2026-06-26,racgp,word,2,4,Google Alerts,2026-06-12
2026-06-26,medical centre,phrase,2,4,Google Alerts,2026-06-12
2026-06-26,update june,phrase,2,4,Google Alerts,2026-06-12
2026-06-26,morning,word,2,4,Google Alerts,2026-06-12
2026-06-26,weight,word,2,4,Google Alerts,2026-06-12
2026-06-26,weight loss,phrase,2,4,Google Alerts,2026-06-12
2026-06-26,countries,word,2,4,Google Alerts,2026-06-13
2026-06-26,citynews,word,2,4,Google Alerts,2026-06-15
2026-06-26,victoria backs,phrase,2,4,Google Alerts,2026-06-15
2026-06-26,asia's,word,2,4,Google Alerts,2026-06-15
2026-06-26,building,word,2,4,Google Alerts,2026-06-17
2026-06-26,ebola outbreak,phrase,2,4,Google Alerts,2026-06-17
2026-06-26,moogoo,word,2,4,Google Alerts,2026-06-17
2026-06-26,speech,word,2,4,Google Alerts,2026-06-18
2026-06-26,miller,word,2,4,Google Alerts,2026-06-18
2026-06-26,page,word,2,4,Google Alerts,2026-06-18
2026-06-26,act,word,2,4,Google Alerts,2026-06-23
2026-06-26,pacific,word,2,4,Google Alerts,2026-06-23
2026-06-26,stefanovic's,word,2,4,Google Alerts,2026-06-25
2026-06-26,toxicity,word,2,3,"YouTube, YouTube AU",2020-03-25
2026-06-26,toxicity presentation,phrase,2,3,"YouTube, YouTube AU",2020-03-25
2026-06-26,fluoride toxicity,phrase,2,3,"YouTube, YouTube AU",2020-03-25
2026-06-26,affect,word,2,3,"YouTube, YouTube AU",2024-12-25
2026-06-26,allow,word,2,3,"Google Alerts, YouTube",2021-10-02
2026-06-26,fluoride reduction,phrase,2,3,YouTube,2026-04-17
2026-06-26,misinformation,word,2,3,YouTube,2026-03-09
2026-06-26,adorable,word,2,3,YouTube,2026-06-14
2026-06-26,newbornbaby vaccine,phrase,2,3,YouTube,2026-06-14
2026-06-26,birth newborn,phrase,2,3,YouTube,2026-06-14
2026-06-26,vaccine cutebaby,phrase,2,3,YouTube,2026-06-13
2026-06-26,claim,word,2,3,YouTube,2026-05-12
2026-06-26,court ruling,phrase,2,3,"YouTube, YouTube AU",2024-11-04
2026-06-26,tips,word,2,3,"Google Alerts, YouTube",2026-06-14
2026-06-26,offered,word,2,3,"Google Alerts, YouTube",2026-06-12
2026-06-26,meningitis vaccine,phrase,2,3,"Google Alerts, YouTube",2026-06-12
2026-06-26,cute baby,phrase,2,3,YouTube,2026-06-13
2026-06-26,vaccination trending,phrase,2,3,YouTube,2026-06-15
2026-06-26,reference,word,2,3,"Google Alerts, YouTube",2026-06-15
2026-06-26,strains,word,2,3,"Google Alerts, YouTube",2026-06-15
2026-06-26,takes,word,2,3,"Google Alerts, YouTube",2026-06-15
2026-06-26,scheme,word,2,3,"Google Alerts, YouTube",2026-06-16
2026-06-26,compensation,word,2,3,"YouTube, YouTube AU",2026-04-29
2026-06-26,cas,word,2,3,YouTube,2026-06-16
2026-06-26,boka,word,2,3,"YouTube, YouTube AU",2026-05-14
2026-06-26,toothpaste nano,phrase,2,3,"YouTube, YouTube AU",2026-05-14
2026-06-26,boka fluoride,phrase,2,3,"YouTube, YouTube AU",2026-05-14
2026-06-26,fighting,word,2,3,"YouTube, YouTube AU",2014-12-05
2026-06-26,via,word,2,3,"Google Alerts, YouTube",2026-06-17
2026-06-26,mrna flu,phrase,2,3,"Google Alerts, YouTube",2026-06-15
2026-06-26,variant,word,2,3,"Google Alerts, YouTube",2022-01-27
2026-06-26,plastic,word,2,3,"Google Alerts, YouTube",2026-06-18
2026-06-26,free nano,phrase,2,3,YouTube,2026-06-18
2026-06-26,ndis,word,2,3,YouTube,2026-06-19
2026-06-26,strikes,word,2,3,"Google Alerts, YouTube",2026-06-18
2026-06-26,well,word,2,3,"Google Alerts, YouTube",2026-06-16
2026-06-26,pack,word,2,3,"Google Alerts, YouTube",2026-06-19
2026-06-26,champion,word,2,3,"Google Alerts, YouTube",2026-06-18
2026-06-26,six,word,2,3,"Google Alerts, YouTube",2026-06-15
2026-06-26,shorts ytshorts,phrase,2,3,YouTube,2026-06-20
2026-06-26,liquid,word,2,3,YouTube,2026-06-20
2026-06-26,tiny,word,2,3,"Google Alerts, YouTube",2026-06-17
2026-06-26,tomorrow,word,2,3,"Reddit, YouTube",2021-09-12
2026-06-26,chapter,word,2,3,"Google Alerts, YouTube",2026-06-21
2026-06-26,babe,word,2,3,YouTube,2026-06-21
2026-06-26,fluoride babe,phrase,2,3,YouTube,2026-06-21
2026-06-26,hasn't,word,2,3,"Google Alerts, YouTube",2026-06-17
2026-06-26,cuts,word,2,3,"Google Alerts, YouTube",2026-06-19
2026-06-26,vaccine cuts,phrase,2,3,"Google Alerts, YouTube",2026-06-19
2026-06-26,cuts cervical,phrase,2,3,"Google Alerts, YouTube",2026-06-19
2026-06-26,woman,word,2,3,"YouTube, YouTube AU",2026-04-29
2026-06-26,amazoninfluencer,word,2,3,YouTube,2026-06-23
2026-06-26,donate,word,2,3,"YouTube, YouTube AU",2026-06-16
2026-06-26,please donate,phrase,2,3,"YouTube, YouTube AU",2026-06-16
2026-06-26,texas,word,2,3,"Google Alerts, YouTube",2026-06-20
2026-06-26,gone,word,2,3,YouTube,2026-06-24
2026-06-26,love song,phrase,2,3,YouTube,2026-06-24
2026-06-26,gay love,phrase,2,3,YouTube,2026-06-24
2026-06-26,another gay,phrase,2,3,YouTube,2026-06-24
2026-06-26,fluoride another,phrase,2,3,YouTube,2026-06-24
2026-06-26,reach,word,2,3,"Google Alerts, YouTube",2026-06-14
2026-06-26,strengthen,word,2,3,"Google Alerts, YouTube",2026-06-15
2026-06-26,first dose,phrase,2,3,YouTube,2026-06-24
2026-06-26,dose bcg,phrase,2,3,YouTube,2026-06-24
2026-06-26,vaccination crying,phrase,2,3,YouTube,2026-06-24
2026-06-26,reasons,word,2,3,YouTube AU,2021-09-01
2026-06-26,health risks,phrase,2,3,"Google Alerts, YouTube AU",2024-11-04
2026-06-26,party,word,2,3,"Reddit, YouTube AU",2017-02-28
2026-06-26,ready,word,2,3,YouTube AU,2021-01-18
2026-06-26,tonight,word,2,3,YouTube AU,2015-12-25
2026-06-26,today tonight,phrase,2,3,YouTube AU,2015-12-25
2026-06-26,andrew,word,2,3,"Google Alerts, YouTube AU",2026-05-08
2026-06-26,measles outbreaks,phrase,2,3,"Google Alerts, YouTube AU",2026-06-13
2026-06-26,karl,word,2,3,"Google Alerts, YouTube AU",2026-05-29
2026-06-26,winter get,phrase,2,3,YouTube AU,2026-05-01
2026-06-26,bio,word,2,3,"Google Alerts, YouTube AU",2026-06-12
2026-06-26,injured,word,2,3,"Google Alerts, YouTube AU",2026-04-29
2026-06-26,vaccination health,phrase,2,3,"Google Alerts, YouTube AU",2026-06-18
2026-06-26,professional video,phrase,2,3,"Google Alerts, YouTube AU",2026-06-18
2026-06-26,health professional,phrase,2,3,"Google Alerts, YouTube AU",2026-06-18
2026-06-26,australian vaccine,phrase,2,3,"Google Alerts, YouTube AU",2026-04-22
2026-06-26,pharmacists,word,2,3,"Google Alerts, YouTube AU",2026-06-23
2026-06-26,conference,word,2,3,"Google Alerts, Reddit",2026-01-29
2026-06-26,pbac,word,2,3,"Google Alerts, Reddit",2026-02-04
2026-06-26,get vaccine,phrase,2,3,"Google Alerts, Reddit",2026-01-22
2026-06-26,long covid,phrase,2,3,"Google Alerts, Reddit",2022-05-26
2026-06-26,friday,word,2,3,"Google Alerts, Reddit",2022-12-02
2026-06-26,updated,word,2,3,"Google Alerts, Reddit",2021-09-12
2026-06-26,routine,word,2,3,Google Alerts,2026-06-12
2026-06-26,health routine,phrase,2,3,Google Alerts,2026-06-12
2026-06-26,make rsv,phrase,2,3,Google Alerts,2026-06-12
2026-06-26,hantavirus,word,2,3,Google Alerts,2026-06-12
2026-06-26,preclinical data,phrase,2,3,Google Alerts,2026-06-11
2026-06-26,funding boost,phrase,2,3,Google Alerts,2026-06-11
2026-06-26,conversations,word,2,3,Google Alerts,2026-06-12
2026-06-26,unicef,word,2,3,Google Alerts,2026-06-13
2026-06-26,bookings,word,2,3,Google Alerts,2026-06-12
2026-06-26,there's,word,2,3,Google Alerts,2026-06-14
2026-06-26,experts warn,phrase,2,3,Google Alerts,2026-06-14
2026-06-26,live,word,2,3,Google Alerts,2026-06-15
2026-06-26,biontech,word,2,3,Google Alerts,2026-06-15
2026-06-26,multiple,word,2,3,Google Alerts,2026-06-15
2026-06-26,asx,word,2,3,Google Alerts,2026-06-15
2026-06-26,csl asx,phrase,2,3,Google Alerts,2026-06-15
2026-06-26,support,word,2,3,Google Alerts,2026-06-15
2026-06-26,alerts,word,2,3,Google Alerts,2026-06-16
2026-06-26,adult pneumococcal,phrase,2,3,Google Alerts,2026-06-16
2026-06-26,gearing,word,2,3,Google Alerts,2026-06-16
2026-06-26,territory,word,2,3,Google Alerts,2026-06-16
2026-06-26,western nsw,phrase,2,3,Google Alerts,2026-06-17
2026-06-26,bundibugyo,word,2,3,Google Alerts,2026-06-17
2026-06-26,bundibugyo ebola,phrase,2,3,Google Alerts,2026-06-17
2026-06-26,evidence,word,2,3,Google Alerts,2026-06-17
2026-06-26,complacency,word,2,3,Google Alerts,2026-06-17
2026-06-26,line defence,phrase,2,3,Google Alerts,2026-06-17
2026-06-26,stronger first,phrase,2,3,Google Alerts,2026-06-17
2026-06-26,building stronger,phrase,2,3,Google Alerts,2026-06-17
2026-06-26,award,word,2,3,Google Alerts,2026-06-17
2026-06-26,departments,word,2,3,Google Alerts,2026-06-18
2026-06-26,immunisations,word,2,3,Google Alerts,2026-06-18
2026-06-26,pertussis,word,2,3,Google Alerts,2026-06-18
2026-06-26,cartridge,word,2,3,Google Alerts,2026-06-18
2026-06-26,syncytial,word,2,3,Google Alerts,2026-06-20
2026-06-26,respiratory syncytial,phrase,2,3,Google Alerts,2026-06-20
2026-06-26,syncytial virus,phrase,2,3,Google Alerts,2026-06-20
2026-06-26,free speech,phrase,2,3,Google Alerts,2026-06-20
2026-06-26,july health,phrase,2,3,Google Alerts,2026-06-22
2026-06-26,cbd,word,2,3,Google Alerts,2026-06-22
2026-06-26,drug,word,2,3,Google Alerts,2026-06-23
2026-06-26,risk humans,phrase,2,3,Google Alerts,2026-06-23
2026-06-26,haven't,word,2,3,Google Alerts,2026-06-24
2026-06-26,shot you're,phrase,2,3,Google Alerts,2026-06-24
