timestamp,post_id,platform,subreddit,title,keywords_matched,match_count,keywords_in_post,keywords_in_comments,score,num_comments,author,url,created_aest,relevance_weight
2026-06-14T00:36:33.548103+10:00,9N5OWDtdZAY,YouTube,MississaugaTruth,Calgary Fluoride Removal Victory!,"fluoride, fluoridation, fluoride free australia, fluoride water filter, mass medication fluoride",5,fluoride,"fluoridation, fluoride, fluoride free australia, fluoride water filter, mass medication fluoride",,,MississaugaTruth,https://www.youtube.com/watch?v=9N5OWDtdZAY,2011-02-10T07:35:33+11:00,17
2026-06-14T00:39:13.567144+10:00,cCwFM3s_-Dc,YouTube,DW News,5 years of COVID vaccines: What&#39;s true? | DW News,"vaccine, vaccination, pharma vaccine lying, vaccine death data, vaccine less than natural immunity",5,vaccine,"vaccination, vaccine, pharma vaccine lying, vaccine death data, vaccine less than natural immunity",,,DW News,https://www.youtube.com/watch?v=cCwFM3s_-Dc,2026-03-10T21:28:57+11:00,17
2026-06-14T00:39:26.532945+10:00,5eJ5TIT6zvk,YouTube,The Hill,"Kim Iversen: Latest Pfizer VAX DATA DUMP Shows Natural Immunity WORKS. ADE, Fertility Unknown","vaccine, vaccination, pharma vaccine lying, vaccine death data, vaccine less than natural immunity",5,vaccine,"vaccination, vaccine, pharma vaccine lying, vaccine death data, vaccine less than natural immunity",,,The Hill,https://www.youtube.com/watch?v=5eJ5TIT6zvk,2022-04-05T01:35:09+10:00,17
2026-06-14T00:34:41.753980+10:00,XiBU3kgmddI,YouTube,Fluoride Free Australia,Professor Paul Connett fluoride toxicity presentation (long version),"fluoridation, fluoride, fluoride water filter, vaccination",4,"fluoridation, fluoride","fluoridation, fluoride, fluoride water filter, vaccination",,,Fluoride Free Australia,https://www.youtube.com/watch?v=XiBU3kgmddI,2020-03-25T10:03:42+11:00,8
2026-06-14T00:35:27.540423+10:00,m-EPuscor6k,YouTube,Teeth Talk Girl,is fluoride a fertilizer byproduct? #shorts,"fluoride, fluoride byproduct, fluoridation, fluoride thyroid",4,"fluoride, fluoride byproduct","fluoridation, fluoride, fluoride byproduct, fluoride thyroid",,,Teeth Talk Girl,https://www.youtube.com/watch?v=m-EPuscor6k,2025-07-09T10:30:39+10:00,12
2026-06-14T00:39:24.732335+10:00,eGUJJIdjVSQ,YouTube,Dr. John Campbell,Vaccination or natural immunity,"vaccination, vaccine, vaccine death data, vaccine less than natural immunity",4,"vaccination, vaccine","vaccination, vaccine, vaccine death data, vaccine less than natural immunity",,,Dr. John Campbell,https://www.youtube.com/watch?v=eGUJJIdjVSQ,2022-06-22T02:07:56+10:00,12
2026-06-14T00:39:32.971076+10:00,q0sA3CAPcl8,YouTube,Dr. John Campbell,Natural immunity strategy needed,"vaccine, vaccination, vaccine death data, vaccine less than natural immunity",4,vaccine,"vaccination, vaccine, vaccine death data, vaccine less than natural immunity",,,Dr. John Campbell,https://www.youtube.com/watch?v=q0sA3CAPcl8,2022-02-28T09:27:34+11:00,12
2026-06-14T00:34:14.661609+10:00,e8OrHiURqwo,YouTube,Toxic Fluoride,Fluoride Free Australia - Fluoridegate: Watch the Inside Story of Water Fluoridation,"fluoridation, fluoride, fluoride free australia",3,"fluoridation, fluoride, fluoride free australia",,,,Toxic Fluoride,https://www.youtube.com/watch?v=e8OrHiURqwo,2024-06-29T11:54:28+10:00,7
2026-06-14T00:34:16.186675+10:00,buHVjd56-1s,YouTube,Toxic Fluoride,Professor Dr.  Paul Connett Fluoride Toxicity Presentation in Australia - Fluoride Free Australia,"fluoridation, fluoride, fluoride free australia",3,"fluoridation, fluoride, fluoride free australia",,,,Toxic Fluoride,https://www.youtube.com/watch?v=buHVjd56-1s,2024-06-28T15:19:05+10:00,7
2026-06-14T00:34:17.856109+10:00,gfwaruRFlUA,YouTube,Toxic Fluoride,Fluoride Free Australia - Is Fluoride Really Safe An Australian Toxicologist&#39;s View - Dr. Dingle,"fluoridation, fluoride, fluoride free australia",3,"fluoridation, fluoride, fluoride free australia",,,,Toxic Fluoride,https://www.youtube.com/watch?v=gfwaruRFlUA,2024-06-17T20:11:54+10:00,7
2026-06-14T00:34:25.996787+10:00,bGGVvPd2ye8,YouTube,Pingo Creative Technology,History of Fluoride / Water Fluoridation,"fluoridation, fluoride, fluoride free australia",3,"fluoridation, fluoride, fluoride free australia",,,,Pingo Creative Technology,https://www.youtube.com/watch?v=bGGVvPd2ye8,2023-01-16T04:27:07+11:00,7
2026-06-14T00:34:27.682221+10:00,nfcX9eeJyk8,YouTube,Fluoride Free Australia,Fluoride is a TOXIC WASTE,"fluoride, fluoridation, fluoride free australia",3,fluoride,"fluoridation, fluoride, fluoride free australia",,,Fluoride Free Australia,https://www.youtube.com/watch?v=nfcX9eeJyk8,2022-08-01T10:54:19+10:00,7
2026-06-14T00:34:30.842538+10:00,p6dGfDyIdB8,YouTube,Fluoride Free Australia,No TOXIC fluoride for Bunbury!,"fluoridation, fluoride, fluoride free australia",3,"fluoridation, fluoride","fluoridation, fluoride, fluoride free australia",,,Fluoride Free Australia,https://www.youtube.com/watch?v=p6dGfDyIdB8,2022-07-15T20:53:08+10:00,7
2026-06-14T00:34:32.426791+10:00,LOffj7i7IbQ,YouTube,Fluoride Free Australia,Ten Reasons to STOP Fluoridation (Fluoride) in Bunbury,"fluoridation, fluoride, fluoride free australia",3,"fluoridation, fluoride","fluoridation, fluoride, fluoride free australia",,,Fluoride Free Australia,https://www.youtube.com/watch?v=LOffj7i7IbQ,2022-07-08T09:17:53+10:00,7
2026-06-14T00:34:44.943271+10:00,Q_PCiTECZvQ,YouTube,Chris Aussie,"Fluoride free Australia, you want it. Here it is. Description","fluoride, fluoride free australia, fluoride water filter",3,"fluoride, fluoride free australia","fluoride, fluoride free australia, fluoride water filter",,,Chris Aussie,https://www.youtube.com/watch?v=Q_PCiTECZvQ,2020-03-15T12:41:15+11:00,11
2026-06-14T00:35:35.246012+10:00,kW7_aC68C54,YouTube,Dr. Gina Nick,Fluoride Added to Water Is Actually This Toxic Byproduct #fluoride #health #truth,"fluoride, fluoride byproduct, fluoride thyroid",3,"fluoride, fluoride byproduct, fluoride thyroid",,,,Dr. Gina Nick,https://www.youtube.com/watch?v=kW7_aC68C54,2025-03-02T09:48:03+11:00,11
2026-06-14T00:36:11.429283+10:00,kKR7_hlRUlM,YouTube,Science of Eating,Does fluoride affect thyroid function? | Fluoride &amp; Thyroid,"fluoridation, fluoride, fluoride thyroid",3,"fluoridation, fluoride, fluoride thyroid",,,,Science of Eating,https://www.youtube.com/watch?v=kKR7_hlRUlM,2026-05-01T15:20:19+10:00,7
2026-06-14T00:36:36.687887+10:00,k16MwPmQhU0,YouTube,saveourwater1,Fluoride - Leon,"fluoridation, fluoride, mass medication fluoride",3,"fluoridation, fluoride, mass medication fluoride",,,,saveourwater1,https://www.youtube.com/watch?v=k16MwPmQhU0,2008-08-12T20:51:37+10:00,7
2026-06-14T00:36:38.306054+10:00,HboWZlznAis,YouTube,WeAreChangeIreland,Mass Medication of Ireland,"fluoride, mass medication fluoride, fluoridation",3,"fluoride, mass medication fluoride","fluoridation, fluoride",,,WeAreChangeIreland,https://www.youtube.com/watch?v=HboWZlznAis,2008-07-21T05:45:51+10:00,7
2026-06-14T00:37:50.852890+10:00,MtKhrScfIYo,YouTube,Hey Shayla,The Delayed Schedule we follow | Vaccine Friendly Plan,"vaccine, vaccination, vaccine less than natural immunity",3,vaccine,"vaccination, vaccine, vaccine less than natural immunity",,,Hey Shayla,https://www.youtube.com/watch?v=MtKhrScfIYo,2023-08-30T00:15:01+10:00,7
2026-06-14T00:38:52.902153+10:00,4qCl4orAH7c,YouTube,Kanooni Adhikar,"govt Data shows COVID Vaccines led to some death, state cannot shrug off #vaccinationcovid","vaccination, vaccine, vaccine death data",3,"vaccination, vaccine, vaccine death data",,,,Kanooni Adhikar,https://www.youtube.com/watch?v=4qCl4orAH7c,2026-03-12T14:50:22+11:00,7
2026-06-14T00:38:54.435442+10:00,VOHKUmfYLCM,YouTube,The Insight Crafter,COVID Vaccine Deaths: VAERS Data &amp; Child Injections Exposed #shorts,"vaccination, vaccine, vaccine death data",3,"vaccination, vaccine, vaccine death data",,,,The Insight Crafter,https://www.youtube.com/watch?v=VOHKUmfYLCM,2026-03-06T09:57:41+11:00,7
2026-06-14T00:33:12.897042+10:00,DvNIO8jg7FM,YouTube,Fluoride Supply- Clara,"Sodium FluorideCAS：7681-49-4Applications: Water fluoridation, wood preservation #sodium fluoride","fluoridation, fluoride",2,"fluoridation, fluoride",,,,Fluoride Supply- Clara,https://www.youtube.com/watch?v=DvNIO8jg7FM,2026-05-21T18:26:53+10:00,2
2026-06-14T00:33:16.652019+10:00,UBVkw6ES0Zo,YouTube,KWQC News,Expert weighs in on safety of fluoride in tap water,"fluoridation, fluoride",2,"fluoridation, fluoride",fluoride,,,KWQC News,https://www.youtube.com/watch?v=UBVkw6ES0Zo,2026-05-15T10:40:05+10:00,2
2026-06-14T00:33:18.439480+10:00,CiRBdKKmgQc,YouTube,MythCrashed,The Harvard Study They Keep Citing Proves Them Wrong,"fluoridation, fluoride",2,"fluoridation, fluoride",,,,MythCrashed,https://www.youtube.com/watch?v=CiRBdKKmgQc,2026-05-13T12:17:09+10:00,2
2026-06-14T00:33:20.275099+10:00,j-N8x-jrQKE,YouTube,Text form Evidence,Fluoride Debate Gets WILD 😳 Internet Explodes Over Trust &amp; Health Claims,"fluoridation, fluoride",2,"fluoridation, fluoride",,,,Text form Evidence,https://www.youtube.com/watch?v=j-N8x-jrQKE,2026-05-13T11:00:39+10:00,2
2026-06-14T00:34:13.090462+10:00,G3geDQr2RMM,YouTube,Toxic Fluoride,"Neil Oliver, Recent California Court Ruling Exposes Fluoride Health Risks, Especially For Children","fluoridation, fluoride",2,"fluoridation, fluoride",,,,Toxic Fluoride,https://www.youtube.com/watch?v=G3geDQr2RMM,2024-11-05T14:25:50+11:00,2
2026-06-14T00:34:19.540673+10:00,U2WrIAZ14fk,YouTube,Toxic Fluoride,Fluoride Free Australia - Dr. Howard Hu Discusses His Testimony at The #Fluoridelawsuit,"fluoride, fluoride free australia",2,"fluoride, fluoride free australia",,,,Toxic Fluoride,https://www.youtube.com/watch?v=U2WrIAZ14fk,2024-05-22T15:19:31+10:00,6
2026-06-14T00:34:22.677277+10:00,FS0Y0AzY5zQ,YouTube,Toxic Fluoride,Is Fluoride Dangerous and should it be removed from Australia&#39;s Water Supply System?,"fluoridation, fluoride",2,"fluoridation, fluoride",,,,Toxic Fluoride,https://www.youtube.com/watch?v=FS0Y0AzY5zQ,2024-04-25T13:24:01+10:00,2
2026-06-14T00:34:29.271441+10:00,UFFNog_YhLA,YouTube,Fluoride Free Australia,Fluoride is a neurotoxin,"fluoride, fluoride free australia",2,fluoride,"fluoride, fluoride free australia",,,Fluoride Free Australia,https://www.youtube.com/watch?v=UFFNog_YhLA,2022-07-22T23:50:49+10:00,6
2026-06-14T00:34:34.011394+10:00,osBiXbvWqBQ,YouTube,Erraticlee Me,"Doctors said cigarettes were good, politicians allow harmful legal Drugs.. and Fluoride is good🤔","fluoride, fluoride free australia",2,"fluoride, fluoride free australia","fluoride, fluoride free australia",,,Erraticlee Me,https://www.youtube.com/watch?v=osBiXbvWqBQ,2021-10-02T16:21:21+10:00,6
2026-06-14T00:34:38.648156+10:00,j9zRmdizqEs,YouTube,Fluoride Free Australia,Paul Connett Bunbury Neurotoxicity of Fluoride,"fluoridation, fluoride",2,"fluoridation, fluoride",fluoride,,,Fluoride Free Australia,https://www.youtube.com/watch?v=j9zRmdizqEs,2020-04-30T21:29:39+10:00,2
2026-06-14T00:34:40.198082+10:00,c6A2HzUaOug,YouTube,Fluoride Free Australia,Professor Paul Connett&#39;s Fluoride Toxicity presentation (short version - 48 minutes),"fluoridation, fluoride",2,"fluoridation, fluoride",,,,Fluoride Free Australia,https://www.youtube.com/watch?v=c6A2HzUaOug,2020-04-10T12:42:47+10:00,2
2026-06-14T00:34:46.615891+10:00,9Sq4_Vp8Xsc,YouTube,Fluoride Free Australia,Right To Know About Fluoride,"fluoride, fluoridation",2,fluoride,"fluoridation, fluoride",,,Fluoride Free Australia,https://www.youtube.com/watch?v=9Sq4_Vp8Xsc,2019-11-07T00:39:17+11:00,2
2026-06-14T00:34:49.868610+10:00,N7XdAEyKVIE,YouTube,Reviewed By Danny,Epic Pure XP Water Filter Pitcher Review: Does it Really Remove Fluoride?,"fluoride, fluoride water filter",2,"fluoride, fluoride water filter",,,,Reviewed By Danny,https://www.youtube.com/watch?v=N7XdAEyKVIE,2026-06-09T05:22:21+10:00,6
2026-06-14T00:34:51.425193+10:00,4vLZnli_FSg,YouTube,Gadget Girl,Bathtub Water Filter Review | 8‑Stage Chlorine &amp; Fluoride Remover for Softer Skin &amp; Hair #ad,"fluoride, fluoride water filter",2,"fluoride, fluoride water filter",,,,Gadget Girl,https://www.youtube.com/watch?v=4vLZnli_FSg,2026-05-26T06:47:23+10:00,6
2026-06-14T00:34:56.134596+10:00,KSveSOFwmv4,YouTube,WiseMoney,THIS $7 DIY Filter REMOVES 90% Fluoride From Tap Water! (BUILD IT NOW!),"fluoride, fluoride water filter",2,"fluoride, fluoride water filter",,,,WiseMoney,https://www.youtube.com/watch?v=KSveSOFwmv4,2026-05-19T21:06:21+10:00,6
2026-06-14T00:34:57.720992+10:00,RXWJ17zfEsM,YouTube,刘锦卢,"RO Reverse Osmosis water filter, the Best solution to remove fluoride from water","fluoride, fluoride water filter",2,"fluoride, fluoride water filter",,,,刘锦卢,https://www.youtube.com/watch?v=RXWJ17zfEsM,2026-05-12T18:29:49+10:00,6
2026-06-14T00:34:59.311526+10:00,56XsX3wGQEY,YouTube,Hydro Clarity Lab,Water Filter Fluoride: The 1 NSF Number You Must Know,"fluoride, fluoride water filter",2,"fluoride, fluoride water filter","fluoride, fluoride water filter",,,Hydro Clarity Lab,https://www.youtube.com/watch?v=56XsX3wGQEY,2026-05-08T17:21:06+10:00,6
2026-06-14T00:35:00.834012+10:00,idnjEfx7qsI,YouTube,Hydro Clarity Lab,How to Choose a Fluoride Water Filter,"fluoride, fluoride water filter",2,"fluoride, fluoride water filter",,,,Hydro Clarity Lab,https://www.youtube.com/watch?v=idnjEfx7qsI,2026-05-08T16:52:28+10:00,6
2026-06-14T00:35:03.913149+10:00,VD_1Sc0aOqA,YouTube,Retro’s Bushcraft Uncovered,Your Water Filter Is Lying to You — This Is What Actually Removes Fluoride,"fluoride, fluoride water filter",2,"fluoride, fluoride water filter",,,,Retro’s Bushcraft Uncovered,https://www.youtube.com/watch?v=VD_1Sc0aOqA,2026-05-02T03:00:44+10:00,6
2026-06-14T00:35:05.580200+10:00,OFxbfYZBMR4,YouTube,Rate This Product,Water Filter Removes Fluoride Completely – Here&#39;s Why,"fluoride, fluoride water filter",2,"fluoride, fluoride water filter",,,,Rate This Product,https://www.youtube.com/watch?v=OFxbfYZBMR4,2026-04-27T09:07:28+10:00,6
2026-06-14T00:35:07.132407+10:00,HUHTroHFfm8,YouTube,Kidz Heaven,Aimex 8 Stage Water Fluoride Reduction Filter Cartridges x 1,"fluoride, fluoride water filter",2,"fluoride, fluoride water filter",,,,Kidz Heaven,https://www.youtube.com/watch?v=HUHTroHFfm8,2026-04-20T21:00:40+10:00,6
2026-06-14T00:35:08.731281+10:00,iHaPrfODtrY,YouTube,Compared Tools,TOP 5 Best Fluoride Shower Filter 2026 | Best water filter,"fluoride, fluoride water filter",2,"fluoride, fluoride water filter",,,,Compared Tools,https://www.youtube.com/watch?v=iHaPrfODtrY,2026-04-19T22:15:06+10:00,6
2026-06-14T00:35:10.265940+10:00,PCQgYOqPx84,YouTube,Water Filter Guru,Watch This Filter REMOVE Fluoride &amp; Uranium Instantly!,"fluoride, fluoride water filter",2,"fluoride, fluoride water filter",,,,Water Filter Guru,https://www.youtube.com/watch?v=PCQgYOqPx84,2026-04-18T23:01:14+10:00,6
2026-06-14T00:35:11.808247+10:00,IFkosK5kRJM,YouTube,Water Filter Guru,"PUR Water Filter: 80% Uranium, 0% Fluoride Reduction","fluoride, fluoride water filter",2,"fluoride, fluoride water filter",,,,Water Filter Guru,https://www.youtube.com/watch?v=IFkosK5kRJM,2026-04-18T10:30:44+10:00,6
2026-06-14T00:35:13.337270+10:00,Dg8jPcvwyR8,YouTube,Kidz Heaven,16 Litre Bench top Filter with 3 Fluoride Reduction Filters,"fluoride, fluoride water filter",2,"fluoride, fluoride water filter",,,,Kidz Heaven,https://www.youtube.com/watch?v=Dg8jPcvwyR8,2026-04-17T14:27:05+10:00,6
2026-06-14T00:35:14.887097+10:00,bACOqvvLhkM,YouTube,SoftPro Water Systems,Remove Fluoride &amp; Chlorine from ALL Your Water | SoftPro Superfilter,"fluoride, fluoride water filter",2,"fluoride, fluoride water filter",,,,SoftPro Water Systems,https://www.youtube.com/watch?v=bACOqvvLhkM,2026-04-07T16:43:24+10:00,6
2026-06-14T00:35:19.677542+10:00,k5wxqkm4cjI,YouTube,Monz on the Mic,Fluoride: Alcoa&#39;s Toxic Byproduct,"fluoride, fluoride byproduct",2,"fluoride, fluoride byproduct",,,,Monz on the Mic,https://www.youtube.com/watch?v=k5wxqkm4cjI,2026-04-16T00:32:30+10:00,6
2026-06-14T00:35:21.232924+10:00,WRcO_TtrV-4,YouTube,The Midnight Hour FM,Did you know this about fluoride ??? #america #country #truthseekers,"fluoride, fluoride byproduct",2,"fluoride, fluoride byproduct",,,,The Midnight Hour FM,https://www.youtube.com/watch?v=WRcO_TtrV-4,2026-03-31T07:45:01+11:00,6
2026-06-14T00:35:22.801433+10:00,4Ef7YDgiv90,YouTube,The Process,How Fluoride Is Made - And Why 98% of Europe Won&#39;t Use It,"fluoride, fluoride byproduct",2,"fluoride, fluoride byproduct","fluoride, fluoride byproduct",,,The Process,https://www.youtube.com/watch?v=4Ef7YDgiv90,2026-03-26T10:30:04+11:00,6
2026-06-14T00:35:24.370262+10:00,LH9adKcGVWk,YouTube,Furnace Of Adversity Ba,"Fluoride is an industrial byproduct that was once considered waste, with no viable use.","fluoride, fluoride byproduct",2,"fluoride, fluoride byproduct",,,,Furnace Of Adversity Ba,https://www.youtube.com/watch?v=LH9adKcGVWk,2025-12-02T19:15:23+11:00,6
2026-06-14T00:35:25.946415+10:00,2dULghHFgCM,YouTube,Waboche,"Fluoride is an industrial byproduct that was once considered waste, with no viable use","fluoride, fluoride byproduct",2,"fluoride, fluoride byproduct",,,,Waboche,https://www.youtube.com/watch?v=2dULghHFgCM,2025-10-06T10:25:23+11:00,6
2026-06-14T00:35:29.095096+10:00,_-4hnT2wYvQ,YouTube,Hidden Health Info,☣️Fluoride salts—a toxic byproduct of fertilizer production ☣️,"fluoride, fluoride byproduct",2,"fluoride, fluoride byproduct",,,,Hidden Health Info,https://www.youtube.com/watch?v=_-4hnT2wYvQ,2025-07-07T11:40:05+10:00,6
2026-06-14T00:35:32.162266+10:00,K5tFGwYdfJM,YouTube,Hidden Health Info,☣️Fluoride salts—a toxic byproduct of fertilizer production ☣️,"fluoride, fluoride byproduct",2,"fluoride, fluoride byproduct",,,,Hidden Health Info,https://www.youtube.com/watch?v=K5tFGwYdfJM,2025-05-30T23:04:31+10:00,6
2026-06-14T00:35:33.707348+10:00,LkLCmqq_Ny4,YouTube,Agelesssociety,Did you know the fluoride in your water is actually a hazardous byproduct of phosphate fertilizer,"fluoride, fluoride byproduct",2,"fluoride, fluoride byproduct",fluoride,,,Agelesssociety,https://www.youtube.com/watch?v=LkLCmqq_Ny4,2025-04-24T09:37:05+10:00,6
2026-06-14T00:35:36.817791+10:00,PXFs-D16oj0,YouTube,Podcast Goldmine,Fluoride in water: Aluminum byproduct or health aid?,"fluoride, fluoride byproduct",2,"fluoride, fluoride byproduct",,,,Podcast Goldmine,https://www.youtube.com/watch?v=PXFs-D16oj0,2025-02-17T08:53:12+11:00,6
2026-06-14T00:35:40.064058+10:00,wlShXLk8_28,YouTube,Jim Feijo,The Shocking Truth About Fluoride  A Toxic Byproduct Hiding in Your Water,"fluoride, fluoride byproduct",2,"fluoride, fluoride byproduct",,,,Jim Feijo,https://www.youtube.com/watch?v=wlShXLk8_28,2024-08-27T11:30:33+10:00,6
2026-06-14T00:35:41.650954+10:00,37Lohak9OMg,YouTube,𝓐𝓱𝓬𝓱𝔂𝓪,Elder Bishops of GMS - Fluoride is a byproduct of aluminium! 🔥🔥,"fluoride, fluoride byproduct",2,"fluoride, fluoride byproduct",,,,𝓐𝓱𝓬𝓱𝔂𝓪,https://www.youtube.com/watch?v=37Lohak9OMg,2021-08-25T23:30:09+10:00,6
2026-06-14T00:35:44.774707+10:00,fl39ZfB7DSY,YouTube,Christian Cat,DANGERS OF FLUORIDE😱an INDUSTRIAL BYPRODUCT = WASTE💩,"fluoride, fluoride byproduct",2,"fluoride, fluoride byproduct",,,,Christian Cat,https://www.youtube.com/watch?v=fl39ZfB7DSY,2016-03-12T19:46:35+11:00,6
2026-06-14T00:35:48.021004+10:00,j4xLdYp6PCI,YouTube,Puneet Nanda,"Fluoride SHOCKS! Lowers IQ, Destroys Thyroid, Neurotoxin!","fluoride, fluoride thyroid",2,"fluoride, fluoride thyroid",,,,Puneet Nanda,https://www.youtube.com/watch?v=j4xLdYp6PCI,2026-06-09T22:00:23+10:00,6
2026-06-14T00:35:51.142223+10:00,S6vJLNWqFxE,YouTube,Vitality Nutrition,Fluoride Suppresses Thyroid!  #vitalityradio #thyroid #fluoride #hashimotos #hypothyroidism,"fluoride, fluoride thyroid",2,"fluoride, fluoride thyroid",,,,Vitality Nutrition,https://www.youtube.com/watch?v=S6vJLNWqFxE,2026-05-28T17:00:11+10:00,6
2026-06-14T00:35:52.708622+10:00,cbIHTGvGJ1E,YouTube,Boost Health Body,🚫 Ditch Fluoride Toothpaste – Here’s Why,"fluoride, fluoride thyroid",2,"fluoride, fluoride thyroid",,,,Boost Health Body,https://www.youtube.com/watch?v=cbIHTGvGJ1E,2026-05-23T16:44:41+10:00,6
2026-06-14T00:35:55.847658+10:00,lzTN_v9To8M,YouTube,Ray Peat,"Ray Peat on Fluoride, Thyroid Hormone, CO2 &amp; Breath Holding","fluoride, fluoride thyroid",2,"fluoride, fluoride thyroid",,,,Ray Peat,https://www.youtube.com/watch?v=lzTN_v9To8M,2026-05-21T14:00:50+10:00,6
2026-06-14T00:35:57.394092+10:00,jnlU8h1wTbk,YouTube,Dr. AntIHero MD,Is fluoride bad for you? #fluoride #toothpaste #IQ #thyroid #misinformation,"fluoride, fluoride thyroid",2,"fluoride, fluoride thyroid",,,,Dr. AntIHero MD,https://www.youtube.com/watch?v=jnlU8h1wTbk,2026-05-18T13:02:29+10:00,6
2026-06-14T00:35:58.936287+10:00,O_rUNoMgXQs,YouTube,Dr. Julian Cross,Stop drinking thyroid-killing soup from your faucet. 🚰,"fluoride, fluoride thyroid",2,"fluoride, fluoride thyroid",,,,Dr. Julian Cross,https://www.youtube.com/watch?v=O_rUNoMgXQs,2026-05-17T17:00:32+10:00,6
2026-06-14T00:36:02.035538+10:00,1cxDg1iLVDM,YouTube,The Ultimate Asset Podcast,The Hidden Risk of Fluoride: Is Your Smile Worth Your Thyroid Health?,"fluoride, fluoride thyroid",2,"fluoride, fluoride thyroid",,,,The Ultimate Asset Podcast,https://www.youtube.com/watch?v=1cxDg1iLVDM,2026-05-14T09:15:00+10:00,6
2026-06-14T00:36:03.600673+10:00,nOiYVJ2XxAQ,YouTube,Dr. Debbie Ozment,Your body is being poisoned by this daily #fluoride #health #shorts,"fluoride, fluoride thyroid",2,"fluoride, fluoride thyroid",,,,Dr. Debbie Ozment,https://www.youtube.com/watch?v=nOiYVJ2XxAQ,2026-05-13T11:15:06+10:00,6
2026-06-14T00:36:05.167195+10:00,9KcSc8l8kCU,YouTube,Health 360 simplified,Fluoride in toothpaste- useful?#ayurveda #healthtips #shorts #thyroid #neurology #childhealth #yoga,"fluoride, fluoride thyroid",2,"fluoride, fluoride thyroid",,,,Health 360 simplified,https://www.youtube.com/watch?v=9KcSc8l8kCU,2026-05-10T12:40:04+10:00,6
2026-06-14T00:36:06.743425+10:00,lJnajX8lGls,YouTube,Truth AWaken,Is fluoride in your water affecting your health and IQ? The surprising truth.,"fluoride, fluoride thyroid",2,"fluoride, fluoride thyroid",,,,Truth AWaken,https://www.youtube.com/watch?v=lJnajX8lGls,2026-05-06T04:02:52+10:00,6
2026-06-14T00:36:09.887375+10:00,ZtUd5Z8hjqQ,YouTube,Science of Eating,How does fluoride affect the thyroid? | Fluoride &amp; Thyroid,"fluoride, fluoride thyroid",2,"fluoride, fluoride thyroid",,,,Science of Eating,https://www.youtube.com/watch?v=ZtUd5Z8hjqQ,2026-05-01T15:36:32+10:00,6
2026-06-14T00:36:12.983890+10:00,fT_kcsodNpc,YouTube,Aleks Fidurski,Fluoride in tap water is lowering your thyroid (and hormones),"fluoride, fluoride thyroid",2,"fluoride, fluoride thyroid",fluoride,,,Aleks Fidurski,https://www.youtube.com/watch?v=fT_kcsodNpc,2026-04-28T06:50:51+10:00,6
2026-06-14T00:36:16.117279+10:00,YE1_TcM3T8k,YouTube,Two Fun Guys Multiverse,The Thyroid Fix Most Doctors Never Tell You About,"fluoride, fluoride thyroid",2,"fluoride, fluoride thyroid",,,,Two Fun Guys Multiverse,https://www.youtube.com/watch?v=YE1_TcM3T8k,2026-04-23T15:00:26+10:00,6
2026-06-14T00:36:19.354715+10:00,x_F_DwXoP2U,YouTube,The Incomplete Past,Mass Medication or Public Health The Fluoride Question Reopened,"fluoride, mass medication fluoride",2,"fluoride, mass medication fluoride",,,,The Incomplete Past,https://www.youtube.com/watch?v=x_F_DwXoP2U,2026-01-12T06:32:21+11:00,6
2026-06-14T00:36:20.974101+10:00,vt48MYsLxkI,YouTube,Nina Khosla,A song about fluoride,"fluoride, mass medication fluoride",2,"fluoride, mass medication fluoride",,,,Nina Khosla,https://www.youtube.com/watch?v=vt48MYsLxkI,2025-11-29T02:49:44+11:00,6
2026-06-14T00:36:22.671817+10:00,vFbZt--icV0,YouTube,British Thought Leaders,Fluoride in Water: Mass Medication or Health Hero? Dentist Speaks Out,"fluoride, mass medication fluoride",2,"fluoride, mass medication fluoride",fluoride,,,British Thought Leaders,https://www.youtube.com/watch?v=vFbZt--icV0,2025-11-13T03:45:04+11:00,6
2026-06-14T00:36:24.224120+10:00,QGuTF1K2yMw,YouTube,healthreelm,FLUORIDE IN YOUR TAP WATER MASS MEDICATION,"fluoride, mass medication fluoride",2,"fluoride, mass medication fluoride",,,,healthreelm,https://www.youtube.com/watch?v=QGuTF1K2yMw,2025-07-14T01:00:47+10:00,6
2026-06-14T00:36:27.336982+10:00,5pnKx_aWd-Y,YouTube,Ali Malik,How TOXIC is Fluoride in TAP WATER?? 💦🧪🆘,"fluoridation, fluoride",2,"fluoridation, fluoride",,,,Ali Malik,https://www.youtube.com/watch?v=5pnKx_aWd-Y,2024-04-19T10:00:02+10:00,2
2026-06-14T00:36:28.865802+10:00,AJ7PWul7DA0,YouTube,Paradigm Thrasher,Fluoride in the public water system as a &quot;one size fits all&quot; format is mass medication strategy.,"fluoride, mass medication fluoride",2,"fluoride, mass medication fluoride",,,,Paradigm Thrasher,https://www.youtube.com/watch?v=AJ7PWul7DA0,2022-10-08T15:52:03+11:00,6
2026-06-14T00:36:31.929520+10:00,HgX_belyVjY,YouTube,John Meaders,"Fluoride Crimes - Loveland City Council Meeting Apr 5, 2011 Part 2 of 3","fluoride, mass medication fluoride",2,"fluoride, mass medication fluoride",,,,John Meaders,https://www.youtube.com/watch?v=HgX_belyVjY,2011-05-05T20:00:48+10:00,6
2026-06-14T00:36:35.127319+10:00,EmloHf89w8g,YouTube,davidnightingale,Fluoride Mass medication of Sheffield Children,"fluoride, mass medication fluoride",2,"fluoride, mass medication fluoride",,,,davidnightingale,https://www.youtube.com/watch?v=EmloHf89w8g,2008-11-04T21:02:47+11:00,6
2026-06-14T00:36:43.285855+10:00,NStr7I-c9j8,YouTube,Prilove,Vaccination Day Vlog 🐶🐱 Care + Reality 🥺 #prilove  #pets #vaccination,"vaccination, vaccine",2,"vaccination, vaccine",,,,Prilove,https://www.youtube.com/watch?v=NStr7I-c9j8,2026-06-14T00:29:34+10:00,2
2026-06-14T00:36:44.851997+10:00,d3eVyDF1zfg,YouTube,Aaj Ki Baat,1 दिन से 8 हफ्ते तक सभी Chick Vaccines Explained 💉 #vaccination #murgipalan #murgibacche #farming,"vaccination, vaccine",2,"vaccination, vaccine",,,,Aaj Ki Baat,https://www.youtube.com/watch?v=d3eVyDF1zfg,2026-06-14T00:10:37+10:00,2
2026-06-14T00:36:46.393487+10:00,bsnJTP3K3E0,YouTube,ReyNest,👶💉 “0–12 Month Vaccination Schedule Every Parent Should Know CHECK DESCRIPTION ✅,"vaccination, vaccine",2,"vaccination, vaccine",,,,ReyNest,https://www.youtube.com/watch?v=bsnJTP3K3E0,2026-06-14T00:10:55+10:00,2
2026-06-14T00:36:47.928326+10:00,SdL0sR_XIdg,YouTube,Newborn Love ,oral vaccine jusy after birth #newborn #newbornbaby #vaccine #vaccination #adorable,"vaccination, vaccine",2,"vaccination, vaccine",,,,Newborn Love ,https://www.youtube.com/watch?v=SdL0sR_XIdg,2026-06-14T00:02:07+10:00,2
2026-06-14T00:37:14.452742+10:00,3qMoqyGdcY8,YouTube,Forbes Breaking News,&#39;What&#39;s The Chances Of Use Of Vaccination?&#39;: Grassley Asks Rollins About Possible Screwworm Vaccine,"vaccination, vaccine",2,"vaccination, vaccine",vaccine,,,Forbes Breaking News,https://www.youtube.com/watch?v=3qMoqyGdcY8,2026-06-13T04:30:10+10:00,2
2026-06-14T00:37:15.968355+10:00,tLWdj8iYrYM,YouTube,Nursinglife22,Child vaccination 💉 બાળકોનું રસીકરણ 💉 #vaccine#health#viral#trending#youtubeshorts#explore#short,"vaccination, vaccine",2,"vaccination, vaccine",,,,Nursinglife22,https://www.youtube.com/watch?v=tLWdj8iYrYM,2026-06-13T01:47:22+10:00,2
2026-06-14T00:37:24.221391+10:00,neWhyMzYkqc,YouTube,Shihtzufamily ,Olive Knew It Was Vaccine Time Annual Rabies &amp; DHPPi  #Shorts #Olive #ShihTzu #FunnyDog #PetShorts,"vaccination, vaccine",2,"vaccination, vaccine",,,,Shihtzufamily ,https://www.youtube.com/watch?v=neWhyMzYkqc,2026-06-13T23:45:18+10:00,2
2026-06-14T00:37:27.265954+10:00,ubx9_kB8WG8,YouTube,MrZidi,Baby’s First Hepatitis B Vaccine 💉👶 #cutebaby #shortvideo ##viralvideo,"vaccination, vaccine",2,"vaccination, vaccine",,,,MrZidi,https://www.youtube.com/watch?v=ubx9_kB8WG8,2026-06-13T23:31:27+10:00,2
2026-06-14T00:37:35.047798+10:00,wqtH6c82GE4,YouTube,Congress Clips,Frankel Confronts Rubio Over Vaccine Funding; Rubio Defends RFK Jr.,"vaccination, vaccine",2,"vaccination, vaccine",vaccine,,,Congress Clips,https://www.youtube.com/watch?v=wqtH6c82GE4,2026-06-13T04:30:25+10:00,2
2026-06-14T00:37:47.604676+10:00,Yu4BRCRJahQ,YouTube,Dr. Thornburg Wellness,My Alternative Vaccine Schedule,"vaccine, vaccination",2,vaccine,"vaccination, vaccine",,,Dr. Thornburg Wellness,https://www.youtube.com/watch?v=Yu4BRCRJahQ,2025-04-25T23:01:00+10:00,2
2026-06-14T00:37:55.573160+10:00,D_RX_14KTjw,YouTube,American Academy of Pediatrics,Dr. Wendy Sue Swanson Talks About Alternative Vaccine Schedules,"vaccine, vaccination",2,vaccine,"vaccination, vaccine",,,American Academy of Pediatrics,https://www.youtube.com/watch?v=D_RX_14KTjw,2016-07-22T05:33:31+10:00,2
2026-06-14T00:38:00.375399+10:00,wcXYrnpPmuM,YouTube,thehealthybelly,Dr. Bob Sears talks about an alternative vaccine schedule,"vaccine, vaccination",2,vaccine,"vaccination, vaccine",,,thehealthybelly,https://www.youtube.com/watch?v=wcXYrnpPmuM,2009-09-02T08:55:11+10:00,2
2026-06-14T00:38:30.356213+10:00,DZA5vIjWeLI,YouTube,Kylan Heiner | Space to Thrive,Regression after Vaccines - Autism is not caused by vaccinations | Ask a BCBA | Ep 018,"vaccination, vaccine",2,"vaccination, vaccine",,,,Kylan Heiner | Space to Thrive,https://www.youtube.com/watch?v=DZA5vIjWeLI,2026-03-03T18:21:44+11:00,2
2026-06-14T00:38:32.011502+10:00,8BIcAZxFfrc,YouTube,hbomberguy,Vaccines and Autism: A Measured Response,"vaccine, vaccination",2,vaccine,"vaccination, vaccine",,,hbomberguy,https://www.youtube.com/watch?v=8BIcAZxFfrc,2021-05-27T03:35:11+10:00,2
2026-06-14T00:38:35.425277+10:00,B5WdccIz-IA,YouTube,Liz Gunn,Barry Young on Crown Claim That Vaccine Excess Deaths “Irrelevant”,"vaccine, vaccine death data",2,vaccine,"vaccine, vaccine death data",,,Liz Gunn,https://www.youtube.com/watch?v=B5WdccIz-IA,2026-05-12T20:16:35+10:00,6
2026-06-14T00:38:38.600503+10:00,VdQsESCUGKM,YouTube,"Peter A. McCullough, MD, MPH™","2021 COVID-19 Vaccine Death Spike, Positive Cancer Data on IVM-Meb, Dr McCullough® on Stinchfield","vaccine, vaccine death data",2,"vaccine, vaccine death data",vaccine,,,"Peter A. McCullough, MD, MPH™",https://www.youtube.com/watch?v=VdQsESCUGKM,2026-04-13T08:00:36+10:00,6
2026-06-14T00:38:40.182144+10:00,GSdVqCRjkrw,YouTube,Grant Stinchfield,Vaccine Deaths Rising — This Pattern Cannot Be a Coincidence,"vaccine, vaccine death data",2,"vaccine, vaccine death data",vaccine,,,Grant Stinchfield,https://www.youtube.com/watch?v=GSdVqCRjkrw,2026-04-09T06:30:00+10:00,6
2026-06-14T00:38:44.949364+10:00,kMWRXonTBSY,YouTube,Truth Over Trend with Matthew Maher,Autopsy Data Reveals Shocking Vaccine Death Cause | Matthew Maher,"vaccine, vaccine death data",2,"vaccine, vaccine death data",,,,Truth Over Trend with Matthew Maher,https://www.youtube.com/watch?v=kMWRXonTBSY,2026-04-08T05:02:47+10:00,6
2026-06-14T00:38:51.383208+10:00,gvVdH1ZuKXU,YouTube,Lawtinum,Govt Data Shows COVID Vaccines Led To Some Deaths; State Cannot Shrug Off Responsibility: SC,"vaccine, vaccine death data",2,"vaccine, vaccine death data",,,,Lawtinum,https://www.youtube.com/watch?v=gvVdH1ZuKXU,2026-03-13T06:43:28+11:00,6
2026-06-14T00:38:55.988293+10:00,gxFQqXham2c,YouTube,Dr Trozzi,The Data on Australia’s Population After the COVID “Vaccine”,"vaccine, vaccine death data",2,"vaccine, vaccine death data",vaccine,,,Dr Trozzi,https://www.youtube.com/watch?v=gxFQqXham2c,2026-03-04T05:00:44+11:00,6
2026-06-14T00:39:05.303210+10:00,5jWjviAw5oo,YouTube,Kristen Lindgren,Leaked FDA Memo Sparks Investigation Into Possible COVID Vaccine–Related Child Deaths | Ep. 37,"vaccine, vaccination",2,vaccine,vaccination,,,Kristen Lindgren,https://www.youtube.com/watch?v=5jWjviAw5oo,2025-12-18T19:15:00+11:00,2
2026-06-14T00:39:10.056851+10:00,DV5zO744OrY,YouTube,KVUE,FDA evaluating COVID-19 vaccine-related deaths,"vaccine, vaccination",2,vaccine,vaccination,,,KVUE,https://www.youtube.com/watch?v=DV5zO744OrY,2025-12-11T10:07:02+11:00,2
2026-06-14T00:39:15.120864+10:00,zZQhNXWF8Nk,YouTube,Strange Science HQ ,Does The Immune System Get Overloaded By Vaccinations?,"vaccination, vaccine",2,"vaccination, vaccine",,,,Strange Science HQ ,https://www.youtube.com/watch?v=zZQhNXWF8Nk,2026-01-28T09:51:43+11:00,2
2026-06-14T00:39:21.329408+10:00,UPcA3ez7GIk,YouTube,Dr. Misha Kogan,New Lancet Study shows that natural COVID immunity appears to be better than vaccines.,"vaccine, vaccine less than natural immunity",2,"vaccine, vaccine less than natural immunity",vaccine,,,Dr. Misha Kogan,https://www.youtube.com/watch?v=UPcA3ez7GIk,2023-02-23T03:51:28+11:00,6
2026-06-14T00:39:23.000251+10:00,yOIhmJ1C5lo,YouTube,Hank Green,The odds of being a rabies survivor aren’t great (without the vaccine),"vaccine, vaccine death data",2,vaccine,"vaccine, vaccine death data",,,Hank Green,https://www.youtube.com/watch?v=yOIhmJ1C5lo,2022-09-25T09:16:08+10:00,6
2026-06-14T00:32:47.544020+10:00,m8nWAMMpx44,YouTube,The HighWire with Del Bigtree,Here&#39;s how the courts are being used to continue poisoning our children,fluoridation,1,fluoridation,,,,The HighWire with Del Bigtree,https://www.youtube.com/watch?v=m8nWAMMpx44,2026-06-11T23:00:31+10:00,1
2026-06-14T00:32:49.363426+10:00,3OAHJKLhB5A,YouTube,VOID ABYSS,The Pineal Gland &amp; The Fluoride Myth Debunked 🧠👁️,fluoride,1,fluoride,,,,VOID ABYSS,https://www.youtube.com/watch?v=3OAHJKLhB5A,2026-06-11T07:46:20+10:00,1
2026-06-14T00:32:51.216653+10:00,2nekFt5BgXA,YouTube,TruthFoundry,The Real Fluoride Cover-Up Is Worse Than You Think,fluoride,1,fluoride,,,,TruthFoundry,https://www.youtube.com/watch?v=2nekFt5BgXA,2026-06-11T01:00:14+10:00,1
2026-06-14T00:32:52.972967+10:00,6ijBm5LnMjc,YouTube,Alabama Public Health,Speak Up For Fluoridation With Confidence,fluoridation,1,fluoridation,,,,Alabama Public Health,https://www.youtube.com/watch?v=6ijBm5LnMjc,2026-06-06T04:37:06+10:00,1
2026-06-14T00:32:54.912937+10:00,rjjEGBGCjG0,YouTube,Alabama Public Health,Fluoridation: Educating Patients and the Public,fluoridation,1,fluoridation,,,,Alabama Public Health,https://www.youtube.com/watch?v=rjjEGBGCjG0,2026-06-06T04:36:00+10:00,1
2026-06-14T00:32:56.679246+10:00,qk8NWTa3HKk,YouTube,The Dr Kumar Discovery,A Neurosurgeon Explains The Truth About Water Fluoridation &amp; The Federal Court Ruling,fluoridation,1,fluoridation,,,,The Dr Kumar Discovery,https://www.youtube.com/watch?v=qk8NWTa3HKk,2026-06-02T23:31:36+10:00,1
2026-06-14T00:32:58.501689+10:00,Zq42KetRcd4,YouTube,EBPD Video,What Happened After Fluoridation Ended?,fluoridation,1,fluoridation,,,,EBPD Video,https://www.youtube.com/watch?v=Zq42KetRcd4,2026-06-01T23:18:21+10:00,1
2026-06-14T00:33:00.283196+10:00,ZEFbduaDEWc,YouTube,Fluoride Free Water,"Bob Delaney - Water Fluoridation April 6, 2016",fluoridation,1,fluoridation,,,,Fluoride Free Water,https://www.youtube.com/watch?v=ZEFbduaDEWc,2026-06-01T00:07:19+10:00,1
2026-06-14T00:33:02.087584+10:00,nWtT0C3V-Ts,YouTube,Fluoride Free Water,"Bob Delaney PMB - Water Fluoridation October 6, 2016",fluoridation,1,fluoridation,,,,Fluoride Free Water,https://www.youtube.com/watch?v=nWtT0C3V-Ts,2026-05-31T23:46:36+10:00,1
2026-06-14T00:33:03.867833+10:00,xsiP92pWvE4,YouTube,Fluoride Free Water,"Bob Delaney Motion on Water Fluoridation November 27, 2014",fluoridation,1,fluoridation,,,,Fluoride Free Water,https://www.youtube.com/watch?v=xsiP92pWvE4,2026-05-31T22:56:41+10:00,1
2026-06-14T00:33:05.693058+10:00,pQvFnooVfHc,YouTube,vVabundant,Fluoride #isay,fluoride,1,fluoride,,,,vVabundant,https://www.youtube.com/watch?v=pQvFnooVfHc,2026-05-31T03:04:00+10:00,1
2026-06-14T00:33:07.498918+10:00,fYte_cHWCuY,YouTube,Felix Ohiwerei E-learning Studio Col. Of Med. U I,Fluoride Awareness,fluoride,1,fluoride,,,,Felix Ohiwerei E-learning Studio Col. Of Med. U I,https://www.youtube.com/watch?v=fYte_cHWCuY,2026-05-29T19:50:59+10:00,1
2026-06-14T00:33:09.265562+10:00,4EpS3W-sKoM,YouTube,Save Yourself with Dr. Amy Shah ,The Truth About Fluoride No One Talks About,fluoride,1,fluoride,,,,Save Yourself with Dr. Amy Shah ,https://www.youtube.com/watch?v=4EpS3W-sKoM,2026-05-26T00:00:20+10:00,1
2026-06-14T00:33:11.113544+10:00,sjWhSKJgDKQ,YouTube,Save Yourself with Dr. Amy Shah ,"What Fluoride, Mouth Breathing &amp; Gum Disease Are Doing to Your Health with Dr. Staci Whitman",fluoride,1,fluoride,,,,Save Yourself with Dr. Amy Shah ,https://www.youtube.com/watch?v=sjWhSKJgDKQ,2026-05-25T18:30:06+10:00,1
2026-06-14T00:33:14.650788+10:00,0P9BtKDfNrs,YouTube,KIMA Action News,Yakima City Council indefinitely postpones debate on taking fluoridation back to voters,fluoridation,1,fluoridation,,,,KIMA Action News,https://www.youtube.com/watch?v=0P9BtKDfNrs,2026-05-16T15:17:18+10:00,1
2026-06-14T00:33:22.089211+10:00,iyl6c1XSjLI,YouTube,Mark Howitt (Official),FLUORIDATION: CEASE AND DESIST (Documentary),fluoridation,1,fluoridation,,,,Mark Howitt (Official),https://www.youtube.com/watch?v=iyl6c1XSjLI,2026-05-12T04:57:43+10:00,1
2026-06-14T00:33:23.966134+10:00,WnTy0d7Wb0E,YouTube,Daniel Rico,Case Study: Fluoridation,fluoridation,1,fluoridation,,,,Daniel Rico,https://www.youtube.com/watch?v=WnTy0d7Wb0E,2026-05-11T13:40:22+10:00,1
2026-06-14T00:33:28.296384+10:00,KlNDriic4CA,YouTube,SupremacyGentleman666,Die Normie Scum - Fried by Fluoride Cover by me #truecel #incelcore #song,fluoride,1,fluoride,,,,SupremacyGentleman666,https://www.youtube.com/watch?v=KlNDriic4CA,2026-06-13T23:48:47+10:00,1
2026-06-14T00:33:30.089891+10:00,dH7e9FadT1o,YouTube,g0nnr,(free) h4rtbrkr + fried by fluoride type beat &quot;you and me&quot; (prod. g0nnr),fluoride,1,fluoride,,,,g0nnr,https://www.youtube.com/watch?v=dH7e9FadT1o,2026-06-13T22:24:10+10:00,1
2026-06-14T00:33:31.850188+10:00,MCD5AHHa9NA,YouTube,Jannick Röhl,Notruf beim verschlucken von Fluorid?! #gesundheit #gesund #aufklärung #ernährung #fluorid #fluoride,fluoride,1,fluoride,,,,Jannick Röhl,https://www.youtube.com/watch?v=MCD5AHHa9NA,2026-06-13T18:57:10+10:00,1
2026-06-14T00:33:33.645716+10:00,Mcy-gb2avL4,YouTube,My Chem Academy ,Cute Science Reel | Fluoride Ion Detection💡#analyticalchemistry  #chemistrylab#chemistry#viral #ai,fluoride,1,fluoride,,,,My Chem Academy ,https://www.youtube.com/watch?v=Mcy-gb2avL4,2026-06-13T17:56:39+10:00,1
2026-06-14T00:33:35.432207+10:00,NimReSDIJT8,YouTube,Jannick Röhl,Was steckt WIRKLICH hinter Fluorid?! #gesundheit #fluoride #ernährung,fluoride,1,fluoride,,,,Jannick Röhl,https://www.youtube.com/watch?v=NimReSDIJT8,2026-06-13T17:21:36+10:00,1
2026-06-14T00:33:37.217243+10:00,SUsckgIXJeE,YouTube,Weird Frequencies,"AI&#39;s pineal decalcification steps: fluoride, boron, iodine",fluoride,1,fluoride,,,,Weird Frequencies,https://www.youtube.com/watch?v=SUsckgIXJeE,2026-06-13T15:28:56+10:00,1
2026-06-14T00:33:39.258994+10:00,n9xY-rbhqK0,YouTube,Pristine Smiles Dental,Improve dental unit water quality #dentaltubing #duwl #dentalchair #brushing #fluoride #toothpaste,fluoride,1,fluoride,,,,Pristine Smiles Dental,https://www.youtube.com/watch?v=n9xY-rbhqK0,2026-06-13T15:19:01+10:00,1
2026-06-14T00:33:41.397466+10:00,lohv3AKed8k,YouTube,WCIA News,New research highlights the risks of removing fluoride from community water systems,fluoride,1,fluoride,,,,WCIA News,https://www.youtube.com/watch?v=lohv3AKed8k,2026-06-13T12:14:47+10:00,1
2026-06-14T00:33:43.114324+10:00,yKAksrtr1GM,YouTube,Caries and fairies,Professor Toothpaste Explains Why Fluoride Is Your Smile’s Superpower🪥#shorts #shortvideo#toddler,fluoride,1,fluoride,,,,Caries and fairies,https://www.youtube.com/watch?v=yKAksrtr1GM,2026-06-13T11:04:40+10:00,1
2026-06-14T00:33:44.882869+10:00,eOGa5vUmxIQ,YouTube,michifinds,3-Pk 5.1-Oz Colgate Total Active Prevention Deep Clean Fluoride Toothpaste Review — Is It Worth It?,fluoride,1,fluoride,,,,michifinds,https://www.youtube.com/watch?v=eOGa5vUmxIQ,2026-06-13T08:31:53+10:00,1
2026-06-14T00:33:46.700643+10:00,s-_PzA551C0,YouTube,Fried By Rami :0,Fried By Fluoride - cry about it (slowed down),fluoride,1,fluoride,,,,Fried By Rami :0,https://www.youtube.com/watch?v=s-_PzA551C0,2026-06-13T08:06:21+10:00,1
2026-06-14T00:33:48.499009+10:00,KbhvYx7opnc,YouTube,DR BERG DC HEALTH ,🚫 Stop Swallowing Your Toothpaste: The Hidden Truth About Fluoride,fluoride,1,fluoride,,,,DR BERG DC HEALTH ,https://www.youtube.com/watch?v=KbhvYx7opnc,2026-06-13T06:00:34+10:00,1
2026-06-14T00:33:50.287248+10:00,6t-Y2h6kviE,YouTube,DigitalLove13,(free) cupsize x fried by fluoride x punk rock Type Beat &quot;U321&quot;,fluoride,1,fluoride,,,,DigitalLove13,https://www.youtube.com/watch?v=6t-Y2h6kviE,2026-06-13T06:00:08+10:00,1
2026-06-14T00:33:52.072445+10:00,CWaYqGKJwgo,YouTube,Jannick Röhl,Fluorid schädlich?! #gesundheit #gesund #aufklärung #ernährung #facts #fluoride #trinken #wasser,fluoride,1,fluoride,,,,Jannick Röhl,https://www.youtube.com/watch?v=CWaYqGKJwgo,2026-06-13T05:14:45+10:00,1
2026-06-14T00:33:53.880988+10:00,haVKqE5EXU4,YouTube,Spodak Dental Group,Plot twist: your matcha contains fluoride too. 👀🍵,fluoride,1,fluoride,fluoride,,,Spodak Dental Group,https://www.youtube.com/watch?v=haVKqE5EXU4,2026-06-13T05:04:48+10:00,1
2026-06-14T00:33:55.754876+10:00,sYv-FIgz00U,YouTube,ADELINE ATLAS,Fluoride - Blinding Your Third Eye  Pineal Gland s Silent Threat (By Adeline Atlas),fluoride,1,fluoride,,,,ADELINE ATLAS,https://www.youtube.com/watch?v=sYv-FIgz00U,2026-06-13T04:00:22+10:00,1
2026-06-14T00:33:57.516671+10:00,wXi4MAltPwM,YouTube,Peachyfind,Happy Tooth Hydroxyapatite Toothpaste Review | Fluoride-Free Natural Whitening Toothpaste,fluoride,1,fluoride,,,,Peachyfind,https://www.youtube.com/watch?v=wXi4MAltPwM,2026-06-13T03:30:15+10:00,1
2026-06-14T00:33:59.566250+10:00,r8vgLdxGPOw,YouTube,wgaltv,"Fluoride in water: The debate, In Focus",fluoride,1,fluoride,,,,wgaltv,https://www.youtube.com/watch?v=r8vgLdxGPOw,2026-06-13T03:17:54+10:00,1
2026-06-14T00:34:02.579044+10:00,tGAltqvVOmw,YouTube,Adam Rounisto Reviews,Is This A Suitable Replacement To Fluoride Toothpaste?,fluoride,1,fluoride,,,,Adam Rounisto Reviews,https://www.youtube.com/watch?v=tGAltqvVOmw,2026-06-13T01:19:30+10:00,1
2026-06-14T00:34:05.692608+10:00,-neDCHOJ_Jo,YouTube,prod. rxhff,(free) wifiskeleton + fried by fluoride punk rock type beat &quot;uncool&quot;,fluoride,1,fluoride,,,,prod. rxhff,https://www.youtube.com/watch?v=-neDCHOJ_Jo,2026-06-13T01:00:40+10:00,1
2026-06-14T00:34:09.492930+10:00,CqFNJAsYKjk,YouTube,Sunflour Academy of Gluten Free Fusion,"I switched to a fluoride-free nano-hydroxyapatite toothpaste, and it&#39;s AMAZING! I LOVE it!!! 💖🌞🙏🏽",fluoride,1,fluoride,fluoride,,,Sunflour Academy of Gluten Free Fusion,https://www.youtube.com/watch?v=CqFNJAsYKjk,2025-06-29T04:23:24+10:00,1
2026-06-14T00:34:11.350614+10:00,e1Vjwg1FTVw,YouTube,pat.the.dentist,The BEST Fluoride FREE Toothpaste,fluoride,1,fluoride,,,,pat.the.dentist,https://www.youtube.com/watch?v=e1Vjwg1FTVw,2025-03-04T09:11:34+11:00,1
2026-06-14T00:34:21.088033+10:00,7heDD2cLTBM,YouTube,Toxic Fluoride,Fluoride Information From Dr. Gerry Curatola - Uploaded For Australian Viewers Australian Audiences,fluoride,1,fluoride,,,,Toxic Fluoride,https://www.youtube.com/watch?v=7heDD2cLTBM,2024-04-30T18:49:13+10:00,1
2026-06-14T00:34:24.303247+10:00,wBOzVw-iH-8,YouTube,Ramese Sanders,Best FLUORIDE FREE toothpaste🦷🪥,fluoride,1,fluoride,fluoride,,,Ramese Sanders,https://www.youtube.com/watch?v=wBOzVw-iH-8,2023-12-25T07:06:17+11:00,1
2026-06-14T00:34:35.527075+10:00,Q-Cv1UcYxnU,YouTube,Fluoride Free Australia,Top 10 Reasons to STOP Fluoridation,fluoridation,1,fluoridation,,,,Fluoride Free Australia,https://www.youtube.com/watch?v=Q-Cv1UcYxnU,2021-09-01T12:09:16+10:00,1
2026-06-14T00:34:37.088586+10:00,3QQoUKddDgo,YouTube,Fluoride Free Australia,Port Macquarie-Hastings TV ad - vote YES to STOP toxic fluoridation,fluoridation,1,fluoridation,,,,Fluoride Free Australia,https://www.youtube.com/watch?v=3QQoUKddDgo,2021-07-17T22:57:18+10:00,1
2026-06-14T00:34:43.321570+10:00,puvUZvRgqxg,YouTube,Fluoride Free Australia,Professor Paul Connett: Australian Fluoride Tour,fluoride,1,fluoride,,,,Fluoride Free Australia,https://www.youtube.com/watch?v=puvUZvRgqxg,2020-03-19T00:54:49+11:00,1
2026-06-14T00:34:52.954623+10:00,2Z6K6Xnnhn0,YouTube,Relative Tools,TOP 5 Best Fluoride Shower Filter 2026 | Shower Filters For Skin &amp; Hair Protection,fluoride,1,fluoride,,,,Relative Tools,https://www.youtube.com/watch?v=2Z6K6Xnnhn0,2026-05-25T23:15:00+10:00,1
2026-06-14T00:34:54.483584+10:00,Kp1vOZCTZ9k,YouTube,UPivitzzz,Shower Filter - Reduce Chemicals - Lead - Fluoride - Chlorine...,fluoride,1,fluoride,,,,UPivitzzz,https://www.youtube.com/watch?v=Kp1vOZCTZ9k,2026-05-25T12:36:28+10:00,1
2026-06-14T00:35:02.368034+10:00,x5U1V0ISeZY,YouTube,Organised Free Spirit,How to Prime &amp; Install Berkey PF-2 Fluoride Filters (Step-by-Step),fluoride,1,fluoride,,,,Organised Free Spirit,https://www.youtube.com/watch?v=x5U1V0ISeZY,2026-05-05T11:46:13+10:00,1
2026-06-14T00:35:18.123998+10:00,ptAQB_SbzGc,YouTube,The Sunken Timeline,The U.S. Added Fluoride to the Water in 1945 — The Same Year They Injected Plutonium Into Newborns,fluoride,1,fluoride,fluoride,,,The Sunken Timeline,https://www.youtube.com/watch?v=ptAQB_SbzGc,2026-05-08T20:59:00+10:00,1
2026-06-14T00:35:30.643566+10:00,eDR_ZxYDfNE,YouTube,Plant Parenting 360,The SHOCKING Origin of Fluoride in Your Drinking Water! (Fertilizer By-Product?),fluoride,1,fluoride,,,,Plant Parenting 360,https://www.youtube.com/watch?v=eDR_ZxYDfNE,2025-06-16T04:00:37+10:00,1
2026-06-14T00:35:38.458454+10:00,v0YsfcIsf-Y,YouTube,Andrew Kaufman,How Fluoride Ended up In Our Drinking Water,fluoride,1,fluoride,fluoride,,,Andrew Kaufman,https://www.youtube.com/watch?v=v0YsfcIsf-Y,2025-02-11T01:01:08+11:00,1
2026-06-14T00:35:43.244672+10:00,MyTGMoDaEPY,YouTube,Black A.M,William Cooper On Fluoride,fluoride,1,fluoride,fluoride,,,Black A.M,https://www.youtube.com/watch?v=MyTGMoDaEPY,2020-10-25T09:24:44+11:00,1
2026-06-14T00:35:49.590325+10:00,Z0ibYDj72k0,YouTube,The State of Freedom,The Hidden Dangers of Fluoride: Are We Poisoning Our Future? #shorts,fluoride,1,fluoride,,,,The State of Freedom,https://www.youtube.com/watch?v=Z0ibYDj72k0,2026-06-05T22:59:10+10:00,1
2026-06-14T00:35:54.288429+10:00,eoLA7wXqRvY,YouTube,Thanh Tâm Sống Khoẻ,Sự Thật Về Fluoride &amp; Đậu Nành Đang Hủy Hoại Tuyến Giáp Của Bạn,fluoride,1,fluoride,,,,Thanh Tâm Sống Khoẻ,https://www.youtube.com/watch?v=eoLA7wXqRvY,2026-05-22T23:35:14+10:00,1
2026-06-14T00:36:00.486429+10:00,t1gcYYldCJE,YouTube,Nick Conte,Better alternative to fluoride toothpaste 👇,fluoride,1,fluoride,,,,Nick Conte,https://www.youtube.com/watch?v=t1gcYYldCJE,2026-05-17T05:49:41+10:00,1
2026-06-14T00:36:08.316950+10:00,-611l0PnbTs,YouTube,Empowering health ,Learn about the endocrine (hormone and sleep) disruptor- fluoride.,fluoride,1,fluoride,,,,Empowering health ,https://www.youtube.com/watch?v=-611l0PnbTs,2026-05-01T23:12:28+10:00,1
2026-06-14T00:36:14.581575+10:00,a0tTMXdphDU,YouTube,Scientific death,The Fluoride Paradox: Hidden Dangers in Your Drinking Water &amp; Toothpaste,fluoride,1,fluoride,,,,Scientific death,https://www.youtube.com/watch?v=a0tTMXdphDU,2026-04-28T05:30:01+10:00,1
2026-06-14T00:36:25.751524+10:00,eURCcm74DhI,YouTube,InterestingClips,Potential Neurodevelopmental Concerns over Fluoride in Drinking Water,fluoride,1,fluoride,,,,InterestingClips,https://www.youtube.com/watch?v=eURCcm74DhI,2024-11-10T12:38:29+11:00,1
2026-06-14T00:36:30.395280+10:00,kUhrlsoDAp0,YouTube,TheOmeganews,"Fluoride in Water, Heath Effects and Dangers -mass drugging the world",fluoride,1,fluoride,fluoride,,,TheOmeganews,https://www.youtube.com/watch?v=kUhrlsoDAp0,2011-12-04T23:01:30+11:00,1
2026-06-14T00:36:41.646519+10:00,e2J8RnlKZa4,YouTube,Dr.Rajendra Bhuriya,બાળકને કયા ૧૨ રોગોથી બચાવે છે UIP રસી? 👶💉 | Vaccination Guide,vaccination,1,vaccination,,,,Dr.Rajendra Bhuriya,https://www.youtube.com/watch?v=e2J8RnlKZa4,2026-06-14T00:30:12+10:00,1
2026-06-14T00:36:49.474766+10:00,-Uqfj3JvUmA,YouTube,nursemadam,"baby Vaccination video 😭😭,😱😱#injection #vaccination #shorts #trending #nursemadam",vaccination,1,vaccination,,,,nursemadam,https://www.youtube.com/watch?v=-Uqfj3JvUmA,2026-06-13T23:47:34+10:00,1
2026-06-14T00:36:51.020296+10:00,Z6CWWJWQXl0,YouTube,JHANSI LAKSHMI PETS,🚫Importance of Dog Vaccination 🐶🐾💉 viral short video Jhansilakshmipets,vaccination,1,vaccination,,,,JHANSI LAKSHMI PETS,https://www.youtube.com/watch?v=Z6CWWJWQXl0,2026-06-13T23:45:04+10:00,1
2026-06-14T00:36:52.742275+10:00,lQOkRzWZBzU,YouTube,Sayed Mujahid Husain,Surprise is coming!!😁 #surprise #vaccination,vaccination,1,vaccination,,,,Sayed Mujahid Husain,https://www.youtube.com/watch?v=lQOkRzWZBzU,2026-06-13T23:34:02+10:00,1
2026-06-14T00:36:54.308991+10:00,VAoWf9SAutU,YouTube,Preesha_jan_25,Vaccine Lagi Aaj ❤️🧿!! angai!! #vaccine #littlebaby #teamvaccinetion #thankyou,vaccine,1,vaccine,,,,Preesha_jan_25,https://www.youtube.com/watch?v=VAoWf9SAutU,2026-06-13T23:30:06+10:00,1
2026-06-14T00:36:55.833622+10:00,WAjZjnOzClU,YouTube,Dr.VetR.N.B,వర్షాకాలం ప్రారంభంలో జీవాలకు వేయాల్సిన వ్యాక్సిన్ ఇదే..#sheep #goat #vaccination #viralshort,vaccination,1,vaccination,,,,Dr.VetR.N.B,https://www.youtube.com/watch?v=WAjZjnOzClU,2026-06-13T23:29:48+10:00,1
2026-06-14T00:36:57.372762+10:00,zKhm-IZIZt4,YouTube,Sovetco Biotech,Tiêm đầy đủ vaccine nhưng heo vẫn bệnh ?,vaccine,1,vaccine,,,,Sovetco Biotech,https://www.youtube.com/watch?v=zKhm-IZIZt4,2026-06-13T22:30:26+10:00,1
2026-06-14T00:36:58.888700+10:00,dIK3ptAQ4wQ,YouTube,Bangaru Babu Diaries ,మా బాబు Vaccination Day 💉👶#BabyVlog #VaccinationDay #BabyCare #CuteBaby #FamilyVlog #TeluguShorts,vaccination,1,vaccination,,,,Bangaru Babu Diaries ,https://www.youtube.com/watch?v=dIK3ptAQ4wQ,2026-06-13T22:26:13+10:00,1
2026-06-14T00:37:00.431110+10:00,aAOwsVfTpYs,YouTube,Nurse didi,baby injection video 🤗🤗 #injection #vaccination #shorts #viralvideo #nursedidi,vaccination,1,vaccination,,,,Nurse didi,https://www.youtube.com/watch?v=aAOwsVfTpYs,2026-06-13T21:58:08+10:00,1
2026-06-14T00:37:01.989396+10:00,HmBPh3KAifw,YouTube,SEVETYS,N’oubliez pas la vaccination et le traitement antiparasitaire pour votre animal. ❤️,vaccination,1,vaccination,,,,SEVETYS,https://www.youtube.com/watch?v=HmBPh3KAifw,2026-06-13T18:36:33+10:00,1
2026-06-14T00:37:03.573366+10:00,Or4i4RRYa64,YouTube,Chinext,#shorts #shortsfeed #babycrying #vaccination,vaccination,1,vaccination,,,,Chinext,https://www.youtube.com/watch?v=Or4i4RRYa64,2026-06-13T18:00:03+10:00,1
2026-06-14T00:37:05.093199+10:00,xZTkIXN6LvE,YouTube,GJhogfarm,Vaccination is almost done #backyardfarming,vaccination,1,vaccination,,,,GJhogfarm,https://www.youtube.com/watch?v=xZTkIXN6LvE,2026-06-13T17:12:11+10:00,1
2026-06-14T00:37:06.621081+10:00,gyLXu53e644,YouTube,Chinext,#shorts #shortsfeed #babycrying #vaccination,vaccination,1,vaccination,,,,Chinext,https://www.youtube.com/watch?v=gyLXu53e644,2026-06-13T17:00:28+10:00,1
2026-06-14T00:37:08.149365+10:00,bNYA2lEATGg,YouTube,Ami Prameli,বেবি Vaccination নিয়ে কিছু গুরুত্বপূর্ণ কথা🌼#immunizationschedule#babyvaccination#newbornbaby#viral,vaccination,1,vaccination,,,,Ami Prameli,https://www.youtube.com/watch?v=bNYA2lEATGg,2026-06-13T13:15:40+10:00,1
2026-06-14T00:37:09.671321+10:00,duo1ayviqyw,YouTube,Chinext,#shorts #shortsfeed #babycrying #vaccination,vaccination,1,vaccination,,,,Chinext,https://www.youtube.com/watch?v=duo1ayviqyw,2026-06-13T13:00:35+10:00,1
2026-06-14T00:37:11.205653+10:00,p4Yv5ICbRFo,YouTube,Chinext,#shorts #shortsfeed #babycrying #vaccination,vaccination,1,vaccination,,,,Chinext,https://www.youtube.com/watch?v=p4Yv5ICbRFo,2026-06-13T12:00:35+10:00,1
2026-06-14T00:37:12.890639+10:00,3t-jSlZpiBc,YouTube,Stay Tuned with Preet Bharara,Atul Gawande: “We have given up our mRNA vaccine industry.”,vaccine,1,vaccine,vaccine,,,Stay Tuned with Preet Bharara,https://www.youtube.com/watch?v=3t-jSlZpiBc,2026-06-13T05:44:39+10:00,1
2026-06-14T00:37:17.743512+10:00,6cM_SPqsPbI,YouTube,Vân làm mẹ,Tiêm vaccine tại Long Châu có gì?,vaccine,1,vaccine,,,,Vân làm mẹ,https://www.youtube.com/watch?v=6cM_SPqsPbI,2026-06-12T23:00:13+10:00,1
2026-06-14T00:37:21.182820+10:00,Xwq9A3dAU-U,YouTube,A Internet Show,Are you HYPE for the new vaccine??,vaccine,1,vaccine,vaccine,,,A Internet Show,https://www.youtube.com/watch?v=Xwq9A3dAU-U,2026-06-14T00:00:19+10:00,1
2026-06-14T00:37:22.699499+10:00,jPjsFQrxR1g,YouTube,Monsters LLC,Agenda 20 Dumb: The Shocking Vaccine Depopulation Plan! #shorts,vaccine,1,vaccine,,,,Monsters LLC,https://www.youtube.com/watch?v=jPjsFQrxR1g,2026-06-14T00:01:26+10:00,1
2026-06-14T00:37:25.751724+10:00,uHCpCQq9PEE,YouTube,Sangita Odia vlogger ,ମୋ ଝିଅ ର Vaccine #shorts #youtubeshorts #shortsfeed #trending #minivlog @ssslifestyle7243,vaccine,1,vaccine,,,,Sangita Odia vlogger ,https://www.youtube.com/watch?v=uHCpCQq9PEE,2026-06-13T23:40:48+10:00,1
2026-06-14T00:37:28.778463+10:00,TyBcKfCpmn0,YouTube,Inside Human 3D,What Really Happens Inside Your Body After a Vaccine ?😳,vaccine,1,vaccine,,,,Inside Human 3D,https://www.youtube.com/watch?v=TyBcKfCpmn0,2026-06-13T22:48:30+10:00,1
2026-06-14T00:37:30.303525+10:00,mIWRlVJJ730,YouTube,RC REDDY IAS STUDY CIRCLE,Tetanus &amp; Diphtheria వ్యాధుల నివారణ Vaccine కార్యక్రమం | Vishwanath Sir | R.C.Reddy IAS Study,vaccine,1,vaccine,,,,RC REDDY IAS STUDY CIRCLE,https://www.youtube.com/watch?v=mIWRlVJJ730,2026-06-13T22:30:10+10:00,1
2026-06-14T00:37:31.833676+10:00,Z1O4WL3JXws,YouTube,9NEWS,Doctors update recommended vaccine schedule for pregnant women,vaccine,1,vaccine,,,,9NEWS,https://www.youtube.com/watch?v=Z1O4WL3JXws,2026-06-13T09:03:16+10:00,1
2026-06-14T00:37:33.353020+10:00,4Ye7X8vCqX0,YouTube,Full Measure with Sharyl Attkisson,Longstanding concerns over vaccine autism links,vaccine,1,vaccine,,,,Full Measure with Sharyl Attkisson,https://www.youtube.com/watch?v=4Ye7X8vCqX0,2026-06-13T07:46:20+10:00,1
2026-06-14T00:37:36.602002+10:00,t5ZLd1y3C98,YouTube,ITV News,The vaccine rollout which hopes to stop meningitis B,vaccine,1,vaccine,vaccine,,,ITV News,https://www.youtube.com/watch?v=t5ZLd1y3C98,2026-06-13T04:22:33+10:00,1
2026-06-14T00:37:38.189689+10:00,FJTXsqdCY0U,YouTube,4 News Now,Melanoma vaccine shows promising results,vaccine,1,vaccine,,,,4 News Now,https://www.youtube.com/watch?v=FJTXsqdCY0U,2026-06-13T03:33:22+10:00,1
2026-06-14T00:37:39.710560+10:00,OcBgoCYH-sc,YouTube,Dr. Praveenya Mahanthi,"Parents, Don&#39;t Ignore This Important Vaccine for Your Daughter!! #shorts #hpvvaccine #drpraveenya",vaccine,1,vaccine,,,,Dr. Praveenya Mahanthi,https://www.youtube.com/watch?v=OcBgoCYH-sc,2026-06-13T03:02:22+10:00,1
2026-06-14T00:37:42.934587+10:00,XdYRB8dsi7Y,YouTube,Affordable Pet Labs,What If Your Senior Pet Has Never Had a Vaccine Titer Before?,vaccine,1,vaccine,,,,Affordable Pet Labs,https://www.youtube.com/watch?v=XdYRB8dsi7Y,2026-05-29T10:07:25+10:00,1
2026-06-14T00:37:44.467906+10:00,g2Xr3y266-A,YouTube,Loma Linda University Health,Alternate Vaccine Schedules - Loma Linda University Children&#39;s Health,vaccine,1,vaccine,,,,Loma Linda University Health,https://www.youtube.com/watch?v=g2Xr3y266-A,2026-04-01T02:57:13+11:00,1
2026-06-14T00:37:46.012180+10:00,IH-pAGjUTYE,YouTube,Quentin & Vanessa Jiles,Finding a Doctor for Alternative Vaccine Schedules: The Struggle! #shorts,vaccine,1,vaccine,,,,Quentin & Vanessa Jiles,https://www.youtube.com/watch?v=IH-pAGjUTYE,2025-11-04T10:03:44+11:00,1
2026-06-14T00:37:49.121947+10:00,GHrNpCk2j4Q,YouTube,JOWMA,"Podcast: Pediatric Infections: Risks of Vaccine Hesitancy &amp; Alternative Schedules w/ Adam Ratner, MD",vaccine,1,vaccine,,,,JOWMA,https://www.youtube.com/watch?v=GHrNpCk2j4Q,2025-02-13T16:00:13+11:00,1
2026-06-14T00:37:52.361173+10:00,2c4S_AzELIE,YouTube,Matthew Rafat,Why Caitlin Flanagan is Wrong about Selective Vaccine Exemptions,vaccine,1,vaccine,,,,Matthew Rafat,https://www.youtube.com/watch?v=2c4S_AzELIE,2022-01-29T11:43:39+11:00,1
2026-06-14T00:37:53.932506+10:00,nnuVRc3MSIY,YouTube,Natasha Zarich,alternative vaccine schedule,vaccine,1,vaccine,,,,Natasha Zarich,https://www.youtube.com/watch?v=nnuVRc3MSIY,2017-07-25T05:01:49+10:00,1
2026-06-14T00:37:57.174747+10:00,Phy1h1cxgSQ,YouTube,Whole Family Medicine,"Alternative Vaccine Schedule at Whole Family Medicine, Decatur GA",vaccine,1,vaccine,vaccine,,,Whole Family Medicine,https://www.youtube.com/watch?v=Phy1h1cxgSQ,2016-06-22T01:28:46+10:00,1
2026-06-14T00:37:58.765460+10:00,f03GSqVCj-E,YouTube,KPBS Public Media,Shot Delays: Alternative Vaccine Schedules Mean Fewer San Diego Students Are Fully Immunized,vaccine,1,vaccine,vaccine,,,KPBS Public Media,https://www.youtube.com/watch?v=f03GSqVCj-E,2013-09-19T10:07:39+10:00,1
2026-06-14T00:38:03.901668+10:00,PJN9OxjwDqU,YouTube,House Clips Clips,Swollen Face Mystery: Missing Vaccinations &amp; Pharma Lies? #shorts,vaccination,1,vaccination,,,,House Clips Clips,https://www.youtube.com/watch?v=PJN9OxjwDqU,2026-04-30T08:25:11+10:00,1
2026-06-14T00:38:05.428844+10:00,wjmCYSOxFTc,YouTube,The Pulse Report,ABC &amp; CNN LIED About Kids&#39; COVID Shots!,vaccine,1,vaccine,,,,The Pulse Report,https://www.youtube.com/watch?v=wjmCYSOxFTc,2026-04-30T03:00:07+10:00,1
2026-06-14T00:38:06.956228+10:00,5kGIuhrhib4,YouTube,Jonathan Howard,RFK lies about COVID vaccines,vaccine,1,vaccine,,,,Jonathan Howard,https://www.youtube.com/watch?v=5kGIuhrhib4,2026-04-22T06:43:08+10:00,1
2026-06-14T00:38:08.486360+10:00,sjVIEqs2n1g,YouTube,FullSpoiler [EN],🤥 Dr. Mike Exposes the Biggest Lie About Vaccines,vaccine,1,vaccine,,,,FullSpoiler [EN],https://www.youtube.com/watch?v=sjVIEqs2n1g,2026-04-20T03:00:41+10:00,1
2026-06-14T00:38:10.046493+10:00,Z38CEfAVC0E,YouTube,Young Ancestor,“He knew it and lied” #bigpharma never surprises me #covidvaccine #healthcare #vaccines,vaccine,1,vaccine,,,,Young Ancestor,https://www.youtube.com/watch?v=Z38CEfAVC0E,2026-04-14T01:38:07+10:00,1
2026-06-14T00:38:11.584789+10:00,fPmmtBgtaiA,YouTube,BioTech Informant,2026 Vaccine Lies: AI Fuels Dangerous Misinformation Wave!,vaccine,1,vaccine,,,,BioTech Informant,https://www.youtube.com/watch?v=fPmmtBgtaiA,2026-03-09T07:09:18+11:00,1
2026-06-14T00:38:13.125011+10:00,APtRDRkXzSo,YouTube,golden clips ,"#11 Big Pharma&#39;s Lies  Birth Defects, Cancer, and Vaccines",vaccine,1,vaccine,,,,golden clips ,https://www.youtube.com/watch?v=APtRDRkXzSo,2026-03-05T06:23:54+11:00,1
2026-06-14T00:38:14.661125+10:00,tYgySzWhv30,YouTube,My Top Show,ALL VACCINES. None are safe. None are effective. Big Pharma LIED TO ...,vaccine,1,vaccine,,,,My Top Show,https://www.youtube.com/watch?v=tYgySzWhv30,2026-02-21T04:17:35+11:00,1
2026-06-14T00:38:16.203968+10:00,rTzaCT3rsho,YouTube,The American F.A.N Podcast,F.A.N Ep. #22 Seg. 3: The COVID vaccine lie that Big Pharma won’t tell you ,vaccine,1,vaccine,,,,The American F.A.N Podcast,https://www.youtube.com/watch?v=rTzaCT3rsho,2026-02-19T08:22:29+11:00,1
2026-06-14T00:38:17.855564+10:00,GIhn-Uv7tWE,YouTube,Graig Weich BeyondComics. TV,Covid Vaccine Big Pharma Lies? Pharmaceutical industry &amp; Medical RFK Trump Who to Trust? Vax Pfizer,vaccine,1,vaccine,,,,Graig Weich BeyondComics. TV,https://www.youtube.com/watch?v=GIhn-Uv7tWE,2025-12-09T01:43:39+11:00,1
2026-06-14T00:38:19.448588+10:00,axzr-xWDSwk,YouTube,Lara Logan,“The Vaccine Lie was going great…”,vaccine,1,vaccine,,,,Lara Logan,https://www.youtube.com/watch?v=axzr-xWDSwk,2025-11-13T05:53:43+11:00,1
2026-06-14T00:38:20.961967+10:00,q8xyLkTczxM,YouTube,Dr. Nichole Morris,I&#39;m Done With the Lies,vaccine,1,vaccine,,,,Dr. Nichole Morris,https://www.youtube.com/watch?v=q8xyLkTczxM,2025-11-05T07:00:33+11:00,1
2026-06-14T00:38:22.489885+10:00,CnXPxgqC0UY,YouTube,Adam Allred Official,Vaccine Lies: Why Big Pharma Isn&#39;t Held Accountable #shorts,vaccine,1,vaccine,,,,Adam Allred Official,https://www.youtube.com/watch?v=CnXPxgqC0UY,2025-10-12T23:04:41+11:00,1
2026-06-14T00:38:24.053706+10:00,NsyLmjJoGMk,YouTube,Uncommon Ground,MAGA DESTROYED For MMR Vaccine Lies!,vaccine,1,vaccine,,,,Uncommon Ground,https://www.youtube.com/watch?v=NsyLmjJoGMk,2025-10-11T03:48:34+11:00,1
2026-06-14T00:38:25.593629+10:00,EuXad7CfnQI,YouTube,Social Society w/ Brandon Clark,MAGA DESTROYED For MMR Vaccine Lies!,vaccine,1,vaccine,,,,Social Society w/ Brandon Clark,https://www.youtube.com/watch?v=EuXad7CfnQI,2025-10-11T03:49:40+11:00,1
2026-06-14T00:38:27.101725+10:00,24j5q32EQNs,YouTube,The Discourse w/Brandon Clark,MAGA DESTROYED For MMR Vaccine Lies!,vaccine,1,vaccine,,,,The Discourse w/Brandon Clark,https://www.youtube.com/watch?v=24j5q32EQNs,2025-10-11T03:42:34+11:00,1
2026-06-14T00:38:37.034089+10:00,wNIj4rj12Pk,YouTube,David McCaffrey,Vaccine Harm vs  Excess Deaths The Real Story #criticalthinking #calmvoices #inplainsightpodcast,vaccine,1,vaccine,,,,David McCaffrey,https://www.youtube.com/watch?v=wNIj4rj12Pk,2026-05-10T02:10:52+10:00,1
2026-06-14T00:38:41.768155+10:00,EYlPKf_nYww,YouTube,Grant Stinchfield,McCullough On The 2021 Spike Nobody Expected #doctor #truth #shorts,vaccination,1,vaccination,,,,Grant Stinchfield,https://www.youtube.com/watch?v=EYlPKf_nYww,2026-04-09T04:00:00+10:00,1
2026-06-14T00:38:43.314280+10:00,0Q5Xsxxl208,YouTube,Grant Stinchfield,Why did deaths jump so high after 2020 #vaccine #health #trending,vaccine,1,vaccine,,,,Grant Stinchfield,https://www.youtube.com/watch?v=0Q5Xsxxl208,2026-04-09T01:00:00+10:00,1
2026-06-14T00:38:46.556262+10:00,ndOMRUFHb0g,YouTube,Dr Diaguard,BRC propaganda exposed video 15 | COVID Vaccine se “At Spot Death”? Truth Explain | Myth vs Reality,vaccine,1,vaccine,,,,Dr Diaguard,https://www.youtube.com/watch?v=ndOMRUFHb0g,2026-04-01T23:30:00+11:00,1
2026-06-14T00:38:48.106796+10:00,-OBIhh9_kw4,YouTube,Clipoo-mania,Dr. Peter McCullough Discusses Shocking VAERS Vaccine Death Statistics with Theo Von,vaccine,1,vaccine,,,,Clipoo-mania,https://www.youtube.com/watch?v=-OBIhh9_kw4,2026-03-24T15:13:48+11:00,1
2026-06-14T00:38:49.708316+10:00,yR2ahWVnJTQ,YouTube,nathashasCheekyWorld,Covid #CDC #VaccineSafety #FOIADocuments #HealthNews #Investigative    Source:,vaccine,1,vaccine,,,,nathashasCheekyWorld,https://www.youtube.com/watch?v=yR2ahWVnJTQ,2026-03-22T14:40:43+11:00,1
2026-06-14T00:38:57.513959+10:00,CQ-RA4gUMiI,YouTube,Hamza Jutt,Joe Rogan Reacts to Vaccine Death Study #shorts,vaccine,1,vaccine,,,,Hamza Jutt,https://www.youtube.com/watch?v=CQ-RA4gUMiI,2026-02-23T22:00:17+11:00,1
2026-06-14T00:38:59.052960+10:00,igkhDwWnQcQ,YouTube,Charismatic Studio,"Shocking VAERS Data: 14,000 Post-COVID Vax Deaths Revealed! #shorts",vaccination,1,vaccination,,,,Charismatic Studio,https://www.youtube.com/watch?v=igkhDwWnQcQ,2026-02-16T09:02:20+11:00,1
2026-06-14T00:39:00.607192+10:00,BHUzGpDAI1I,YouTube,McCullough Foundation,Shocking Vaccine Mortality Data,vaccine,1,vaccine,,,,McCullough Foundation,https://www.youtube.com/watch?v=BHUzGpDAI1I,2026-01-15T14:17:58+11:00,1
2026-06-14T00:39:02.207140+10:00,zq5twoIctMg,YouTube,Flashlights,The Code That Doesn’t Exist: How CDC Disappears COVID Vaccine Deaths | John Beaudoin,vaccine,1,vaccine,,,,Flashlights,https://www.youtube.com/watch?v=zq5twoIctMg,2026-01-03T02:04:02+11:00,1
2026-06-14T00:39:03.761209+10:00,vJtcWTa_XQE,YouTube,Crossfire Stories,Piers Morgan Makes Joe Rogan CRY Over Vaccine Deaths   Most EMOTIONAL Interview,vaccine,1,vaccine,,,,Crossfire Stories,https://www.youtube.com/watch?v=vJtcWTa_XQE,2025-12-31T08:01:08+11:00,1
2026-06-14T00:39:06.887105+10:00,ySnAouY6gjA,YouTube,Owen Report,Dr. Victory Responds To FDA Investigation Into Covid Vaccine Deaths,vaccine,1,vaccine,vaccine,,,Owen Report,https://www.youtube.com/watch?v=ySnAouY6gjA,2025-12-11T17:34:28+11:00,1
2026-06-14T00:39:08.497705+10:00,SVMroJ3i3-8,YouTube,McCullough Foundation,Leaked FDA Data: Child Deaths After COVID Vaccination,vaccination,1,vaccination,,,,McCullough Foundation,https://www.youtube.com/watch?v=SVMroJ3i3-8,2025-12-11T13:04:30+11:00,1
2026-06-14T00:39:16.631445+10:00,ool2o8Iy0zE,YouTube,Jolina Wong,How the Immune System &amp; Vaccine Works in Less Than 3 Minutes - Science Ambassador Scholarship 25-26,vaccine,1,vaccine,,,,Jolina Wong,https://www.youtube.com/watch?v=ool2o8Iy0zE,2025-12-13T15:58:12+11:00,1
2026-06-14T00:39:18.140904+10:00,x5W8CDVvSZE,YouTube,The mother Doctor,Why Vaccines Are Safer Than Natural Immunity | Protect Your Baby the Smart Way,vaccine,1,vaccine,,,,The mother Doctor,https://www.youtube.com/watch?v=x5W8CDVvSZE,2025-06-29T12:28:06+10:00,1
2026-06-14T00:39:19.774576+10:00,3wTIEfn3cXE,YouTube,Dr. David MD,Is COVID Natural Immunity Better than More Vaccines? | Ask Dr. David,vaccine,1,vaccine,vaccine,,,Dr. David MD,https://www.youtube.com/watch?v=3wTIEfn3cXE,2023-02-28T05:52:11+11:00,1
2026-06-14T00:39:28.131376+10:00,TdWGXcSSxXQ,YouTube,UMN Office of Academic Clinical Affairs,Are COVID vaccines more effective than natural immunity?,vaccine,1,vaccine,vaccine,,,UMN Office of Academic Clinical Affairs,https://www.youtube.com/watch?v=TdWGXcSSxXQ,2022-04-01T07:04:11+11:00,1
2026-06-14T00:39:29.786086+10:00,_mNFi5Wlw4U,YouTube,Healthy Living Clinic,Why Natural Immunity Is Better than Vaccine Immunity,vaccine,1,vaccine,,,,Healthy Living Clinic,https://www.youtube.com/watch?v=_mNFi5Wlw4U,2022-03-25T06:21:56+11:00,1
2026-06-14T00:39:31.309796+10:00,RhSOZyTFwqo,YouTube,KOIN 6,"Vaccinations, natural immunity spark less restrictive guidance",vaccination,1,vaccination,,,,KOIN 6,https://www.youtube.com/watch?v=RhSOZyTFwqo,2022-03-25T00:22:26+11:00,1
2026-06-14T01:23:28.116341+10:00,CtpsOTh9UNw,YouTube,Delta Dental,The History of Fluoride,"fluoridation, fluoride, fluoride water filter, fluoride byproduct, mass medication fluoride, vaccine, pharma vaccine lying",7,"fluoridation, fluoride","fluoridation, fluoride, fluoride water filter, fluoride byproduct, mass medication fluoride, vaccine, pharma vaccine lying",,,Delta Dental,https://www.youtube.com/watch?v=CtpsOTh9UNw,2013-12-14T07:13:32+11:00,23
2026-06-14T01:23:30.500560+10:00,2YDeMaR38uE,YouTube,:BananenRepublik in Deutschland,How a Nuclear Waste Byproduct Made Its Way Into the Nation&#39;s Drinking Water,"fluoride, fluoride byproduct",2,"fluoride, fluoride byproduct",fluoride,,,:BananenRepublik in Deutschland,https://www.youtube.com/watch?v=2YDeMaR38uE,2012-08-04T08:20:09+10:00,6
2026-06-14T01:23:42.683209+10:00,H76Ta1j1kbE,YouTube,KL at TN,🧿വാക്‌സിൻ എടുത്തപ്പോ ചിരിയങ് പോയി🤧2nd Vaccination#minivlog #baby #vaccination #emotional #shorts,"vaccination, vaccine",2,vaccination,"vaccination, vaccine",,,KL at TN,https://www.youtube.com/watch?v=H76Ta1j1kbE,2026-06-13T01:59:18+10:00,2
2026-06-14T01:23:19.180772+10:00,baw5Uz1Q3OY,YouTube,Bearded Water Sommelier,#water #fluoride #learn #natural,fluoride,1,fluoride,,,,Bearded Water Sommelier,https://www.youtube.com/watch?v=baw5Uz1Q3OY,2026-05-08T23:40:24+10:00,1
2026-06-14T01:23:21.768220+10:00,s0K8NexifsE,YouTube,aceexistence ,Average fried by fluoride song lmao music vid,fluoride,1,fluoride,,,,aceexistence ,https://www.youtube.com/watch?v=s0K8NexifsE,2026-06-14T01:21:56+10:00,1
2026-06-14T01:23:22.942728+10:00,uU8ferQGppI,YouTube,haziq ,fluoride benefits,fluoride,1,fluoride,,,,haziq ,https://www.youtube.com/watch?v=uU8ferQGppI,2026-06-14T00:42:46+10:00,1
2026-06-14T01:23:29.333549+10:00,Rg1SglR3jwk,YouTube,Flora Daten,"Healthy Kids, Healthy Portland Interview - Denies that Fluoride Is A By-Product",fluoride,1,fluoride,fluoride,,,Flora Daten,https://www.youtube.com/watch?v=Rg1SglR3jwk,2013-05-07T23:54:18+10:00,1
2026-06-14T01:23:35.673381+10:00,gmYcl4mggEU,YouTube,Anvi cutediaries,NICU Pre-term Baby Vaccination……. #nicu #preemie #viral #vaccination #cutebaby #minivlog #youtube,vaccination,1,vaccination,,,,Anvi cutediaries,https://www.youtube.com/watch?v=gmYcl4mggEU,2026-06-14T01:07:41+10:00,1
2026-06-14T01:23:36.794522+10:00,63ASsU10gYU,YouTube,Dr. Likhita Dasari,PNEUMOCOCCAL VACCINATION and its importance #healthtips #tips #vacation #health #prevention,vaccination,1,vaccination,,,,Dr. Likhita Dasari,https://www.youtube.com/watch?v=63ASsU10gYU,2026-06-14T00:46:16+10:00,1
2026-06-14T01:23:37.935117+10:00,6xaoQbCK1tI,YouTube,dch_official_,Hepatitis Vaccine✅#nurse#nursing #bscnursing #nursingstudent #ytshorts #atithinursingshorts #vaccine,vaccine,1,vaccine,,,,dch_official_,https://www.youtube.com/watch?v=6xaoQbCK1tI,2026-06-14T00:43:52+10:00,1
2026-06-14T01:23:39.056420+10:00,dOJzFutqow0,YouTube,Advaith Gurung,After vaccination  my child be like 🤣🤣,vaccination,1,vaccination,,,,Advaith Gurung,https://www.youtube.com/watch?v=dOJzFutqow0,2026-06-13T22:52:37+10:00,1
2026-06-14T01:23:40.175780+10:00,gI6hkBo_5ak,YouTube,GJhogfarm,Vaccination for piglets is almost done #backyardfarming,vaccination,1,vaccination,,,,GJhogfarm,https://www.youtube.com/watch?v=gI6hkBo_5ak,2026-06-13T21:08:17+10:00,1
2026-06-14T01:23:41.398447+10:00,sy1cka2cdHk,YouTube,International Relations,india give thousands of doses vaccine to Maldives while Maldives is close to China #shorts #iafplane,vaccine,1,vaccine,vaccine,,,International Relations,https://www.youtube.com/watch?v=sy1cka2cdHk,2026-06-13T02:25:29+10:00,1
2026-06-14T01:23:43.842372+10:00,D8X6AWFgzAs,YouTube,Channel 4 News,One million students to be offered meningitis B vaccine,vaccine,1,vaccine,,,,Channel 4 News,https://www.youtube.com/watch?v=D8X6AWFgzAs,2026-06-12T22:25:55+10:00,1
2026-06-14T01:23:44.973989+10:00,aM1O_MrLXWE,YouTube,Nurse didi,baby vitamin a drop 🤗🤗 #injection #vaccination #injection #shorts #nursedidi,vaccination,1,vaccination,,,,Nurse didi,https://www.youtube.com/watch?v=aM1O_MrLXWE,2026-06-12T22:20:26+10:00,1
2026-06-14T01:23:47.417268+10:00,3_OAUoa9Jtw,YouTube,Dr Pulkit Kumar,Rabies Vaccine,vaccine,1,vaccine,,,,Dr Pulkit Kumar,https://www.youtube.com/watch?v=3_OAUoa9Jtw,2026-06-14T01:13:59+10:00,1
2026-06-14T01:23:48.539954+10:00,eWqWpwpUHi4,YouTube,RAFIK,Castiel s experimental neuroblastoma vaccine is provided by the hospital,vaccine,1,vaccine,,,,RAFIK,https://www.youtube.com/watch?v=eWqWpwpUHi4,2026-06-14T01:11:05+10:00,1
2026-06-14T01:23:49.658493+10:00,PWJ640VtIr0,YouTube,Signal From Tomorrow,They&#39;re About To Make A Vaccine For Your Cancer #Shorts #Future,vaccine,1,vaccine,,,,Signal From Tomorrow,https://www.youtube.com/watch?v=PWJ640VtIr0,2026-06-14T00:55:04+10:00,1
2026-06-14T01:23:50.810263+10:00,O5FhdUlmsRA,YouTube,FlashGrid News,JUSTICE SERVED Navy Sailor Reinstated After Vaccine Mandate Termination 🇺🇸,vaccine,1,vaccine,,,,FlashGrid News,https://www.youtube.com/watch?v=O5FhdUlmsRA,2026-06-14T00:52:45+10:00,1
2026-06-14T01:23:51.945776+10:00,lMBdP_QsGlo,YouTube,DrMoni Nicu Babies,Hepatitis B vaccines done baby is very cuteness #newborn #cutebaby #lifestyle #love #baby #babygirl,vaccine,1,vaccine,,,,DrMoni Nicu Babies,https://www.youtube.com/watch?v=lMBdP_QsGlo,2026-06-14T00:50:36+10:00,1
2026-06-14T01:23:53.117065+10:00,Q_UdvfyJhAg,YouTube,Brain Desk,World&#39;s First mRNA Lung Cancer Vaccine Enters Human Trials 🫁🔬 #sciencenews #shorts,vaccine,1,vaccine,,,,Brain Desk,https://www.youtube.com/watch?v=Q_UdvfyJhAg,2026-06-14T00:34:01+10:00,1
2026-06-14T01:23:54.284066+10:00,3mBjbqQfIjY,YouTube,NTV Kenya,Women and Power | Norah Magero&#39;s award-winning vaccine courier innovation,vaccine,1,vaccine,,,,NTV Kenya,https://www.youtube.com/watch?v=3mBjbqQfIjY,2026-06-13T05:06:25+10:00,1
2026-06-14T15:52:17.613287+10:00,yxqQBrCnPfQ,YouTube,The Daily Signal,BREAKING: FDA Chief Says He Has ‘Moral Duty’ to Expose COVID-19 Vaccine Deaths,"vaccine, vaccination, pharma vaccine lying, vaccine autism parent group, vaccine death data, vaccine less than natural immunity",6,vaccine,"vaccination, vaccine, pharma vaccine lying, vaccine autism parent group, vaccine death data, vaccine less than natural immunity",,,The Daily Signal,https://www.youtube.com/watch?v=yxqQBrCnPfQ,2025-12-11T05:25:24+11:00,22
2026-06-14T15:51:57.384693+10:00,T2ED1eTazBI,YouTube,Redacted,&quot;They will vaccinate you with DNA while you&#39;re not looking&quot; Dr. McCullough exposes new AI DNA vax,"vaccine, vaccination, pharma vaccine lying, vaccine death data, vaccine less than natural immunity",5,vaccine,"vaccination, vaccine, pharma vaccine lying, vaccine death data, vaccine less than natural immunity",,,Redacted,https://www.youtube.com/watch?v=T2ED1eTazBI,2026-06-13T10:00:23+10:00,17
2026-06-14T15:51:35.099132+10:00,cw7CL5qxJ5U,YouTube,Brenda Staudenmaier,This is How Much Toxic Waste Fluoride is Added to the Green Bay Water Supply,"fluoride, fluoridation, fluoride thyroid, mass medication fluoride",4,fluoride,"fluoridation, fluoride, fluoride thyroid, mass medication fluoride",,,Brenda Staudenmaier,https://www.youtube.com/watch?v=cw7CL5qxJ5U,2020-11-18T02:45:13+11:00,12
2026-06-14T15:51:11.651105+10:00,WhUYLwMvSpc,YouTube,Blonde Majority,The Truth About Fluoride and a &#39;Crazy&#39; Teeth-Whitening Hack,"fluoride, fluoride water filter",2,"fluoride, fluoride water filter",,,,Blonde Majority,https://www.youtube.com/watch?v=WhUYLwMvSpc,2026-06-14T04:14:46+10:00,6
2026-06-14T15:51:12.766411+10:00,NJalEVoQ2yg,YouTube,DOCTOR LIFE EXTENSION,How Water Fluoridation Poisons You 💧 ☠️ 1min Cartoon Explained To An 8 Year Old,"fluoridation, fluoride",2,"fluoridation, fluoride",,,,DOCTOR LIFE EXTENSION,https://www.youtube.com/watch?v=NJalEVoQ2yg,2026-06-14T02:06:54+10:00,2
2026-06-14T15:51:50.544662+10:00,fnyAKsswtec,YouTube,The Modern Shepherd 🐏🐐,Sheep farming vaccine in rainy season #themodernshepherd #sheepfarming #goat,"vaccine, vaccination",2,vaccine,vaccination,,,The Modern Shepherd 🐏🐐,https://www.youtube.com/watch?v=fnyAKsswtec,2026-06-14T11:00:16+10:00,2
2026-06-14T15:51:52.761008+10:00,_6y1_bGC3BY,YouTube,assimalhakeem,"He faked vaccination report at his company, is the salary haram? assim al hakeem","vaccination, vaccine",2,vaccination,vaccine,,,assimalhakeem,https://www.youtube.com/watch?v=_6y1_bGC3BY,2026-06-14T04:00:19+10:00,2
2026-06-14T15:51:54.992879+10:00,2MXcBMDRHNk,YouTube,Newborn Love ,bcg vaccine shot is care of newborn #newborn #newbornbaby #vaccine #vaccination #adorable,"vaccination, vaccine",2,"vaccination, vaccine",,,,Newborn Love ,https://www.youtube.com/watch?v=2MXcBMDRHNk,2026-06-14T00:58:03+10:00,2
2026-06-14T15:52:02.126653+10:00,sKw3RQpLuk4,YouTube,PSM Simplified: Community Medicine & Research,BCG Vaccine in 30 Seconds |Most Asked Viva Question#psm #youtubeshorts #neetpg #fmge #shorts #viral,"vaccine, vaccination",2,vaccine,"vaccination, vaccine",,,PSM Simplified: Community Medicine & Research,https://www.youtube.com/watch?v=sKw3RQpLuk4,2026-06-14T15:23:42+10:00,2
2026-06-14T15:51:13.913128+10:00,VzHNC6GhkA4,YouTube,BEST INFLUENCER,😱 Fluoride Water Myths BUSTED! #science #facts,fluoride,1,fluoride,,,,BEST INFLUENCER,https://www.youtube.com/watch?v=VzHNC6GhkA4,2026-05-08T22:34:01+10:00,1
2026-06-14T15:51:16.382341+10:00,jf-2wUfJS28,YouTube,DigitalLove13,(free) cupsize x fried by fluoride x punk rock Type Beat &quot;N201&quot;,fluoride,1,fluoride,,,,DigitalLove13,https://www.youtube.com/watch?v=jf-2wUfJS28,2026-06-14T15:30:05+10:00,1
2026-06-14T15:51:17.539494+10:00,AI5OZGsLWek,YouTube,Rhose Vlog,Moose Gear Baby Toothpaste 55g 🍓 Strawberry Flavor🦷 Fluoride Free🪥 Safe if swallowed,fluoride,1,fluoride,,,,Rhose Vlog,https://www.youtube.com/watch?v=AI5OZGsLWek,2026-06-14T11:51:31+10:00,1
2026-06-14T15:51:18.645136+10:00,hTzmr1OTgSc,YouTube,Bisson Dentistry,Fluoride helps but habits matter,fluoride,1,fluoride,,,,Bisson Dentistry,https://www.youtube.com/watch?v=hTzmr1OTgSc,2026-06-14T09:32:51+10:00,1
2026-06-14T15:51:19.816901+10:00,jNfUJDWJb_U,YouTube,Zackattack Studios,they&#39;re dosing everybody with neurotoxins in the food then mandating fluoride to wash it down...,fluoride,1,fluoride,,,,Zackattack Studios,https://www.youtube.com/watch?v=jNfUJDWJb_U,2026-06-14T09:02:19+10:00,1
2026-06-14T15:51:20.938794+10:00,D6Ibc5Ouzzk,YouTube,Arkansas Underground,Arkansas fluoride cover up exposed Arkansas hidden history Arkansas untold stories Arkansas,fluoride,1,fluoride,,,,Arkansas Underground,https://www.youtube.com/watch?v=D6Ibc5Ouzzk,2026-06-14T08:12:25+10:00,1
2026-06-14T15:51:22.042194+10:00,F_c8IdTfUy8,YouTube,silkyauday,That Popular Toothpaste Brand Is Poisoning You #aware #toxicingredients,fluoride,1,fluoride,,,,silkyauday,https://www.youtube.com/watch?v=F_c8IdTfUy8,2026-06-14T07:18:18+10:00,1
2026-06-14T15:51:23.141474+10:00,jZOqMTs47V0,YouTube,myPediaclinic,Is Fluoride Actually Safe for Your Child? | Myths Busted | myPedia Clinic Dubai,fluoride,1,fluoride,,,,myPediaclinic,https://www.youtube.com/watch?v=jZOqMTs47V0,2026-06-14T01:56:29+10:00,1
2026-06-14T15:51:24.300393+10:00,A5kKcuiKGSA,YouTube, used to be a bartender at the borgata ,Fluoride over to your house it&#39;s very expensive,fluoride,1,fluoride,,,, used to be a bartender at the borgata ,https://www.youtube.com/watch?v=A5kKcuiKGSA,2026-06-14T01:53:05+10:00,1
2026-06-14T15:51:25.416281+10:00,E3VxoFCwmrY,YouTube, used to be a bartender at the borgata ,.manqao capacity public works in the fluoride I ... course with that fluoride water healthy Arizona,fluoride,1,fluoride,,,, used to be a bartender at the borgata ,https://www.youtube.com/watch?v=E3VxoFCwmrY,2026-06-14T01:34:03+10:00,1
2026-06-14T15:51:30.609505+10:00,HtgNzi_HgdA,YouTube,VOID ABYSS,THE TOOTHPASTE LIE: How they calcified your Third Eye! 🦷🚫,fluoride,1,fluoride,,,,VOID ABYSS,https://www.youtube.com/watch?v=HtgNzi_HgdA,2026-05-09T03:00:33+10:00,1
2026-06-14T15:51:31.756303+10:00,SQp0bHCFNKw,YouTube,Physics and Quantum Physics Awards,How Fluoride in Phosphogypsum Impacts Cement Backfill Strength! 🦷🏗️ #worldresearchawards #quantum,fluoride,1,fluoride,,,,Physics and Quantum Physics Awards,https://www.youtube.com/watch?v=SQp0bHCFNKw,2025-12-23T19:25:27+11:00,1
2026-06-14T15:51:32.858284+10:00,Kx5V06OHsWs,YouTube,Whispers From Solian,Fluoride: The Veil Over the People,fluoride,1,fluoride,,,,Whispers From Solian,https://www.youtube.com/watch?v=Kx5V06OHsWs,2025-08-09T10:25:00+10:00,1
2026-06-14T15:51:33.966625+10:00,_Lkql0aJBn4,YouTube,RPIIT ACADEMICS,Role of Fluoride In Dental Products BY Ms. Deepika Faculty of Pharmacy,fluoride,1,fluoride,,,,RPIIT ACADEMICS,https://www.youtube.com/watch?v=_Lkql0aJBn4,2025-05-02T16:21:00+10:00,1
2026-06-14T15:51:40.419485+10:00,_aK9kyUneo8,YouTube,Zoo Buddy2.0,||😘|| French bull dog female. puppy available vaccination 👍 6384909642 #frenchbulldog,vaccination,1,vaccination,,,,Zoo Buddy2.0,https://www.youtube.com/watch?v=_aK9kyUneo8,2026-06-14T15:25:14+10:00,1
2026-06-14T15:51:41.528507+10:00,RY_pfRODl2k,YouTube,Aseel rooster  Jahanzaib ,vaccine prevent chicken from Sick #ytshorts #chicken #roosterfarm #aseelbirds #birds #aseelmurga,vaccine,1,vaccine,,,,Aseel rooster  Jahanzaib ,https://www.youtube.com/watch?v=RY_pfRODl2k,2026-06-14T15:15:33+10:00,1
2026-06-14T15:51:42.675007+10:00,CEp9olJ0Tuk,YouTube,    MummaKi_Gudiya,Second vaccination 🩼baby #viral #love #babygril #funny #viral #shortvideo #shorts,vaccination,1,vaccination,,,,    MummaKi_Gudiya,https://www.youtube.com/watch?v=CEp9olJ0Tuk,2026-06-14T15:09:44+10:00,1
2026-06-14T15:51:43.820691+10:00,13gXgUbeQrQ,YouTube,Soul Healer,Out for their vaccination and third adoption drive today. #adoptdontshop #puppy#rescuedpuppies,vaccination,1,vaccination,,,,Soul Healer,https://www.youtube.com/watch?v=13gXgUbeQrQ,2026-06-14T13:05:41+10:00,1
2026-06-14T15:51:44.915625+10:00,iw6s32U_h7w,YouTube,Chinext,#shorts #shortsfeed #babycrying #vaccination,vaccination,1,vaccination,,,,Chinext,https://www.youtube.com/watch?v=iw6s32U_h7w,2026-06-14T13:00:12+10:00,1
2026-06-14T15:51:46.021942+10:00,URLDMzGdsLY,YouTube,Mr_AAHIL,i think imma get vaccination #funnyvibes #idkwhyimadethis,vaccination,1,vaccination,,,,Mr_AAHIL,https://www.youtube.com/watch?v=URLDMzGdsLY,2026-06-14T12:33:47+10:00,1
2026-06-14T15:51:47.198091+10:00,61RVyvrpioc,YouTube,Travdine,Vaccination ന്റെ ശേഷമുള്ള അവസ്ഥ😬,vaccination,1,vaccination,,,,Travdine,https://www.youtube.com/watch?v=61RVyvrpioc,2026-06-14T12:30:36+10:00,1
2026-06-14T15:51:48.296636+10:00,6o3hpUzr-XU,YouTube,Chinext,#shorts #shortsfeed #babycrying #vaccination,vaccination,1,vaccination,,,,Chinext,https://www.youtube.com/watch?v=6o3hpUzr-XU,2026-06-14T12:00:30+10:00,1
2026-06-14T15:51:49.406477+10:00,u3WZp3Mn7as,YouTube,itz_deepu_Vlogs,E.T.V vaccination 💉 #ytshorts #viral,vaccination,1,vaccination,,,,itz_deepu_Vlogs,https://www.youtube.com/watch?v=u3WZp3Mn7as,2026-06-14T11:30:32+10:00,1
2026-06-14T15:51:51.657723+10:00,-P6h0CehSQ4,YouTube,Times Now Navbharat,Anti Aging Vaccine: इंसान को अमर करने वाली सुई मिल गई ? #antiagingvaccine #agereversal,vaccine,1,vaccine,,,,Times Now Navbharat,https://www.youtube.com/watch?v=-P6h0CehSQ4,2026-06-14T05:43:38+10:00,1
2026-06-14T15:51:53.852976+10:00,Gp2RaiOJb-w,YouTube,work smart studio,Chick Vaccination Machine : How Hatcheries Process Baby Chicks Fast,vaccination,1,vaccination,,,,work smart studio,https://www.youtube.com/watch?v=Gp2RaiOJb-w,2026-06-14T02:00:12+10:00,1
2026-06-14T15:51:56.210844+10:00,cPdy1WbAAoI,YouTube,Akash & priti,Vaccine day💉😢#minivlog #marathi #food #pregnancy #youtubeshorts #viral #couplevlog,vaccine,1,vaccine,,,,Akash & priti,https://www.youtube.com/watch?v=cPdy1WbAAoI,2026-06-13T14:30:29+10:00,1
2026-06-14T15:51:59.886976+10:00,oxNuJfTZCNs,YouTube,Dr Mukunda Timilsina,Influenza Vaccine बारेमा जानकारी,vaccine,1,vaccine,,,,Dr Mukunda Timilsina,https://www.youtube.com/watch?v=oxNuJfTZCNs,2026-06-14T15:36:48+10:00,1
2026-06-14T15:52:01.006961+10:00,e_6NuBPqTGI,YouTube,Nanichinni daily vlogs,💁vaccine💉 ki veley ముందు✅ 2 చెక్ చేసుకోండి#viral #trending #minivlog #shorts #short #shortvideo#vlog,vaccine,1,vaccine,,,,Nanichinni daily vlogs,https://www.youtube.com/watch?v=e_6NuBPqTGI,2026-06-14T15:31:39+10:00,1
2026-06-14T15:52:03.212742+10:00,EqxW3fYxkEU,YouTube,DÒNG CHẢY Y HỌC ,Vaccine ra đời như thế nào? ( Dòng Chảy Y Học Tập 2) ,vaccine,1,vaccine,,,,DÒNG CHẢY Y HỌC ,https://www.youtube.com/watch?v=EqxW3fYxkEU,2026-06-14T14:44:06+10:00,1
2026-06-14T15:52:04.318754+10:00,e7W3fXaec64,YouTube,IsabellaCoronel,Vaccine day! :),vaccine,1,vaccine,,,,IsabellaCoronel,https://www.youtube.com/watch?v=e7W3fXaec64,2026-06-14T14:42:19+10:00,1
2026-06-14T15:52:05.426710+10:00,pbMgI1tG5wY,YouTube,Adv.Harshvardhan Singh Thakur,Congress Ne 70 Saal me kya kiya!!#iit #iim #nehru #congress #vaccine #coronavirus,vaccine,1,vaccine,,,,Adv.Harshvardhan Singh Thakur,https://www.youtube.com/watch?v=pbMgI1tG5wY,2026-06-14T12:30:07+10:00,1
2026-06-14T15:52:06.568235+10:00,93r9sRAfIuA,YouTube,Urban Yankee ,The Cutest Vaccine Reaction Ever 🥹❤️,vaccine,1,vaccine,,,,Urban Yankee ,https://www.youtube.com/watch?v=93r9sRAfIuA,2026-06-14T10:00:22+10:00,1
2026-06-14T15:52:07.728777+10:00,zeafp0DDVew,YouTube,Chaos Engine,AMBUSH VACCINE #gta #gtaonly #gaming,vaccine,1,vaccine,,,,Chaos Engine,https://www.youtube.com/watch?v=zeafp0DDVew,2026-06-14T06:20:53+10:00,1
2026-06-14T15:52:08.821794+10:00,KTnQVueXCpI,YouTube,Mobile Geezer,Would You Receive an AI Created Vaccine #fntt #FridayNightTechTalk,vaccine,1,vaccine,,,,Mobile Geezer,https://www.youtube.com/watch?v=KTnQVueXCpI,2026-06-14T02:51:30+10:00,1
2026-06-14T15:52:09.912766+10:00,f7PiCbrE3gA,YouTube,The Financial Express,Josh Hawley Slams COVID Vaccine Makers In Heated Senate Hearing,vaccine,1,vaccine,vaccine,,,The Financial Express,https://www.youtube.com/watch?v=f7PiCbrE3gA,2026-06-14T02:15:20+10:00,1
2026-06-14T15:52:11.055935+10:00,xFkFSt1cYto,YouTube,Nursinglife22,Cute baby 💉🥰!! Vaccine 💉!! New born baby vaccine ? #shorts #viral #trending #baby #cute #health,vaccine,1,vaccine,,,,Nursinglife22,https://www.youtube.com/watch?v=xFkFSt1cYto,2026-06-13T14:05:46+10:00,1
2026-06-15T16:26:50.479184+10:00,6bpAcNX1hls,YouTube,Blaire White,Fluoride in the water is linked to LOW IQ 😳,"fluoride, fluoridation, fluoride water filter",3,fluoride,"fluoridation, fluoride, fluoride water filter",,,Blaire White,https://www.youtube.com/watch?v=6bpAcNX1hls,2026-06-15T04:00:27+10:00,7
2026-06-15T16:26:51.584919+10:00,wtOKvztTb_M,YouTube,DR1 SHARE,ADA KAJIAN TUNJUK UBAT GIGI FLUORIDE BAHAYA PADA OTAK DAN THYROID,"fluoride, fluoride thyroid",2,"fluoride, fluoride thyroid",,,,DR1 SHARE,https://www.youtube.com/watch?v=wtOKvztTb_M,2026-06-14T17:10:12+10:00,6
2026-06-15T16:26:52.711870+10:00,4PJO_Hxo7eA,YouTube,Oral Health Foundation,The History of Water Fluoridation | The Oral Health Podcast,"fluoridation, fluoride",2,fluoridation,fluoride,,,Oral Health Foundation,https://www.youtube.com/watch?v=4PJO_Hxo7eA,2026-06-08T19:41:19+10:00,2
2026-06-15T16:27:04.102883+10:00,Z7Sdn3x5S3g,YouTube,Dr. Isaac Jones,The Hidden Risk in Your Toothpaste (It’s Not the Sugar),"fluoride, fluoride thyroid",2,"fluoride, fluoride thyroid",,,,Dr. Isaac Jones,https://www.youtube.com/watch?v=Z7Sdn3x5S3g,2026-06-15T00:00:09+10:00,6
2026-06-15T16:27:19.969876+10:00,STQItUXvAfo,YouTube,Vet Info,"Vaccination in goats, Big buck injection through subcutaneous, #trending #goat #youtube #vaccine","vaccination, vaccine",2,"vaccination, vaccine",,,,Vet Info,https://www.youtube.com/watch?v=STQItUXvAfo,2026-06-15T15:58:54+10:00,2
2026-06-15T16:27:21.061429+10:00,SQZMa1iuY5Q,YouTube,Vet Info,"vaccine through subconscious injection, #vaccination #vaccine #shorts #youtube #trending #goat #","vaccination, vaccine",2,"vaccination, vaccine",,,,Vet Info,https://www.youtube.com/watch?v=SQZMa1iuY5Q,2026-06-15T15:58:14+10:00,2
2026-06-15T16:27:22.167541+10:00,URmLR8kudgU,YouTube,Vet Info,"vaccination in goats through injection, #vaccination #trending #goat #youtube #animals #vaccine","vaccination, vaccine",2,"vaccination, vaccine",,,,Vet Info,https://www.youtube.com/watch?v=URmLR8kudgU,2026-06-15T15:54:33+10:00,2
2026-06-15T16:27:23.272620+10:00,nTBeqXwu3wk,YouTube,Vet Info,"vaccination program in goats, #vaccine #vaccination #vaccines #goat #goatfarming #shorts #youtube","vaccination, vaccine",2,"vaccination, vaccine",,,,Vet Info,https://www.youtube.com/watch?v=nTBeqXwu3wk,2026-06-15T15:52:56+10:00,2
2026-06-15T16:27:39.007202+10:00,2oDWzg5MShI,YouTube,Sathyadev and Vaishali,9th month vaccine | Do’s and Don’t | doctor visit | vaccination | Baby vaccine 💉 ,"vaccination, vaccine",2,"vaccination, vaccine",,,,Sathyadev and Vaishali,https://www.youtube.com/watch?v=2oDWzg5MShI,2026-06-14T17:32:18+10:00,2
2026-06-15T16:27:52.612101+10:00,HyNzJuSggHg,YouTube,Vejon Health,Mycoplasma or Vaccine Myocarditis? The Unanswered Question No One Is Asking,"vaccine, vaccination",2,vaccine,"vaccination, vaccine",,,Vejon Health,https://www.youtube.com/watch?v=HyNzJuSggHg,2026-06-15T05:20:24+10:00,2
2026-06-15T16:26:55.128575+10:00,hcjuUvxoMz0,YouTube,CÙNG NHAU TIÊU DÙNG THÔNG MINH,"5 SỰ THẬT ÍT AI BIẾT P1| Fluoride, HP, Omega 3, Xương Khớp &amp; An Toàn Thực Phẩm",fluoride,1,fluoride,,,,CÙNG NHAU TIÊU DÙNG THÔNG MINH,https://www.youtube.com/watch?v=hcjuUvxoMz0,2026-06-15T15:42:45+10:00,1
2026-06-15T16:26:56.243743+10:00,tNlx3vx_9c0,YouTube,HAKEL,NEET - I really really hate you (feat. Fried By Fluoride) (Sub Español),fluoride,1,fluoride,,,,HAKEL,https://www.youtube.com/watch?v=tNlx3vx_9c0,2026-06-15T13:13:38+10:00,1
2026-06-15T16:26:57.367579+10:00,s36LxfjoD9w,YouTube,Brandon Trame,Dentist-Developed Fluoride-Free Paste That Makes Brushing Fun and Safe,fluoride,1,fluoride,,,,Brandon Trame,https://www.youtube.com/watch?v=s36LxfjoD9w,2026-06-15T12:40:22+10:00,1
2026-06-15T16:26:58.485253+10:00,QqSoP1hkovE,YouTube,dian shaw,Stop Rinsing After Brushing! Save Your Teeth’s Fluoride Shield✨,fluoride,1,fluoride,,,,dian shaw,https://www.youtube.com/watch?v=QqSoP1hkovE,2026-06-15T09:08:57+10:00,1
2026-06-15T16:26:59.601344+10:00,Wso3ZZffO6s,YouTube,wingsxrra,fried by fluoride x wifiskeleton punk rock type beat - &quot;everything is messed up&quot;,fluoride,1,fluoride,,,,wingsxrra,https://www.youtube.com/watch?v=Wso3ZZffO6s,2026-06-15T06:33:03+10:00,1
2026-06-15T16:27:00.770088+10:00,tR3Wy9iFV14,YouTube,Emma Voysey Health,The Hidden Truth About Fluoride and Your Magnesium Levels,fluoride,1,fluoride,fluoride,,,Emma Voysey Health,https://www.youtube.com/watch?v=tR3Wy9iFV14,2026-06-15T05:30:55+10:00,1
2026-06-15T16:27:01.904032+10:00,AjqKzeX48bg,YouTube,Nanopolitik,Argon Fluoride ArF Laser,fluoride,1,fluoride,,,,Nanopolitik,https://www.youtube.com/watch?v=AjqKzeX48bg,2026-06-15T03:07:19+10:00,1
2026-06-15T16:27:02.993888+10:00,szTDO8WcRkE,YouTube,nishantha jayaweera,Ionic Bonding of Lithium Fluoride &amp; Potassium Oxide   Properties of Matter   Chemistry   FuseSchool,fluoride,1,fluoride,,,,nishantha jayaweera,https://www.youtube.com/watch?v=szTDO8WcRkE,2026-06-15T00:56:39+10:00,1
2026-06-15T16:27:05.197541+10:00,1JU9aZZ9yQM,YouTube,𝐆𝐑,"When Is It Gonna Stop? (A FC Barcelona edit,Fried By Fluoride - The Love I Lost)",fluoride,1,fluoride,,,,𝐆𝐑,https://www.youtube.com/watch?v=1JU9aZZ9yQM,2026-06-14T21:16:26+10:00,1
2026-06-15T16:27:06.290756+10:00,APNOjxRlAR8,YouTube,𝐆𝐑,"Fried By Fluoride - Overrated (slowed and reverb, final version with lyrics,A lamine yamal edit)",fluoride,1,fluoride,,,,𝐆𝐑,https://www.youtube.com/watch?v=APNOjxRlAR8,2026-06-14T19:22:36+10:00,1
2026-06-15T16:27:07.382320+10:00,B1O2_H1bjrk,YouTube,𝐆𝐑,"Fried By Fluoride - Overrated (slowed and reverb,instrumental,a lamine yamal v inter milan edit)",fluoride,1,fluoride,,,,𝐆𝐑,https://www.youtube.com/watch?v=B1O2_H1bjrk,2026-06-14T19:21:18+10:00,1
2026-06-15T16:27:08.446033+10:00,xXy0J_k3xVs,YouTube,Abyss,Fried By Fluoride - cattle farm (Slowed),fluoride,1,fluoride,,,,Abyss,https://www.youtube.com/watch?v=xXy0J_k3xVs,2026-06-14T17:32:18+10:00,1
2026-06-15T16:27:12.177750+10:00,-NDwphqg-SU,YouTube,Church 1010,Fluoride lowers children’s Iq. Reverse osmosis.,fluoride,1,fluoride,,,,Church 1010,https://www.youtube.com/watch?v=-NDwphqg-SU,2026-06-12T11:51:17+10:00,1
2026-06-15T16:27:18.871545+10:00,XSnOVtSXifU,YouTube,Vet Info,"vaccination against Viral disease, Injection in goats, #injection #trending #goat #cow #shorts",vaccination,1,vaccination,,,,Vet Info,https://www.youtube.com/watch?v=XSnOVtSXifU,2026-06-15T16:00:29+10:00,1
2026-06-15T16:27:24.385920+10:00,3SEAvgJXoSA,YouTube,KADAK,"#shorts | One Vaccine for Corona, Ebola, Flu &amp; Future Pandemics?",vaccine,1,vaccine,,,,KADAK,https://www.youtube.com/watch?v=3SEAvgJXoSA,2026-06-15T15:30:37+10:00,1
2026-06-15T16:27:25.488719+10:00,5D8MCl1hoSY,YouTube,నేను మా ఆయన మా పిల్లలు,45 days vaccination😭,vaccination,1,vaccination,,,,నేను మా ఆయన మా పిల్లలు,https://www.youtube.com/watch?v=5D8MCl1hoSY,2026-06-15T15:18:07+10:00,1
2026-06-15T16:27:26.561896+10:00,zsYAEZtwcSE,YouTube,GJhogfarm,Vaccination time for piglets #backyardfarming,vaccination,1,vaccination,,,,GJhogfarm,https://www.youtube.com/watch?v=zsYAEZtwcSE,2026-06-15T14:37:52+10:00,1
2026-06-15T16:27:27.668645+10:00,COrfdMgiXPc,YouTube,Pahadi Bheji,Vaccination 💉 लगवाने गए थे par | Pahadi bheji vlogs,vaccination,1,vaccination,,,,Pahadi Bheji,https://www.youtube.com/watch?v=COrfdMgiXPc,2026-06-15T14:30:00+10:00,1
2026-06-15T16:27:28.771742+10:00,usjtcNOJQqo,YouTube,Irish Franco,Vanilla Vaccination Day #cat #pets #catshortvideos #cute #irishfranco,vaccination,1,vaccination,,,,Irish Franco,https://www.youtube.com/watch?v=usjtcNOJQqo,2026-06-15T13:26:55+10:00,1
2026-06-15T16:27:29.939594+10:00,xoWk4xLD4To,YouTube,manopraba life journey with Sai ma,Kuttan 2.5 months vaccination day ￼ #saimanopraba #minivlog,vaccination,1,vaccination,,,,manopraba life journey with Sai ma,https://www.youtube.com/watch?v=xoWk4xLD4To,2026-06-15T04:30:34+10:00,1
2026-06-15T16:27:31.101972+10:00,WHeiG0xDeIw,YouTube,FZN Cosmos,The Dog Didn&#39;t Want a Vaccine... So He Did This 🐶💉,vaccine,1,vaccine,,,,FZN Cosmos,https://www.youtube.com/watch?v=WHeiG0xDeIw,2026-06-15T04:11:05+10:00,1
2026-06-15T16:27:32.232078+10:00,DF6heRJ4OOQ,YouTube,NMG Global Connect,"Prophetic Message (June 2026) : Next Pandemic, India-Pak War, Vaccination &amp; More.",vaccination,1,vaccination,,,,NMG Global Connect,https://www.youtube.com/watch?v=DF6heRJ4OOQ,2026-06-15T00:48:48+10:00,1
2026-06-15T16:27:33.360045+10:00,5No4B2EbzvI,YouTube,CTV News,"Rabies vaccination program for skunks, raccoons in effort to stop spread to Montreal",vaccination,1,vaccination,,,,CTV News,https://www.youtube.com/watch?v=5No4B2EbzvI,2026-06-15T00:45:44+10:00,1
2026-06-15T16:27:34.518040+10:00,JYvUGzgl-8Q,YouTube,Swapnil Jadhav Vlogs,Kanha Ka Vaccination ❤️ Kanha Bahot Roya😰,vaccination,1,vaccination,,,,Swapnil Jadhav Vlogs,https://www.youtube.com/watch?v=JYvUGzgl-8Q,2026-06-14T22:30:14+10:00,1
2026-06-15T16:27:35.649400+10:00,qlOGh_bVyTk,YouTube,uma daily life,6 month baby pcv vaccination moment #shorts#trending#video#😩😩😩😩😩😩😩,vaccination,1,vaccination,,,,uma daily life,https://www.youtube.com/watch?v=qlOGh_bVyTk,2026-06-14T22:00:10+10:00,1
2026-06-15T16:27:36.790251+10:00,90vxLPALA44,YouTube,Subhash Kumar,#army vaccine karne karod rupaye Mil Rahe Hain,vaccine,1,vaccine,,,,Subhash Kumar,https://www.youtube.com/watch?v=90vxLPALA44,2026-06-14T18:12:47+10:00,1
2026-06-15T16:27:37.922797+10:00,ZEJJ0OjwvyY,YouTube,Sathyadev and Vaishali,Before the vaccine 💉,vaccine,1,vaccine,,,,Sathyadev and Vaishali,https://www.youtube.com/watch?v=ZEJJ0OjwvyY,2026-06-14T18:03:08+10:00,1
2026-06-15T16:27:40.146894+10:00,pD181noDXbQ,YouTube,Ridoy story ,Smart Vet Trick for Dog Vaccination 💉 #shorts #funny #amazingfacts,vaccination,1,vaccination,,,,Ridoy story ,https://www.youtube.com/watch?v=pD181noDXbQ,2026-06-14T13:00:21+10:00,1
2026-06-15T16:27:41.272139+10:00,Aq082Ex_mnY,YouTube,Drench Line Podcast,Our Recommended Vaccination Products for Show Lambs #shorts,vaccination,1,vaccination,,,,Drench Line Podcast,https://www.youtube.com/watch?v=Aq082Ex_mnY,2026-06-14T12:00:07+10:00,1
2026-06-15T16:27:42.400367+10:00,XvOyCu9Fu4s,YouTube,Chinext,#shorts #shortsfeed #babycrying #vaccination,vaccination,1,vaccination,,,,Chinext,https://www.youtube.com/watch?v=XvOyCu9Fu4s,2026-06-14T11:00:26+10:00,1
2026-06-15T16:27:43.472701+10:00,vQ-hIEO9UqQ,YouTube,Chinext,#shorts #shortsfeed #babycrying #vaccination,vaccination,1,vaccination,,,,Chinext,https://www.youtube.com/watch?v=vQ-hIEO9UqQ,2026-06-14T09:00:22+10:00,1
2026-06-15T16:27:45.930440+10:00,zu9IsgagFxM,YouTube,Medvital,PSM - Essential Vaccine Strains Reference Guide #psm #communitymedicine,vaccine,1,vaccine,,,,Medvital,https://www.youtube.com/watch?v=zu9IsgagFxM,2026-06-15T16:21:23+10:00,1
2026-06-15T16:27:47.007526+10:00,dfiM-naQg-4,YouTube,Health unfiltered,"Ebola prevention, vaccine,and lessons for everyone. ",vaccine,1,vaccine,,,,Health unfiltered,https://www.youtube.com/watch?v=dfiM-naQg-4,2026-06-15T16:11:37+10:00,1
2026-06-15T16:27:48.069240+10:00,z5CRG_LrJDk,YouTube,Dancingfun Aadhyaya,aakar Bakar Bombay ￼ who dance with classical and focus vaccine👉#manojbin,vaccine,1,vaccine,,,,Dancingfun Aadhyaya,https://www.youtube.com/watch?v=z5CRG_LrJDk,2026-06-15T13:22:34+10:00,1
2026-06-15T16:27:49.198884+10:00,fBTZ8qIzuzw,YouTube,Dr Williams Clinic,The Vaccine That Paralyzed Millions — And The Pandemic That Never Came,vaccine,1,vaccine,,,,Dr Williams Clinic,https://www.youtube.com/watch?v=fBTZ8qIzuzw,2026-06-15T13:02:30+10:00,1
2026-06-15T16:27:50.301975+10:00,J4Y1H8EfYas,YouTube,KADAK,"AI Universal Vaccine: एक ही टीका अब Corona, Ebola, Flu और भविष्य के वायरस से बचाएगा? | Sarbecovirus",vaccine,1,vaccine,,,,KADAK,https://www.youtube.com/watch?v=J4Y1H8EfYas,2026-06-15T11:30:38+10:00,1
2026-06-15T16:27:51.381620+10:00,xxzzA_tHcz8,YouTube,Dr. Noc,Shingles Vaccine &amp; Dementia: The 20% Risk Reduction,vaccine,1,vaccine,,,,Dr. Noc,https://www.youtube.com/watch?v=xxzzA_tHcz8,2026-06-15T08:28:52+10:00,1
2026-06-15T16:27:53.695293+10:00,dzTlMYZNI4Y,YouTube,Startup Age,How One Tragedy Built a Global Vaccine Giant,vaccine,1,vaccine,,,,Startup Age,https://www.youtube.com/watch?v=dzTlMYZNI4Y,2026-06-15T02:06:19+10:00,1
2026-06-15T16:27:54.755143+10:00,9sQhQSdS0Mg,YouTube,WION,AI-Designed &#39;Universal Vaccine&#39; Passes First Human Trial | WION,vaccine,1,vaccine,vaccine,,,WION,https://www.youtube.com/watch?v=9sQhQSdS0Mg,2026-06-15T00:10:28+10:00,1
2026-06-15T16:27:55.890076+10:00,D8JXNcWJToI,YouTube,Dr Alo,Vaccine for heart disease? Vaccine for ASCVD and CAD? #vaccine #heartdisease #leqvio #inclisarin,vaccine,1,vaccine,,,,Dr Alo,https://www.youtube.com/watch?v=D8JXNcWJToI,2026-06-14T22:35:59+10:00,1
2026-06-15T16:27:56.969518+10:00,MZYZCq0c3F0,YouTube,BOL News,Supply of Russian Vaccine Restored | SIFC Another Achievement | Breaking News | Bol News,vaccine,1,vaccine,,,,BOL News,https://www.youtube.com/watch?v=MZYZCq0c3F0,2026-06-14T19:01:06+10:00,1
2026-06-15T16:27:58.053014+10:00,2woyfBNtlUA,YouTube,Puffin,Vaccine Superheroes Ad 6-8-26 6:39 pm,vaccine,1,vaccine,,,,Puffin,https://www.youtube.com/watch?v=2woyfBNtlUA,2026-06-14T17:33:52+10:00,1
2026-06-16T16:35:57.597161+10:00,s0ttKmpijtU,YouTube,The Economic Times,&#39;Vaccines even MORE HARMFUL than severe COVID!&#39;: Witness’ EXPLOSIVE CANCER risk claim shocks Senate,"vaccine, vaccination, vaccine less than natural immunity",3,vaccine,"vaccination, vaccine, vaccine less than natural immunity",,,The Economic Times,https://www.youtube.com/watch?v=s0ttKmpijtU,2026-06-15T22:00:36+10:00,7
2026-06-16T16:35:03.287157+10:00,sIh-9CoB0sI,YouTube,New Earth Consciousness,Fluoride in Water: The Shocking Industrial Byproduct #shorts,"fluoride, fluoride byproduct",2,"fluoride, fluoride byproduct",,,,New Earth Consciousness,https://www.youtube.com/watch?v=sIh-9CoB0sI,2026-06-16T02:33:21+10:00,6
2026-06-16T16:35:04.376735+10:00,sBpTZnlmTdw,YouTube,Michigan EGLE,Complete Water Treatment Entry Level Course - Fluoridation,"fluoridation, fluoride",2,"fluoridation, fluoride",,,,Michigan EGLE,https://www.youtube.com/watch?v=sBpTZnlmTdw,2026-06-16T01:35:22+10:00,2
2026-06-16T16:35:36.824671+10:00,8TvTlqWMUFQ,YouTube,Patiala Hospital ,Three important vaccines which are mandatory and should be taken to new born child 💉🧒🏻,"vaccination, vaccine",2,"vaccination, vaccine",,,,Patiala Hospital ,https://www.youtube.com/watch?v=8TvTlqWMUFQ,2026-06-16T16:28:11+10:00,2
2026-06-16T16:35:39.080358+10:00,KR1sUmM8iKM,YouTube,Vet Info,"vaccination in breeder bakra, goat farm vaccine, #vaccine #vaccination #youtube #trending #goat","vaccination, vaccine",2,"vaccination, vaccine",,,,Vet Info,https://www.youtube.com/watch?v=KR1sUmM8iKM,2026-06-16T15:54:39+10:00,2
2026-06-16T16:35:40.199659+10:00,-XoeZLkQwj4,YouTube,Vet Info,"vaccination in big buck, breeder bakra Vaccine, #trending #goat #vaccine #youtube #vaccination #yt","vaccination, vaccine",2,"vaccination, vaccine",,,,Vet Info,https://www.youtube.com/watch?v=-XoeZLkQwj4,2026-06-16T15:52:51+10:00,2
2026-06-16T16:35:41.314186+10:00,h5Wqu3HyNzI,YouTube,Vet Info,Vaccination in big bucks | Goat vaccine | How to vaccinate goats #vaccine #trending,"vaccination, vaccine",2,"vaccination, vaccine",,,,Vet Info,https://www.youtube.com/watch?v=h5Wqu3HyNzI,2026-06-16T15:50:58+10:00,2
2026-06-16T16:35:42.460348+10:00,w_LEKAlbDnQ,YouTube,Vet Info,"vaccination in big bucks, goat treatment by injection, #goat #vaccine #vaccination #bucks #trending","vaccination, vaccine",2,"vaccination, vaccine",,,,Vet Info,https://www.youtube.com/watch?v=w_LEKAlbDnQ,2026-06-16T15:47:40+10:00,2
2026-06-16T16:35:43.557117+10:00,BCKlP3Z7a24,YouTube,IndiaFluProtection,One Family Health Decision That Made a Difference | Flu Vaccine Liya Kya?,"vaccination, vaccine",2,"vaccination, vaccine",,,,IndiaFluProtection,https://www.youtube.com/watch?v=BCKlP3Z7a24,2026-06-16T15:30:07+10:00,2
2026-06-16T16:35:50.690338+10:00,doozzaJJqts,YouTube,The Jimmy Dore Show,COVID Vaccine-Cancer Connection Declared By Worlds Leading Oncologist!! w/ Sen. Ron Johnson,"vaccine, vaccination",2,vaccine,"vaccination, vaccine",,,The Jimmy Dore Show,https://www.youtube.com/watch?v=doozzaJJqts,2026-06-16T02:58:04+10:00,2
2026-06-16T16:35:51.861388+10:00,bjyw0o6nURE,YouTube,Lights on food,Ma babu vaccination day #harithareddy #lightsonfood,"vaccination, vaccine",2,vaccination,"vaccination, vaccine",,,Lights on food,https://www.youtube.com/watch?v=bjyw0o6nURE,2026-06-16T01:48:02+10:00,2
2026-06-16T16:36:06.902186+10:00,N6bhaBEx-Uc,YouTube,Rebel News,Vaccine-injured Albertan takes governments to court over COVID shot policies,"vaccine, vaccination",2,vaccine,"vaccination, vaccine",,,Rebel News,https://www.youtube.com/watch?v=N6bhaBEx-Uc,2026-06-16T08:31:13+10:00,2
2026-06-16T16:36:10.215123+10:00,gQZ0BDRN_vM,YouTube,Sky News,‘The system wants you to give up’: Widow calls for vaccine compensation scheme reform,"vaccination, vaccine",2,"vaccination, vaccine",,,,Sky News,https://www.youtube.com/watch?v=gQZ0BDRN_vM,2026-06-16T04:00:30+10:00,2
2026-06-16T16:35:06.833860+10:00,LLLWYqbXp8E,YouTube,Parisa,"Your consciousness holds all the power, not fluoride #awakening",fluoride,1,fluoride,,,,Parisa,https://www.youtube.com/watch?v=LLLWYqbXp8E,2026-06-16T16:24:45+10:00,1
2026-06-16T16:35:07.949863+10:00,4Df5S5kxxnc,YouTube,Hakura Rukano,Title (English): Fluoride Toothbrush Revolution: Baby Stops Spitting Water,fluoride,1,fluoride,,,,Hakura Rukano,https://www.youtube.com/watch?v=4Df5S5kxxnc,2026-06-16T15:39:58+10:00,1
2026-06-16T16:35:09.043719+10:00,1HmHktwc0Xc,YouTube,Vici,Rare Earth Fluorides - Applications and Innovations,fluoride,1,fluoride,,,,Vici,https://www.youtube.com/watch?v=1HmHktwc0Xc,2026-06-16T15:30:23+10:00,1
2026-06-16T16:35:10.149164+10:00,lOaLYQrdwm0,YouTube,DentoNova,deflouridation,fluoridation,1,fluoridation,,,,DentoNova,https://www.youtube.com/watch?v=lOaLYQrdwm0,2026-06-16T12:47:21+10:00,1
2026-06-16T16:35:11.282787+10:00,j0cRKfS0Scs,YouTube,GRIP ROVER,fluoride test procedure of water...in ppm #freetimefun,fluoride,1,fluoride,,,,GRIP ROVER,https://www.youtube.com/watch?v=j0cRKfS0Scs,2026-06-16T12:10:26+10:00,1
2026-06-16T16:35:12.375178+10:00,IQlfwhqeyxY,YouTube,"JiNan ShengHe Chemical Co., Ltd.",α-toluenesulphonyl fluoride （CAS No：329-98-6） #ShengheChemical  #圣和化工厂家 #ChemSP #Chemicals,fluoride,1,fluoride,,,,"JiNan ShengHe Chemical Co., Ltd.",https://www.youtube.com/watch?v=IQlfwhqeyxY,2026-06-16T11:54:00+10:00,1
2026-06-16T16:35:13.473187+10:00,veGzMM2PTKw,YouTube,Medtalkwithdrsahab,Welcome #medtalkwithdrsahab #Pathology #Biochemistry #BloodTube #Fluoride #GreyTopTube #GlucoseTube,fluoride,1,fluoride,,,,Medtalkwithdrsahab,https://www.youtube.com/watch?v=veGzMM2PTKw,2026-06-16T10:55:44+10:00,1
2026-06-16T16:35:14.570873+10:00,tELalS10GDQ,YouTube,Taylor the Saver,Fluoride-Free Toothpaste for a Brighter Smile!,fluoride,1,fluoride,,,,Taylor the Saver,https://www.youtube.com/watch?v=tELalS10GDQ,2026-06-16T09:09:43+10:00,1
2026-06-16T16:35:15.699155+10:00,xeLFn2JzwdA,YouTube,floatyboat,[FREE] fried by fluoride x incelcore type beat - &quot;not the same&quot;,fluoride,1,fluoride,,,,floatyboat,https://www.youtube.com/watch?v=xeLFn2JzwdA,2026-06-16T08:29:45+10:00,1
2026-06-16T16:35:16.802658+10:00,2qKOZBoDECs,YouTube,Jessica Reviews,My favorite fluoride-free toothpaste ,fluoride,1,fluoride,,,,Jessica Reviews,https://www.youtube.com/watch?v=2qKOZBoDECs,2026-06-16T08:29:27+10:00,1
2026-06-16T16:35:17.893700+10:00,dzCgSn3ZX2w,YouTube,The People's Dentist,3573EB0D-FDF3-48A9-8A3C-38F00CF064E3,fluoride,1,fluoride,,,,The People's Dentist,https://www.youtube.com/watch?v=dzCgSn3ZX2w,2026-06-16T08:00:56+10:00,1
2026-06-16T16:35:19.018005+10:00,rlvoLRF0WIs,YouTube,NOBS,"Fluoride isn’t the enemy, but it’s not the only option",fluoride,1,fluoride,,,,NOBS,https://www.youtube.com/watch?v=rlvoLRF0WIs,2026-06-16T08:00:33+10:00,1
2026-06-16T16:35:20.140594+10:00,uVzfjl7R-bQ,YouTube,The Health Spot With Omar Podcast,Alternative to fluoride,fluoride,1,fluoride,,,,The Health Spot With Omar Podcast,https://www.youtube.com/watch?v=uVzfjl7R-bQ,2026-06-16T07:00:32+10:00,1
2026-06-16T16:35:21.281550+10:00,D6KgmWbpiHY,YouTube,The Menopausal Mom,What to know about the M3 Naturals Nano Hydroxyapatite Fluoride Free Whitening Toothpaste + Calcium,fluoride,1,fluoride,,,,The Menopausal Mom,https://www.youtube.com/watch?v=D6KgmWbpiHY,2026-06-16T05:03:27+10:00,1
2026-06-16T16:35:22.392907+10:00,xtezSG4DoE4,YouTube,unoquattrotredue,so doomed - fried by fluoride (slowed + pitch),fluoride,1,fluoride,,,,unoquattrotredue,https://www.youtube.com/watch?v=xtezSG4DoE4,2026-06-16T04:22:08+10:00,1
2026-06-16T16:35:23.504410+10:00,nvdPuboIzRM,YouTube,Harmony Pediatrics,First Tooth Coming In? How to Prevent Cavities (Fluoride &amp; Brushing Guide) #shorts,fluoride,1,fluoride,,,,Harmony Pediatrics,https://www.youtube.com/watch?v=nvdPuboIzRM,2026-06-16T02:02:17+10:00,1
2026-06-16T16:35:24.618172+10:00,MYaQWMmr4SQ,YouTube,Epic Reviewz,Best Fluoride-Free Whitening Toothpaste with Probiotics? Full Review,fluoride,1,fluoride,,,,Epic Reviewz,https://www.youtube.com/watch?v=MYaQWMmr4SQ,2026-06-16T01:11:10+10:00,1
2026-06-16T16:35:25.727749+10:00,9lsPazHOCHI,YouTube,DentoNova,mechanism of action of fluoride,fluoride,1,fluoride,,,,DentoNova,https://www.youtube.com/watch?v=9lsPazHOCHI,2026-06-15T23:33:09+10:00,1
2026-06-16T16:35:26.844844+10:00,UdIVy0_mJmc,YouTube,The Trend Marketplace,Boka Fluoride Free Toothpaste Nano Hydroxyapatite | The Trend Marketplace,fluoride,1,fluoride,,,,The Trend Marketplace,https://www.youtube.com/watch?v=UdIVy0_mJmc,2026-06-15T21:39:59+10:00,1
2026-06-16T16:35:35.693624+10:00,TzsbJxtOOBQ,YouTube,Mr & mrs sengar family vlog,"❤️ Ek Chhoti Si Sui, Badi Si Protection | Trisha Vaccination vlog#minivlog #shorts",vaccination,1,vaccination,,,,Mr & mrs sengar family vlog,https://www.youtube.com/watch?v=TzsbJxtOOBQ,2026-06-16T16:31:11+10:00,1
2026-06-16T16:35:37.933999+10:00,OLNxcEdp5TY,YouTube,Mom Life With Mateo,POV: Mommy said we’re going out 🩼🥺  #momlife  #baby  #vaccine #relatable #foryoupage,vaccine,1,vaccine,,,,Mom Life With Mateo,https://www.youtube.com/watch?v=OLNxcEdp5TY,2026-06-16T15:53:49+10:00,1
2026-06-16T16:35:44.999183+10:00,G0lhza4SWvQ,YouTube,Sai charanya Badavath ,పాపా కి vaccine 🤧❤️ #viralvideo #saicharanya#newmommyslifestyle #shortvideo #miniyoutuber,vaccine,1,vaccine,,,,Sai charanya Badavath ,https://www.youtube.com/watch?v=G0lhza4SWvQ,2026-06-16T13:30:10+10:00,1
2026-06-16T16:35:46.162171+10:00,hRwetxmIf38,YouTube,The Modern Shepherd 🐏🐐,Vaccine in sheep farming #themodernshepherd #farming #goat #sheepfarming,vaccine,1,vaccine,vaccine,,,The Modern Shepherd 🐏🐐,https://www.youtube.com/watch?v=hRwetxmIf38,2026-06-16T11:00:21+10:00,1
2026-06-16T16:35:47.326531+10:00,6TChe0VGBkw,YouTube,Blaire White,Never got the COVID vaccine and never got SICK 😳,vaccine,1,vaccine,vaccine,,,Blaire White,https://www.youtube.com/watch?v=6TChe0VGBkw,2026-06-16T11:00:01+10:00,1
2026-06-16T16:35:48.433196+10:00,Ql4E06eTUgU,YouTube,Rebel News,Former WestJet employee fighting back after being terminated over COVID-19 vaccine mandate,vaccine,1,vaccine,vaccine,,,Rebel News,https://www.youtube.com/watch?v=Ql4E06eTUgU,2026-06-16T10:11:15+10:00,1
2026-06-16T16:35:49.571693+10:00,KbYJvy3aNfc,YouTube,Monica Robins,Vaccines and Dr. Peter Salk’s advice,vaccine,1,vaccine,vaccine,,,Monica Robins,https://www.youtube.com/watch?v=KbYJvy3aNfc,2026-06-16T05:12:03+10:00,1
2026-06-16T16:35:52.973473+10:00,3rf9emBnAW4,YouTube,News Central TV,#EmmaRidesForZeroPolio: Campaigning on the Importance of Vaccination for Mothers – Okedeyi,vaccination,1,vaccination,,,,News Central TV,https://www.youtube.com/watch?v=3rf9emBnAW4,2026-06-16T01:44:05+10:00,1
2026-06-16T16:35:54.095156+10:00,4dBgeyQmKgo,YouTube,Let’s be real 101,He Ran Out of Vaccines and Still Ended Smallpox Forever,vaccine,1,vaccine,,,,Let’s be real 101,https://www.youtube.com/watch?v=4dBgeyQmKgo,2026-06-15T23:05:03+10:00,1
2026-06-16T16:35:55.214230+10:00,q_Qw2W_yauc,YouTube,omer qasimzade,cat vaccination Vet Vaccinate aggressive angry cat,vaccination,1,vaccination,,,,omer qasimzade,https://www.youtube.com/watch?v=q_Qw2W_yauc,2026-06-15T23:05:43+10:00,1
2026-06-16T16:35:56.375146+10:00,zzzo1CReAwU,YouTube,360 Degree Classes,Pregnancy में कौन सी 4 Vaccine लगती हैं? 🤰 #OBGNursing #360DegreeClasses #Shorts,vaccine,1,vaccine,vaccine,,,360 Degree Classes,https://www.youtube.com/watch?v=zzzo1CReAwU,2026-06-15T22:30:02+10:00,1
2026-06-16T16:35:58.769131+10:00,i1vujwypb6g,YouTube,O2 IAS Academy,Dengue Vaccine Controversy | Lessons India Must Learn from Brazil,vaccine,1,vaccine,,,,O2 IAS Academy,https://www.youtube.com/watch?v=i1vujwypb6g,2026-06-15T22:00:06+10:00,1
2026-06-16T16:35:59.971374+10:00,GyKn-dN3luw,YouTube,The Pamphlet,Orry ने लगा दी German Shepherd को Vaccine! | Dhruv Rathee | KK Create | Kavya Karnatac |The Pamphlet,vaccine,1,vaccine,,,,The Pamphlet,https://www.youtube.com/watch?v=GyKn-dN3luw,2026-06-15T21:32:49+10:00,1
2026-06-16T16:36:01.080928+10:00,XFBihPXl8Ak,YouTube,Preventive Child Health by Dr Mamata ,Vaccination awareness #preventivechildhealth,vaccination,1,vaccination,,,,Preventive Child Health by Dr Mamata ,https://www.youtube.com/watch?v=XFBihPXl8Ak,2026-06-15T20:55:49+10:00,1
2026-06-16T16:36:03.448198+10:00,HPy_5ahQNiw,YouTube,MISTI  MONA  VLOG,🫣😱😭6 month baby pvc vaccine moment #shorts #trending #video #viral #youtubeshorts #,vaccine,1,vaccine,,,,MISTI  MONA  VLOG,https://www.youtube.com/watch?v=HPy_5ahQNiw,2026-06-16T15:53:23+10:00,1
2026-06-16T16:36:04.635893+10:00,VDKCY5qL8O4,YouTube,PetParadise,Bluecross Vaccine Drive 2026 : Friendly Pitbull #animalwelfare #savestreetanimals #trendingshorts,vaccine,1,vaccine,,,,PetParadise,https://www.youtube.com/watch?v=VDKCY5qL8O4,2026-06-16T15:31:54+10:00,1
2026-06-16T16:36:05.740310+10:00,Xcg2l_8piEs,YouTube,Rimjhim Parlour,vaccine in hands✋ #shorts #vaccine #fyp,vaccine,1,vaccine,,,,Rimjhim Parlour,https://www.youtube.com/watch?v=Xcg2l_8piEs,2026-06-16T13:54:18+10:00,1
2026-06-16T16:36:07.993564+10:00,-iTHvplXDGU,YouTube,TeleSUR English,Cuba: FM Bruno Rodriguez announced the development of atherapeutic vaccine,vaccine,1,vaccine,,,,TeleSUR English,https://www.youtube.com/watch?v=-iTHvplXDGU,2026-06-16T05:12:24+10:00,1
2026-06-16T16:36:09.114576+10:00,gfdhrYiSkXA,YouTube,Herzog Foundation,Congress Forces The End of the DoD&#39;s Vaccine Mandate,vaccine,1,vaccine,,,,Herzog Foundation,https://www.youtube.com/watch?v=gfdhrYiSkXA,2026-06-16T04:30:13+10:00,1
2026-06-16T16:36:11.304883+10:00,0JeQkBq2lYo,YouTube,WNDU 16 News Now,"Humane Society of Elkhart County hosts free vaccine, microchip event for pet owners",vaccine,1,vaccine,,,,WNDU 16 News Now,https://www.youtube.com/watch?v=0JeQkBq2lYo,2026-06-16T02:33:16+10:00,1
2026-06-17T16:15:34.819049+10:00,07MpmQCBaQk,YouTube,Facts Matter with Roman Balmakov,CDC Report: Natural Immunity was 6X Stronger Than Vaccination During the Delta Wave | Facts Matter,"vaccination, vaccine, pharma vaccine lying, vaccine death data, vaccine less than natural immunity",5,vaccination,"vaccination, vaccine, pharma vaccine lying, vaccine death data, vaccine less than natural immunity",,,Facts Matter with Roman Balmakov,https://www.youtube.com/watch?v=07MpmQCBaQk,2022-01-22T12:00:29+11:00,17
2026-06-17T16:15:36.051963+10:00,x7yDZBbzETo,YouTube,The Damage Report,New Grifter Push: Natural Immunity Works BETTER Than Vaccine,"vaccine, vaccination, pharma vaccine lying, vaccine death data, vaccine less than natural immunity",5,vaccine,"vaccination, vaccine, pharma vaccine lying, vaccine death data, vaccine less than natural immunity",,,The Damage Report,https://www.youtube.com/watch?v=x7yDZBbzETo,2022-01-10T09:00:18+11:00,17
2026-06-17T16:15:30.146788+10:00,3Xe2fUaE-Cw,YouTube,9NEWS,Is &#39;natural immunity&#39; better than the COVID-19 vaccine?,"vaccine, vaccination, pharma vaccine lying, vaccine less than natural immunity",4,vaccine,"vaccination, vaccine, pharma vaccine lying, vaccine less than natural immunity",,,9NEWS,https://www.youtube.com/watch?v=3Xe2fUaE-Cw,2022-02-24T04:47:53+11:00,12
2026-06-17T16:14:18.144757+10:00,MWs0b2eqcX4,YouTube,Conversations with a Chiropractor Podcast,Mike D: Fluoride is a Neurotoxin,"fluoridation, fluoride",2,"fluoridation, fluoride",,,,Conversations with a Chiropractor Podcast,https://www.youtube.com/watch?v=MWs0b2eqcX4,2026-06-17T15:34:35+10:00,2
2026-06-17T16:14:57.700507+10:00,wv0uzou5-0k,YouTube,Rainbow Children’s Hospital & BirthRight,Single injection protects against diphtheria tetanus whooping cough and more #vaccination #babycare,"vaccination, vaccine",2,"vaccination, vaccine",,,,Rainbow Children’s Hospital & BirthRight,https://www.youtube.com/watch?v=wv0uzou5-0k,2026-06-17T00:30:18+10:00,2
2026-06-17T16:15:01.042528+10:00,sbtvWEQ6EsA,YouTube,Chery Clips,Ranking Horrible Kids-Vaccination 💀💉,"vaccination, vaccine",2,"vaccination, vaccine",,,,Chery Clips,https://www.youtube.com/watch?v=sbtvWEQ6EsA,2026-06-17T00:11:31+10:00,2
2026-06-17T16:15:02.140823+10:00,wCk3jYbSXrM,YouTube,Rainbow Children’s Hospital & BirthRight,"Mandatory vaccines save lives, but what about the optional ones? #vaccination #parenting","vaccination, vaccine",2,"vaccination, vaccine",,,,Rainbow Children’s Hospital & BirthRight,https://www.youtube.com/watch?v=wCk3jYbSXrM,2026-06-17T00:00:06+10:00,2
2026-06-17T16:15:05.607298+10:00,e3YRxB4AK4U,YouTube,Dog Public Safety ,Aggressive Dog Catch Gojo With VACCINATION #dog #vaccine #gojo #streetdogrevival #ytviral,"vaccination, vaccine",2,"vaccination, vaccine",,,,Dog Public Safety ,https://www.youtube.com/watch?v=e3YRxB4AK4U,2026-06-16T22:30:03+10:00,2
2026-06-17T16:15:10.319515+10:00,vpwOq2voL7g,YouTube,Vet Info,"Vaccination for big bucks | Goat vaccine via injection, #injection #vaccine #bigbuck #shorts","vaccination, vaccine",2,"vaccination, vaccine",,,,Vet Info,https://www.youtube.com/watch?v=vpwOq2voL7g,2026-06-17T16:01:51+10:00,2
2026-06-17T16:14:19.248700+10:00,XZ2fMvYLLJU,YouTube,WJTV 12 News,Ridgeland debates restoring fluoride to drinking water,fluoride,1,fluoride,,,,WJTV 12 News,https://www.youtube.com/watch?v=XZ2fMvYLLJU,2026-06-17T13:15:31+10:00,1
2026-06-17T16:14:21.671714+10:00,OS2kG9ZA1o4,YouTube,kzs,fried by fluoride - george floyd mayweather (TACVR),fluoride,1,fluoride,,,,kzs,https://www.youtube.com/watch?v=OS2kG9ZA1o4,2026-06-17T15:53:58+10:00,1
2026-06-17T16:14:22.780969+10:00,EcEPelbkuzU,YouTube,MiningInsights,Uses of Calcium Fluoride,fluoride,1,fluoride,,,,MiningInsights,https://www.youtube.com/watch?v=EcEPelbkuzU,2026-06-17T13:59:13+10:00,1
2026-06-17T16:14:23.914126+10:00,yzuHrezp_W0,YouTube,My Mobile Dentist Battle,🦷 FLUORIDE: Does It Harm Your Teeth or Protect Them?,fluoride,1,fluoride,,,,My Mobile Dentist Battle,https://www.youtube.com/watch?v=yzuHrezp_W0,2026-06-17T12:40:43+10:00,1
2026-06-17T16:14:25.061043+10:00,mCpjL0Kz_5s,YouTube,Watch Read,You&#39;re Rinsing Your Mouth Right After Brushing,fluoride,1,fluoride,,,,Watch Read,https://www.youtube.com/watch?v=mCpjL0Kz_5s,2026-06-17T10:30:22+10:00,1
2026-06-17T16:14:26.153228+10:00,9rzhKhYRz-w,YouTube,Th3_D1v1d3d,The love I lost by fried by fluoride #animation,fluoride,1,fluoride,,,,Th3_D1v1d3d,https://www.youtube.com/watch?v=9rzhKhYRz-w,2026-06-17T10:05:46+10:00,1
2026-06-17T16:14:27.322610+10:00,2mcx1yQ_Jq8,YouTube,The People's Dentist,7C40F458-7951-43F0-B94B-FB11CA79C938,fluoride,1,fluoride,,,,The People's Dentist,https://www.youtube.com/watch?v=2mcx1yQ_Jq8,2026-06-17T09:30:55+10:00,1
2026-06-17T16:14:28.423445+10:00,wn4AGusI7WI,YouTube,Datura,Blackpill Beach (Fried By Fluoride cover),fluoride,1,fluoride,,,,Datura,https://www.youtube.com/watch?v=wn4AGusI7WI,2026-06-17T07:35:40+10:00,1
2026-06-17T16:14:29.528594+10:00,cWDxPpESwns,YouTube,Fried By Rami :0,Fried By Fluoride - why am i not enough? (sped up),fluoride,1,fluoride,,,,Fried By Rami :0,https://www.youtube.com/watch?v=cWDxPpESwns,2026-06-17T07:11:57+10:00,1
2026-06-17T16:14:30.634849+10:00,4u7CVlkn9Kk,YouTube,EVERYDAY CLIP,@DTHshow on YouTube / THE TRUTH ABOUT FLUORIDE MIGHT SURPRISE YOU. #shorts #fyp #health,fluoride,1,fluoride,,,,EVERYDAY CLIP,https://www.youtube.com/watch?v=4u7CVlkn9Kk,2026-06-17T05:24:32+10:00,1
2026-06-17T16:14:31.717814+10:00,E7N_WWLZ4Ng,YouTube,TCLawyer,(FREE) h4rtbrkr x fried by fluoride type beat,fluoride,1,fluoride,,,,TCLawyer,https://www.youtube.com/watch?v=E7N_WWLZ4Ng,2026-06-17T05:03:07+10:00,1
2026-06-17T16:14:32.811445+10:00,WIrU97X_4Qg,YouTube,WAFF 48 News & Weather,"Madison marks one year without fluoride in water, dentists warn cavity rates could rise",fluoride,1,fluoride,fluoride,,,WAFF 48 News & Weather,https://www.youtube.com/watch?v=WIrU97X_4Qg,2026-06-17T02:43:15+10:00,1
2026-06-17T16:14:33.859717+10:00,xMhdMVYD6Es,YouTube,Skylox Transit,Colgate Total Active Prevention Whitening Gel Toothpaste with Fluoride Bulk with Clinically,fluoride,1,fluoride,,,,Skylox Transit,https://www.youtube.com/watch?v=xMhdMVYD6Es,2026-06-17T01:06:39+10:00,1
2026-06-17T16:14:34.999702+10:00,425Yfw4x-Zo,YouTube,Living Well With Dr. Michelle Jorgensen,The FDA Just Did Something About Kids&#39; Fluoride That Most Parents Never Heard About,fluoride,1,fluoride,,,,Living Well With Dr. Michelle Jorgensen,https://www.youtube.com/watch?v=425Yfw4x-Zo,2026-06-17T01:01:57+10:00,1
2026-06-17T16:14:36.061829+10:00,n2Z5bEUtZho,YouTube,KC Complete Fighter ,Fluoride Effect 🦷😳 @kc_completefighter  #fluoride #dentalhealth #kctalkshow #teethwhitening #teeth,fluoride,1,fluoride,,,,KC Complete Fighter ,https://www.youtube.com/watch?v=n2Z5bEUtZho,2026-06-16T23:18:04+10:00,1
2026-06-17T16:14:37.150112+10:00,kcPKJp6qNog,YouTube, DentBloom ,🦷 Fluoride Superhero Song | Healthy Teeth Song for Kids | DentBloom,fluoride,1,fluoride,,,, DentBloom ,https://www.youtube.com/watch?v=kcPKJp6qNog,2026-06-16T22:45:30+10:00,1
2026-06-17T16:14:38.248318+10:00,YckeNobGbRk,YouTube,Calculus slayer,What’s that yellow thing? It fluoride varnish! #calculusslayer #drfaiquaanwar,fluoride,1,fluoride,fluoride,,,Calculus slayer,https://www.youtube.com/watch?v=YckeNobGbRk,2026-06-16T22:37:25+10:00,1
2026-06-17T16:14:47.424508+10:00,bWwd_46cpxA,YouTube,Suma,hepatitis b vaccine,vaccine,1,vaccine,,,,Suma,https://www.youtube.com/watch?v=bWwd_46cpxA,2026-06-17T15:57:41+10:00,1
2026-06-17T16:14:48.540759+10:00,DQcKiLQOFhk,YouTube,JEN ZII,We are at the hospital for my daughter&#39;s vaccination today. She is a brave girl!&quot;,vaccination,1,vaccination,,,,JEN ZII,https://www.youtube.com/watch?v=DQcKiLQOFhk,2026-06-17T15:18:32+10:00,1
2026-06-17T16:14:49.723244+10:00,jIYNKPMRPkw,YouTube,Rohan Preeti Vlogs ,Shrihaan Baby Ka Vaccination Day 💉👶 | Brave Baby Moment ❤️ | Family Vlog ,vaccination,1,vaccination,,,,Rohan Preeti Vlogs ,https://www.youtube.com/watch?v=jIYNKPMRPkw,2026-06-17T14:31:51+10:00,1
2026-06-17T16:14:50.876159+10:00,5-4ZGKEPj8o,YouTube,Chinext,#shorts #shortsfeed #babycrying #vaccination,vaccination,1,vaccination,,,,Chinext,https://www.youtube.com/watch?v=5-4ZGKEPj8o,2026-06-17T14:30:15+10:00,1
2026-06-17T16:14:52.106444+10:00,gBaSNkZvyfg,YouTube,"Brian Walcott, MD",A vaccine that guards against dementia,vaccine,1,vaccine,vaccine,,,"Brian Walcott, MD",https://www.youtube.com/watch?v=gBaSNkZvyfg,2026-06-17T13:43:38+10:00,1
2026-06-17T16:14:53.281617+10:00,f6yZ6ieUa7w,YouTube,Mrigisha Singh | Honest Parenting Talk | Baby Vlog,बच्चे को सरकारी या प्राइवेट वैक्सीन? | कौन सी वैक्सीन बेहतर है? | Vaccination @mrigishasingh,vaccination,1,vaccination,,,,Mrigisha Singh | Honest Parenting Talk | Baby Vlog,https://www.youtube.com/watch?v=f6yZ6ieUa7w,2026-06-17T13:39:01+10:00,1
2026-06-17T16:14:54.442717+10:00,kTTseUEI9gk,YouTube,Akanksha Mishra,वैक्सीनेशन डे  💉❤️ #familyvlog #shortsfeed #viral #vaccination #trending,vaccination,1,vaccination,,,,Akanksha Mishra,https://www.youtube.com/watch?v=kTTseUEI9gk,2026-06-17T13:30:07+10:00,1
2026-06-17T16:14:55.535631+10:00,E-dkKJ_d1fI,YouTube,Comedy Skitz,Bill Burr Reminisces on the VACCINE WAR!!🤣🤣🤣 #shorts #shortsfeed #standupcomedy #standup,vaccine,1,vaccine,,,,Comedy Skitz,https://www.youtube.com/watch?v=E-dkKJ_d1fI,2026-06-17T08:00:31+10:00,1
2026-06-17T16:14:56.602258+10:00,b84DEvx7Oco,YouTube,National Press Foundation,Vaccine Safety: Real Science vs. Manufactured Controversy,vaccine,1,vaccine,,,,National Press Foundation,https://www.youtube.com/watch?v=b84DEvx7Oco,2026-06-17T01:40:10+10:00,1
2026-06-17T16:14:58.795254+10:00,PULcvWMzw2I,YouTube,SumanTV Lifestyle,HPV Vaccine Protects Against Which Cancer? | Cervical Cancer Prevention | Women&#39;s Health |Dr Apporva,vaccine,1,vaccine,,,,SumanTV Lifestyle,https://www.youtube.com/watch?v=PULcvWMzw2I,2026-06-17T00:30:26+10:00,1
2026-06-17T16:14:59.895901+10:00,g66hcaR0v50,YouTube,Hamdard hospital ,vaccination #babychoice #baby #cutebaby #babychoice #lifeisbutadream #newborn #cute #positivebirth,vaccination,1,vaccination,,,,Hamdard hospital ,https://www.youtube.com/watch?v=g66hcaR0v50,2026-06-17T00:21:47+10:00,1
2026-06-17T16:15:03.307720+10:00,mK-1RxtLhWM,YouTube,Crafted Everyday,Why Every Duckling Gets This Injection Before Growing Up #rurallife #livestocklife #farm,vaccine,1,vaccine,,,,Crafted Everyday,https://www.youtube.com/watch?v=mK-1RxtLhWM,2026-06-16T23:08:13+10:00,1
2026-06-17T16:15:04.519002+10:00,K7E9qtb4Hjg,YouTube,Karuppan & CO,🐶 Namma Karuppan&#39;s Hospital Visit! 💉 2nd Vaccination Done | GSD Puppy Vlog | KARUPPAN&amp;CO  #cutepets,vaccination,1,vaccination,,,,Karuppan & CO,https://www.youtube.com/watch?v=K7E9qtb4Hjg,2026-06-16T22:46:06+10:00,1
2026-06-17T16:15:06.767312+10:00,oxD-18QbKos,YouTube,Dr Monica Rajput,Newborn Baby Vaccination: Janam Ke Baad Kaun  Se Teeke Zaroori Hain? 👶💉#viralshort #trendingshorts,vaccination,1,vaccination,,,,Dr Monica Rajput,https://www.youtube.com/watch?v=oxD-18QbKos,2026-06-16T20:59:46+10:00,1
2026-06-17T16:15:07.910631+10:00,7V2emMK0oT0,YouTube,Kulen Elephant Family,Tetanus vaccination for Savath 🐘❤️🙏 #elephant #keffamily #babyelephant #kef #chimean,vaccination,1,vaccination,,,,Kulen Elephant Family,https://www.youtube.com/watch?v=7V2emMK0oT0,2026-06-16T20:00:22+10:00,1
2026-06-17T16:15:11.408020+10:00,QWDZoqbCukk,YouTube,Hannan's Cattle,AL KHAIR CATTLE AND GOAT FRAM ETV Vaccine Completed ❤️palai available #2k27 #qurbanilover #cow #bull,vaccine,1,vaccine,,,,Hannan's Cattle,https://www.youtube.com/watch?v=QWDZoqbCukk,2026-06-17T15:51:58+10:00,1
2026-06-17T16:15:12.511992+10:00,Qa-xy5ekxkA,YouTube,SKT Fact,facts about vaccine #viral #facts #trending,vaccine,1,vaccine,,,,SKT Fact,https://www.youtube.com/watch?v=Qa-xy5ekxkA,2026-06-17T15:43:05+10:00,1
2026-06-17T16:15:13.656847+10:00,SB7jFj9TUoE,YouTube,Jeffrey,Not in my Backyard?#ai #vaccine #datacenter #nimby #fyp,vaccine,1,vaccine,,,,Jeffrey,https://www.youtube.com/watch?v=SB7jFj9TUoE,2026-06-17T14:19:21+10:00,1
2026-06-17T16:15:14.788270+10:00,BxZ7rM4uelI,YouTube,DJVC Darshan,#vaccine #funnnyshort,vaccine,1,vaccine,,,,DJVC Darshan,https://www.youtube.com/watch?v=BxZ7rM4uelI,2026-06-17T14:09:05+10:00,1
2026-06-17T16:15:15.890876+10:00,9g6w2P0A8d8,YouTube,KMOV St. Louis,"WashU Medicine study finds new mRNA flu vaccine could reduce hospitalizations, deaths",vaccine,1,vaccine,,,,KMOV St. Louis,https://www.youtube.com/watch?v=9g6w2P0A8d8,2026-06-17T11:28:01+10:00,1
2026-06-17T16:15:16.960611+10:00,qeT4OzH9Oyo,YouTube,"WBAY TV-2 | Green Bay, WI",New flu vaccine,vaccine,1,vaccine,vaccine,,,"WBAY TV-2 | Green Bay, WI",https://www.youtube.com/watch?v=qeT4OzH9Oyo,2026-06-17T05:00:44+10:00,1
2026-06-17T16:15:18.075721+10:00,i4lAZsN6UfA,YouTube,NARC memories,Seasonal Flu vaccine for kids#rain #season #flu #vaccine #hospital #cold #sick #kids #shortsfeed #yt,vaccine,1,vaccine,,,,NARC memories,https://www.youtube.com/watch?v=i4lAZsN6UfA,2026-06-17T00:07:30+10:00,1
2026-06-17T16:15:19.207647+10:00,KK3Bd9IXr6g,YouTube,WION,India Expands Cervical Cancer Fight as HPV Vaccine Push Grows | WION,vaccine,1,vaccine,,,,WION,https://www.youtube.com/watch?v=KK3Bd9IXr6g,2026-06-16T23:47:11+10:00,1
2026-06-17T16:15:20.262611+10:00,c9yZOzkhTRk,YouTube,INSIGHTS IAS,"UPSC Current Affairs 16 June 2026 | G7 Summit, GIB, Dengue Vaccine, BMD | Prelims 2027",vaccine,1,vaccine,,,,INSIGHTS IAS,https://www.youtube.com/watch?v=c9yZOzkhTRk,2026-06-16T23:08:41+10:00,1
2026-06-17T16:15:21.424257+10:00,sDJWnqoQaR8,YouTube,manjuagrofarms🌾,కొత్తగా పొటేలు కొన్నారా? మొదట PPRనా? ETనా? పూర్తి Vaccine Schedule.#vacine #goatfarming,vaccine,1,vaccine,,,,manjuagrofarms🌾,https://www.youtube.com/watch?v=sDJWnqoQaR8,2026-06-16T22:41:06+10:00,1
2026-06-17T16:15:22.533226+10:00,Dj5p2O1f5xA,YouTube,New Born,Newborn baby normal delivery baby all ok vaccine hepatitis B #youtube #baby #trending #newborn #cute,vaccine,1,vaccine,,,,New Born,https://www.youtube.com/watch?v=Dj5p2O1f5xA,2026-06-16T20:46:14+10:00,1
2026-06-17T16:15:31.301789+10:00,mt_Qiuj26h8,YouTube,News 12,Is natural immunity stronger than immunity gained by vaccination?,vaccination,1,vaccination,,,,News 12,https://www.youtube.com/watch?v=mt_Qiuj26h8,2022-02-24T02:03:25+11:00,1
2026-06-17T16:15:32.393954+10:00,anIhDE059NA,YouTube,Youth Health Focus,Is NATURAL IMMUNITY enough to stop Covid-19??? | #shorts,vaccine,1,vaccine,,,,Youth Health Focus,https://www.youtube.com/watch?v=anIhDE059NA,2022-02-14T02:15:00+11:00,1
2026-06-17T16:15:33.488799+10:00,sL_IVKIAsdY,YouTube,HEALTH-HEALTH: 245k views : 3hours ago...,COVID 19 Natural Immunity Was More Effective Than Vaccines For Delta Variant,vaccine,1,vaccine,,,,HEALTH-HEALTH: 245k views : 3hours ago...,https://www.youtube.com/watch?v=sL_IVKIAsdY,2022-01-27T16:14:04+11:00,1
2026-06-18T15:57:17.731287+10:00,JbRkX81eJHo,YouTube,Les Farley's Odds And Ends,Fluoride-Free Toothpaste And Better Mouthwash,"fluoridation, fluoride",2,"fluoridation, fluoride",,,,Les Farley's Odds And Ends,https://www.youtube.com/watch?v=JbRkX81eJHo,2026-06-18T07:35:14+10:00,2
2026-06-18T15:57:44.311300+10:00,KfeE-oJi3ow,YouTube,The Gut Code ,Stop Drinking Tap Water NOW! It&#39;s Toxic Waste! #shorts,"fluoride, fluoride byproduct",2,"fluoride, fluoride byproduct",,,,The Gut Code ,https://www.youtube.com/watch?v=KfeE-oJi3ow,2025-12-20T22:23:39+11:00,6
2026-06-18T15:57:51.653706+10:00,TPx68n2zGzQ,YouTube,Vet Info,"vaccination in goats through subcutaneous injection, #trending #goat #vaccine #vaccination #shorts","vaccination, vaccine",2,"vaccination, vaccine",,,,Vet Info,https://www.youtube.com/watch?v=TPx68n2zGzQ,2026-06-18T15:35:41+10:00,2
2026-06-18T15:57:53.832234+10:00,jlmE6_l0XMs,YouTube,Vet Info,"vaccination in gulabi goats, bakra farm vaccine, #trending #goat #youtube #vaccine #vaccination","vaccination, vaccine",2,"vaccination, vaccine",,,,Vet Info,https://www.youtube.com/watch?v=jlmE6_l0XMs,2026-06-18T15:31:29+10:00,2
2026-06-18T15:58:01.587930+10:00,yVNwl9wkAO0,YouTube,Ankit Parekh Vlogs,Pet Vaccination #vaccination #vaccine #pethospital #ankitparekh #anand #dogvaccine #rabbis #dogbites,"vaccination, vaccine",2,"vaccination, vaccine",,,,Ankit Parekh Vlogs,https://www.youtube.com/watch?v=yVNwl9wkAO0,2026-06-18T05:04:59+10:00,2
2026-06-18T15:58:07.143450+10:00,7kbF5P7nGUg,YouTube,Aakriti Dahal,Vaccination Day #newbornbaby #vaccine #babyshorts,"vaccination, vaccine",2,"vaccination, vaccine",vaccination,,,Aakriti Dahal,https://www.youtube.com/watch?v=7kbF5P7nGUg,2026-06-17T18:45:39+10:00,2
2026-06-18T15:57:18.857545+10:00,jZHAFHymiOI,YouTube,Internet MythBusters,Fluoride IQ Panic: What the New Science Actually Says,fluoride,1,fluoride,,,,Internet MythBusters,https://www.youtube.com/watch?v=jZHAFHymiOI,2026-06-18T06:28:54+10:00,1
2026-06-18T15:57:19.998584+10:00,RoOElX_mhtY,YouTube,The Gut Code ,Tap Water Dangers: Fluoride Linked to IQ Loss! They Dump Waste! #shorts,fluoride,1,fluoride,,,,The Gut Code ,https://www.youtube.com/watch?v=RoOElX_mhtY,2026-05-16T05:25:22+10:00,1
2026-06-18T15:57:22.475469+10:00,XAqhw2vYtl0,YouTube,WILD FACT DAILY,Sharks Almost Never Get Cavities 😱🦈 #AnimalFacts #Shark #Shorts,fluoride,1,fluoride,,,,WILD FACT DAILY,https://www.youtube.com/watch?v=XAqhw2vYtl0,2026-06-18T13:27:11+10:00,1
2026-06-18T15:57:23.570575+10:00,u9nJbo70GAY,YouTube,Spotted Deals with Amy & Griffey,"Nano hydroxy blah blah, better than fluoride and NO PlAstiC Davids Hydroxi Fluoride Free Nano Hydrox",fluoride,1,fluoride,,,,Spotted Deals with Amy & Griffey,https://www.youtube.com/watch?v=u9nJbo70GAY,2026-06-18T13:00:35+10:00,1
2026-06-18T15:57:24.695632+10:00,IZrohNmW4Zo,YouTube,Spotted Deals with Amy & Griffey,"Nano hydroxy blah blah, better than fluoride and NO PlAstiC Davids Hydroxi Fluoride Free Nano Hydrox",fluoride,1,fluoride,,,,Spotted Deals with Amy & Griffey,https://www.youtube.com/watch?v=IZrohNmW4Zo,2026-06-18T13:00:56+10:00,1
2026-06-18T15:57:25.815138+10:00,AbeiqNYB6Zg,YouTube,Jane Zuo,"Hydrogen fluoride and carbonate,pls see the gas-liquid mixing pump withCT4 explosion-proof.#booster",fluoride,1,fluoride,,,,Jane Zuo,https://www.youtube.com/watch?v=AbeiqNYB6Zg,2026-06-18T11:36:53+10:00,1
2026-06-18T15:57:26.905065+10:00,NZ6nlSsnRhk,YouTube,Straight Up Reviews,Fluoride Free Toothpaste That Actually Works? Ollie Nano Hydroxyapatite Review,fluoride,1,fluoride,,,,Straight Up Reviews,https://www.youtube.com/watch?v=NZ6nlSsnRhk,2026-06-18T11:30:14+10:00,1
2026-06-18T15:57:28.009913+10:00,IklgupGPFCs,YouTube,The People's Dentist,4A05FA11-E87F-41C2-B4B0-D2C419CF4FE8,fluoride,1,fluoride,,,,The People's Dentist,https://www.youtube.com/watch?v=IklgupGPFCs,2026-06-18T08:05:43+10:00,1
2026-06-18T15:57:29.118303+10:00,LtruSbB9ElM,YouTube,SlonkMyJUUL,when the fluoride kicks in,fluoride,1,fluoride,,,,SlonkMyJUUL,https://www.youtube.com/watch?v=LtruSbB9ElM,2026-06-18T08:03:18+10:00,1
2026-06-18T15:57:30.252308+10:00,gSVZpw5-0Tw,YouTube,The Veritas Project ,Fluoride &amp; Intuition: Unlock Your Third Eye Power! #shorts,fluoride,1,fluoride,,,,The Veritas Project ,https://www.youtube.com/watch?v=gSVZpw5-0Tw,2026-06-18T07:59:45+10:00,1
2026-06-18T15:57:31.401214+10:00,cqQ-x5kI2D4,YouTube,Dr. Angelina Dedvukaj Salem | Dr. Angie DDS,Matcha can be a sneaky source of fluoride 🍵,fluoride,1,fluoride,,,,Dr. Angelina Dedvukaj Salem | Dr. Angie DDS,https://www.youtube.com/watch?v=cqQ-x5kI2D4,2026-06-18T07:12:25+10:00,1
2026-06-18T15:57:32.514834+10:00,lKWz6qMe5w8,YouTube,The Mama Dentist,"#greenscreen A flavorless, fluoride toothpaste for kids that is SLS free",fluoride,1,fluoride,,,,The Mama Dentist,https://www.youtube.com/watch?v=lKWz6qMe5w8,2026-06-18T07:09:34+10:00,1
2026-06-18T15:57:33.638179+10:00,-2ysMPYyeG0,YouTube,Direction ,🦷✨ COLGATE F,fluoride,1,fluoride,,,,Direction ,https://www.youtube.com/watch?v=-2ysMPYyeG0,2026-06-18T06:58:05+10:00,1
2026-06-18T15:57:34.730357+10:00,LxQtmZ51uGY,YouTube,othrsde,[free] h4teboy x fried by fluoride x h4rtbrkr punk rock type beat - &quot;bored of me&quot;,fluoride,1,fluoride,,,,othrsde,https://www.youtube.com/watch?v=LxQtmZ51uGY,2026-06-18T06:00:32+10:00,1
2026-06-18T15:57:35.837547+10:00,S8p_PdyXFXQ,YouTube,Knot at the spot,Charcoal Toothpaste | Fluoride-Free | 100gm | Review ,fluoride,1,fluoride,,,,Knot at the spot,https://www.youtube.com/watch?v=S8p_PdyXFXQ,2026-06-18T05:04:14+10:00,1
2026-06-18T15:57:37.016084+10:00,OnjlzLpwcKM,YouTube,HABA By Conroy,EREWHON | #fluoride HEALTHY TOOTHPASTE,fluoride,1,fluoride,,,,HABA By Conroy,https://www.youtube.com/watch?v=OnjlzLpwcKM,2026-06-18T04:24:32+10:00,1
2026-06-18T15:57:38.166203+10:00,aGFAxQRRyXs,YouTube,dead yami,(free) fried by fluoride / surf rock / pop punk type beat - &quot;better help&quot;,fluoride,1,fluoride,,,,dead yami,https://www.youtube.com/watch?v=aGFAxQRRyXs,2026-06-18T03:59:11+10:00,1
2026-06-18T15:57:39.285191+10:00,D0Ulxk-GZyw,YouTube,Sounds Like A Cult & Magical Overthinkers,The Fluoride Panic Is Getting Culty,fluoride,1,fluoride,,,,Sounds Like A Cult & Magical Overthinkers,https://www.youtube.com/watch?v=D0Ulxk-GZyw,2026-06-18T04:00:12+10:00,1
2026-06-18T15:57:49.422893+10:00,17ZTOHwAoY0,YouTube,Ajeet@cutiipaiiAnvi,#CuteAnvi during vaccination,vaccination,1,vaccination,,,,Ajeet@cutiipaiiAnvi,https://www.youtube.com/watch?v=17ZTOHwAoY0,2026-06-18T15:49:52+10:00,1
2026-06-18T15:57:50.532420+10:00,JKtlJZvNsI8,YouTube,Vet Info,"MashaAllah vaccination done in goats, #trending #goat #cow #goatfarming #shorts #youtube",vaccination,1,vaccination,,,,Vet Info,https://www.youtube.com/watch?v=JKtlJZvNsI8,2026-06-18T15:34:17+10:00,1
2026-06-18T15:57:52.759616+10:00,CAiBAZYh9-E,YouTube,Cute Richie Tales,Richie ka 3rd vaccination 😒#viralvideo #entertaininganimals #funnyanimal #funnycat #cutecat #,vaccination,1,vaccination,,,,Cute Richie Tales,https://www.youtube.com/watch?v=CAiBAZYh9-E,2026-06-18T15:32:09+10:00,1
2026-06-18T15:57:54.934663+10:00,n6B0p_SdlsE,YouTube,Ica-chu the Pug,Vaccine day! I cried hohoho #dog #pug,vaccine,1,vaccine,,,,Ica-chu the Pug,https://www.youtube.com/watch?v=n6B0p_SdlsE,2026-06-18T13:40:00+10:00,1
2026-06-18T15:57:56.075953+10:00,33jb3lR7PYk,YouTube,Dhruv Anjana Vlogs,Congratulations Lakshay Bhai &amp; Preeti Bhabi 😍 || Dhriva Ka 9 Month Vaccination 😱,vaccination,1,vaccination,,,,Dhruv Anjana Vlogs,https://www.youtube.com/watch?v=33jb3lR7PYk,2026-06-18T13:30:29+10:00,1
2026-06-18T15:57:57.182893+10:00,NuIUccTfYgg,YouTube,Newborn Diaries,bcg vaccination 😢 #viral #baby #newborn,vaccination,1,vaccination,,,,Newborn Diaries,https://www.youtube.com/watch?v=NuIUccTfYgg,2026-06-18T13:31:19+10:00,1
2026-06-18T15:57:58.257002+10:00,h89IKNcBzMg,YouTube,"Australian Dept of Health, Disability and Ageing",Winter Vaccination – Health Professional Video - Dr Ines Rio - Social,vaccination,1,vaccination,,,,"Australian Dept of Health, Disability and Ageing",https://www.youtube.com/watch?v=h89IKNcBzMg,2026-06-18T12:26:52+10:00,1
2026-06-18T15:57:59.359017+10:00,n7WMuAnejy8,YouTube,Chinext,#shorts #shortsfeed #babycrying #vaccination,vaccination,1,vaccination,,,,Chinext,https://www.youtube.com/watch?v=n7WMuAnejy8,2026-06-18T11:00:35+10:00,1
2026-06-18T15:58:00.499587+10:00,tLILiIL-xeA,YouTube,Pooja Bhadra,vaccination at Gosala#livestockinspector #govtemployees #cowlover,vaccination,1,vaccination,,,,Pooja Bhadra,https://www.youtube.com/watch?v=tLILiIL-xeA,2026-06-18T10:45:44+10:00,1
2026-06-18T15:58:02.708602+10:00,n_fMS9-89yQ,YouTube,Let's Crack UPSC CSE Hindi,World&#39;s First Single-Dose Dengue Vaccine Under Question?,vaccine,1,vaccine,,,,Let's Crack UPSC CSE Hindi,https://www.youtube.com/watch?v=n_fMS9-89yQ,2026-06-18T04:00:38+10:00,1
2026-06-18T15:58:03.780361+10:00,EiiKUspJqqw,YouTube,Medanta,Is Measles Just a Rash? Why Vaccination Matters | Dr. Rajiv Uttam | Medanta Gurugram,vaccination,1,vaccination,,,,Medanta,https://www.youtube.com/watch?v=EiiKUspJqqw,2026-06-17T23:59:02+10:00,1
2026-06-18T15:58:04.876162+10:00,EugnszCtKpw,YouTube,Dr. Tommy Martin,Do children get too many vaccines at one appointment? #pediatrics #doctor #vaccines #medicine,vaccine,1,vaccine,vaccine,,,Dr. Tommy Martin,https://www.youtube.com/watch?v=EugnszCtKpw,2026-06-17T23:53:58+10:00,1
2026-06-18T15:58:06.010857+10:00,HLiVU0Ouyp4,YouTube,Dr M S S Mukharjee | Pulse Heart,డెంగ్యూ వ్యాక్సిన్‌పై బ్రెజిల్ బ్రేక్: అసలు ఏం జరిగింది?  | Brazil Dengue Vaccine,vaccine,1,vaccine,vaccine,,,Dr M S S Mukharjee | Pulse Heart,https://www.youtube.com/watch?v=HLiVU0Ouyp4,2026-06-17T22:00:51+10:00,1
2026-06-18T15:58:08.255082+10:00,VxiGuQNbXDY,YouTube,MesVaccins.net,L’#actu vaccination du 17 juin 2026 ! 💉,vaccination,1,vaccination,,,,MesVaccins.net,https://www.youtube.com/watch?v=VxiGuQNbXDY,2026-06-17T18:43:43+10:00,1
2026-06-18T15:58:09.361624+10:00,xpRJtCW0JaA,YouTube,FarmQuick,새끼 염소 백신 주사 접종 현장 #farming #livestock #goat #vaccine #husbandry,vaccine,1,vaccine,,,,FarmQuick,https://www.youtube.com/watch?v=xpRJtCW0JaA,2026-06-17T18:30:21+10:00,1
2026-06-18T15:58:10.493628+10:00,tMZg3pMSq6w,YouTube,Dr Shirish Deshpande,"Looking like a cloud, acting like a queen. 👑🤍 Vaccination day at the clinic! 💉🐾",vaccination,1,vaccination,,,,Dr Shirish Deshpande,https://www.youtube.com/watch?v=tMZg3pMSq6w,2026-06-17T16:43:13+10:00,1
2026-06-18T15:58:11.557594+10:00,_7EFSR91s8M,YouTube,Rainbow Children’s Hospital & BirthRight,"Before pneumonia happens, do this #vaccination #childwellness #immunization",vaccination,1,vaccination,,,,Rainbow Children’s Hospital & BirthRight,https://www.youtube.com/watch?v=_7EFSR91s8M,2026-06-17T16:30:03+10:00,1
2026-06-18T15:58:13.990695+10:00,Fut8ZgoPvHs,YouTube,Vet Info,"vaccine Injection through subcutaneous in goats, #trending #goat #youtube #goatfarming #shorts",vaccine,1,vaccine,,,,Vet Info,https://www.youtube.com/watch?v=Fut8ZgoPvHs,2026-06-18T15:32:21+10:00,1
2026-06-18T15:58:15.069176+10:00,lKSJXZgIMDw,YouTube,Jers Ben,CLAIRE LETS GO MAKE THIS VACCINE! #RE2 #RE2Classic #Residentevil #Cla... | #jersbensod on #Twitch,vaccine,1,vaccine,,,,Jers Ben,https://www.youtube.com/watch?v=lKSJXZgIMDw,2026-06-18T14:15:44+10:00,1
2026-06-18T15:58:16.172053+10:00,OX30MAIViv0,YouTube,Window To The World,The Vaccine Gun That Was Supposed to Replace Needles 💉⚡,vaccine,1,vaccine,,,,Window To The World,https://www.youtube.com/watch?v=OX30MAIViv0,2026-06-18T04:37:52+10:00,1
2026-06-18T15:58:17.261555+10:00,CiNECrcYpDY,YouTube,NBC News,Experimental fentanyl vaccine showed promise in an early-stage trial,vaccine,1,vaccine,vaccine,,,NBC News,https://www.youtube.com/watch?v=CiNECrcYpDY,2026-06-18T04:18:10+10:00,1
2026-06-18T15:58:18.434679+10:00,snOOisYMe7o,YouTube,WWLTV,New vaccine schedule for pregnant patients,vaccine,1,vaccine,vaccine,,,WWLTV,https://www.youtube.com/watch?v=snOOisYMe7o,2026-06-17T23:35:16+10:00,1
2026-06-18T15:58:19.530092+10:00,QNcfed8-lcA,YouTube,AK Insights,Concerns Over Dengue Vaccine DengiAll #appsc #currentaffairs #viral #trending #disease #vaccine#upsc,vaccine,1,vaccine,,,,AK Insights,https://www.youtube.com/watch?v=QNcfed8-lcA,2026-06-17T23:00:05+10:00,1
2026-06-18T15:58:20.643866+10:00,Ps-1QK1VUMg,YouTube,Hair Tutorials & Lifestyle ,Kam just had her vaccine 💉 she’s so brav 😍 17-06-26,vaccine,1,vaccine,,,,Hair Tutorials & Lifestyle ,https://www.youtube.com/watch?v=Ps-1QK1VUMg,2026-06-17T22:38:39+10:00,1
2026-06-18T15:58:21.757661+10:00,f5GMlme3II4,YouTube,The Economic Times,&#39;Stop POLITICISATION of science!&#39;: Witness STUNS Senate with explosive COVID vaccine cover-up claims,vaccine,1,vaccine,vaccine,,,The Economic Times,https://www.youtube.com/watch?v=f5GMlme3II4,2026-06-17T22:14:41+10:00,1
2026-06-18T15:58:22.823714+10:00,cmI_mHCaozw,YouTube,The PreHistoric Farmer,"🧟INFECTION FREE ZONE - ANCHORAGE, ALASKA - CREATING A VACCINE FOR THE PEOPLE🧟",vaccine,1,vaccine,,,,The PreHistoric Farmer,https://www.youtube.com/watch?v=cmI_mHCaozw,2026-06-17T22:05:27+10:00,1
2026-06-18T15:58:23.889345+10:00,dgdhrmRZK7E,YouTube,Let's Crack UPSC CSE Hindi,Dengue Vaccine Controversy | भारत की Dengue Vaccine के लिए खतरे की घंटी?,vaccine,1,vaccine,,,,Let's Crack UPSC CSE Hindi,https://www.youtube.com/watch?v=dgdhrmRZK7E,2026-06-17T22:03:10+10:00,1
2026-06-18T15:58:24.960241+10:00,Uui_b46IVxw,YouTube,Federal Directorate of Immunization (FDI) Pakistan,"A high-level delegation from Gavi, the Vaccine Alliance called on Dr. Musa Khan, Dire 17.6.2026.",vaccine,1,vaccine,,,,Federal Directorate of Immunization (FDI) Pakistan,https://www.youtube.com/watch?v=Uui_b46IVxw,2026-06-17T18:17:33+10:00,1
2026-06-19T16:22:50.251373+10:00,dn3xIXi10x4,YouTube,Core Pre-Health Science Explainers,"Fluoride Explained | Tooth Enamel, Fluorapatite, Cavities, and Water Fluoridation","fluoridation, fluoride",2,"fluoridation, fluoride",,,,Core Pre-Health Science Explainers,https://www.youtube.com/watch?v=dn3xIXi10x4,2026-06-18T21:04:19+10:00,2
2026-06-19T16:22:59.291762+10:00,gNB5k8uICo4,YouTube,ElFrameRoll,@DTHshow on youtube. A town with almost no cavities... then everything changed,"fluoridation, fluoride",2,"fluoridation, fluoride",,,,ElFrameRoll,https://www.youtube.com/watch?v=gNB5k8uICo4,2026-06-19T11:02:03+10:00,2
2026-06-19T16:23:18.204287+10:00,UE57PMmixEk,YouTube,Jmk Vet,Dog vaccination time || dog vaccination #dogvaccination #dogvaccine #shorts,"vaccination, vaccine",2,"vaccination, vaccine",,,,Jmk Vet,https://www.youtube.com/watch?v=UE57PMmixEk,2026-06-19T16:00:17+10:00,2
2026-06-19T16:23:19.356565+10:00,3JtG4oPiyNw,YouTube,Vet Info,"big bulls vaccination program, injection in cow farm, #injection #vaccine #vaccination #shorts #yt","vaccination, vaccine",2,"vaccination, vaccine",,,,Vet Info,https://www.youtube.com/watch?v=3JtG4oPiyNw,2026-06-19T14:55:30+10:00,2
2026-06-19T16:23:28.172119+10:00,khGUlzP1SMU,YouTube,The Midnight Pharmacy,NDIS Team Vaccination Program | COVID-19 &amp; Flu Vaccines Protecting Healthcare Workers,"vaccination, vaccine",2,"vaccination, vaccine",,,,The Midnight Pharmacy,https://www.youtube.com/watch?v=khGUlzP1SMU,2026-06-19T12:01:12+10:00,2
2026-06-19T16:23:29.283918+10:00,dtpKa-4Jcgo,YouTube,The Midnight Pharmacy,NDIS Vaccination Clinic | COVID-19 &amp; Flu Vaccines Protecting Our Community,"vaccination, vaccine",2,"vaccination, vaccine",,,,The Midnight Pharmacy,https://www.youtube.com/watch?v=dtpKa-4Jcgo,2026-06-19T11:55:15+10:00,2
2026-06-19T16:23:30.369857+10:00,oC7FM37k2sM,YouTube,TerryWhite Chemmart Paragon ,NDIS Vaccination Clinic | COVID-19 &amp; Flu Vaccines Protecting Our Community,"vaccination, vaccine",2,"vaccination, vaccine",,,,TerryWhite Chemmart Paragon ,https://www.youtube.com/watch?v=oC7FM37k2sM,2026-06-19T11:54:55+10:00,2
2026-06-19T16:23:35.001863+10:00,T3DLMaCtWZw,YouTube,LENZING WEEKLY,😢 My Wife Started Crying | Our Baby’s Vaccination Day 💉,"vaccination, vaccine",2,vaccination,"vaccination, vaccine",,,LENZING WEEKLY,https://www.youtube.com/watch?v=T3DLMaCtWZw,2026-06-19T03:15:13+10:00,2
2026-06-19T16:23:37.261140+10:00,NlCbmx3Ge6Q,YouTube,London Real,The Vaccine Injury Myth — EXPOSED,"vaccine, vaccination",2,vaccine,"vaccination, vaccine",,,London Real,https://www.youtube.com/watch?v=NlCbmx3Ge6Q,2026-06-19T00:00:28+10:00,2
2026-06-19T16:23:41.641086+10:00,QY-4JWIqsqk,YouTube,Sayed Mujahid Husain,Cuteness overload!!😁❤️ #vaccination #cutebaby,"vaccination, vaccine",2,vaccination,vaccine,,,Sayed Mujahid Husain,https://www.youtube.com/watch?v=QY-4JWIqsqk,2026-06-18T22:06:03+10:00,2
2026-06-19T16:22:48.043308+10:00,aKIzbjoG0L4,YouTube,Oral Science,RDH Fazila’s fluoride-free toothpaste recommendation,fluoride,1,fluoride,,,,Oral Science,https://www.youtube.com/watch?v=aKIzbjoG0L4,2026-06-19T01:49:19+10:00,1
2026-06-19T16:22:49.141221+10:00,4ETo2WviafM,YouTube,Daily Dart,Breaking News: Breaking: Federal Court Strikes Down Landmark Fluoride Ruling on #Breaking,fluoride,1,fluoride,,,,Daily Dart,https://www.youtube.com/watch?v=4ETo2WviafM,2026-06-18T22:24:13+10:00,1
2026-06-19T16:22:52.625766+10:00,CYBH0huBmiI,YouTube,Dentisme,Pasta Gigi Berfluoride VS Pasta Gigi Hydroxyapatite,fluoride,1,fluoride,,,,Dentisme,https://www.youtube.com/watch?v=CYBH0huBmiI,2026-06-19T15:00:31+10:00,1
2026-06-19T16:22:53.773558+10:00,G3YR0oSeBfA,YouTube,ST.MOTHER TERESA DENTAL AND COSMETIC CLINIC,Did You Know? Fluoride plays a vital role in protecting your child’s teeth from cavities and decay,fluoride,1,fluoride,,,,ST.MOTHER TERESA DENTAL AND COSMETIC CLINIC,https://www.youtube.com/watch?v=G3YR0oSeBfA,2026-06-19T14:00:05+10:00,1
2026-06-19T16:22:54.860294+10:00,VMwVCST4Nl4,YouTube,NOBS,The problem with most fluoride-free toothpaste?,fluoride,1,fluoride,,,,NOBS,https://www.youtube.com/watch?v=VMwVCST4Nl4,2026-06-19T13:15:32+10:00,1
2026-06-19T16:22:55.984486+10:00,WEOct6Gvn0A,YouTube,TECH SWORD,Fluoride ISE Hepton Scientific,fluoride,1,fluoride,,,,TECH SWORD,https://www.youtube.com/watch?v=WEOct6Gvn0A,2026-06-19T13:04:28+10:00,1
2026-06-19T16:22:57.098417+10:00,6MMN9-ZhNfI,YouTube,NOBS,Nano-hydroxyapatite is not as well known as fluoride when it comes to toothpaste,fluoride,1,fluoride,,,,NOBS,https://www.youtube.com/watch?v=6MMN9-ZhNfI,2026-06-19T13:00:36+10:00,1
2026-06-19T16:22:58.186007+10:00,8QD6CEAtOV4,YouTube,Dr. Andrew Choi ,Fluoride is good! 🌟🦷 #dentist #dentalhumor #humor #fluoride #cleaning,fluoride,1,fluoride,,,,Dr. Andrew Choi ,https://www.youtube.com/watch?v=8QD6CEAtOV4,2026-06-19T11:03:48+10:00,1
2026-06-19T16:23:00.445778+10:00,8iDHU5fOELU,YouTube,NOBS,A lot of adults have been quietly switching away from fluoride for years. NOBS is the alternative!,fluoride,1,fluoride,,,,NOBS,https://www.youtube.com/watch?v=8iDHU5fOELU,2026-06-19T09:56:48+10:00,1
2026-06-19T16:23:01.555988+10:00,tdB6WRSh7hA,YouTube,Shredding Narratives,NO FLOURIDE,fluoride,1,fluoride,,,,Shredding Narratives,https://www.youtube.com/watch?v=tdB6WRSh7hA,2026-06-19T05:14:29+10:00,1
2026-06-19T16:23:02.667472+10:00,S7gBVynB9ho,YouTube,Zackattack Studios,fluoride is worse than you think....,fluoride,1,fluoride,,,,Zackattack Studios,https://www.youtube.com/watch?v=S7gBVynB9ho,2026-06-19T02:43:05+10:00,1
2026-06-19T16:23:03.770305+10:00,w0ZiheB3W_I,YouTube,Digitall Kavita,#Healthy#Smile#Natural#Care #Fluoride Free#Gentle Cleaning#Fresh Breath# Healthy Gums,fluoride,1,fluoride,,,,Digitall Kavita,https://www.youtube.com/watch?v=w0ZiheB3W_I,2026-06-19T02:42:55+10:00,1
2026-06-19T16:23:04.853761+10:00,ZczzGuGBgFI,YouTube,Towne Centre Family Dental and the Implant & SmileMakeover Studio,Healthy Smiles Start with Prevention #shorts,fluoride,1,fluoride,,,,Towne Centre Family Dental and the Implant & SmileMakeover Studio,https://www.youtube.com/watch?v=ZczzGuGBgFI,2026-06-19T02:27:34+10:00,1
2026-06-19T16:23:05.951123+10:00,oO6-xFaslo8,YouTube,Carly Brown Heals,Say Goodbye to Fluoride Embrace Hydroxyapatite #podcast #healing @CarlyBrownWellness,fluoride,1,fluoride,,,,Carly Brown Heals,https://www.youtube.com/watch?v=oO6-xFaslo8,2026-06-19T02:16:55+10:00,1
2026-06-19T16:23:07.039992+10:00,-EyoZAsUtGI,YouTube,Elena Hulsey,"TheraBreath Kids Mouthwash with Fluoride, Organic Wacky Watermelon, Anticavity, 16 fl oz (2 Pack)",fluoride,1,fluoride,,,,Elena Hulsey,https://www.youtube.com/watch?v=-EyoZAsUtGI,2026-06-19T02:00:21+10:00,1
2026-06-19T16:23:08.156832+10:00,Z3mcuqI3qh8,YouTube,Deserving Dental,SDF. Silver Diamine Fluoride,fluoride,1,fluoride,,,,Deserving Dental,https://www.youtube.com/watch?v=Z3mcuqI3qh8,2026-06-19T00:07:27+10:00,1
2026-06-19T16:23:09.236651+10:00,PE1UFJI7j8k,YouTube,Ameemon(GD),hydrogen fluoride by me(ameemon)[impossible level],fluoride,1,fluoride,,,,Ameemon(GD),https://www.youtube.com/watch?v=PE1UFJI7j8k,2026-06-18T22:08:58+10:00,1
2026-06-19T16:23:20.481446+10:00,gQRtD1whfeM,YouTube,"Australian Dept of Health, Disability and Ageing",Winter Vaccination – Community voices - Social,vaccination,1,vaccination,,,,"Australian Dept of Health, Disability and Ageing",https://www.youtube.com/watch?v=gQRtD1whfeM,2026-06-19T14:35:34+10:00,1
2026-06-19T16:23:21.610850+10:00,wGyPFqo2Sy8,YouTube,Akshay Dilaik Vlogs,Aavya Ka Vaccination Day // Shimla Mai Dadi Ne Diya Hume Surprise ,vaccination,1,vaccination,vaccination,,,Akshay Dilaik Vlogs,https://www.youtube.com/watch?v=wGyPFqo2Sy8,2026-06-19T14:30:16+10:00,1
2026-06-19T16:23:22.697131+10:00,GiNduEr_66Y,YouTube,The Midnight Pharmacy,"🏆 Be Brave, Get Vaccinated! Young Champion Shares Flu Vaccination Message 💉",vaccination,1,vaccination,,,,The Midnight Pharmacy,https://www.youtube.com/watch?v=GiNduEr_66Y,2026-06-19T12:33:27+10:00,1
2026-06-19T16:23:23.848662+10:00,Ml50zjSFxyo,YouTube,TerryWhite Chemmart Paragon ,"Child Flu Vaccination Experience | Making Immunisation Easy, Safe &amp; Stress-Free 💉👧🩺",vaccination,1,vaccination,,,,TerryWhite Chemmart Paragon ,https://www.youtube.com/watch?v=Ml50zjSFxyo,2026-06-19T12:15:03+10:00,1
2026-06-19T16:23:24.922170+10:00,ZMoW4ciJjso,YouTube,TerryWhite Chemmart Cumberland Park Pharmacy,"Child Flu Vaccination Experience | Making Immunisation Easy, Safe &amp; Stress-Free 💉👧🩺",vaccination,1,vaccination,,,,TerryWhite Chemmart Cumberland Park Pharmacy,https://www.youtube.com/watch?v=ZMoW4ciJjso,2026-06-19T12:15:10+10:00,1
2026-06-19T16:23:25.997226+10:00,qgTjnL--5ig,YouTube,The Midnight Pharmacy,Why Annual Flu Vaccination Matters | Workplace &amp; Community Health Protection,vaccination,1,vaccination,,,,The Midnight Pharmacy,https://www.youtube.com/watch?v=qgTjnL--5ig,2026-06-19T12:12:27+10:00,1
2026-06-19T16:23:27.057363+10:00,mmAAQ0ZVlt4,YouTube,TerryWhite Chemmart Paragon ,Why Annual Flu Vaccination Matters | Workplace &amp; Community Health Protection,vaccination,1,vaccination,,,,TerryWhite Chemmart Paragon ,https://www.youtube.com/watch?v=mmAAQ0ZVlt4,2026-06-19T12:11:00+10:00,1
2026-06-19T16:23:31.465431+10:00,jAXiSP1-v_A,YouTube,Chinext,#shorts #shortsfeed #babycrying #vaccination,vaccination,1,vaccination,,,,Chinext,https://www.youtube.com/watch?v=jAXiSP1-v_A,2026-06-19T11:00:08+10:00,1
2026-06-19T16:23:32.695127+10:00,R09XNsJKvcM,YouTube,Aaron Parnas,"Pete Hegseth made vaccines optional, now there’s an outbreak.",vaccine,1,vaccine,vaccine,,,Aaron Parnas,https://www.youtube.com/watch?v=R09XNsJKvcM,2026-06-19T07:08:16+10:00,1
2026-06-19T16:23:33.790147+10:00,Z-kRp_IO7Ko,YouTube,BBC News,"The vaccine preventing the deadly cancer, HPV | BBC News",vaccine,1,vaccine,vaccine,,,BBC News,https://www.youtube.com/watch?v=Z-kRp_IO7Ko,2026-06-19T04:45:06+10:00,1
2026-06-19T16:23:36.086927+10:00,MoSCoVCuXoc,YouTube,Amar and Nisha Vlogs,Agastya ka Vaccination Day💉👶 #amarandnishavlogs #dailyvlogs #minivlog #momlife #momvlogger #momvlog,vaccination,1,vaccination,,,,Amar and Nisha Vlogs,https://www.youtube.com/watch?v=MoSCoVCuXoc,2026-06-19T00:18:36+10:00,1
2026-06-19T16:23:38.352752+10:00,Oic_KDzdxok,YouTube,Channel 4 News,"HPV vaccine almost wiping out cervical cancer for young women, new study finds",vaccine,1,vaccine,,,,Channel 4 News,https://www.youtube.com/watch?v=Oic_KDzdxok,2026-06-18T23:27:47+10:00,1
2026-06-19T16:23:39.415295+10:00,yLeG00hPEeA,YouTube,Arogya Kaumudy,Vaccination എടുത്തിട്ടുണ്ടെങ്കിൽ Antibiotic ആവശ്യമില്ല #PediatricCare #Immunization #ChildHealth,vaccination,1,vaccination,,,,Arogya Kaumudy,https://www.youtube.com/watch?v=yLeG00hPEeA,2026-06-18T23:00:36+10:00,1
2026-06-19T16:23:40.499243+10:00,VPFAYqh5Jms,YouTube,Smart Study  with Danish Ali DA,Nts Past papers | Vaccination portion | vaccinator Jobs 2026,vaccination,1,vaccination,,,,Smart Study  with Danish Ali DA,https://www.youtube.com/watch?v=VPFAYqh5Jms,2026-06-18T22:54:48+10:00,1
2026-06-19T16:23:44.022101+10:00,DXJ7EZBWIbs,YouTube,Wazzii KE,Kuongelesha wazazi juu ya HPV Vaccine 💬,vaccine,1,vaccine,,,,Wazzii KE,https://www.youtube.com/watch?v=DXJ7EZBWIbs,2026-06-19T16:00:33+10:00,1
2026-06-19T16:23:45.137300+10:00,htEbVb4DCSc,YouTube,Hatchery Solution,automatic vaccine injection machine,vaccine,1,vaccine,,,,Hatchery Solution,https://www.youtube.com/watch?v=htEbVb4DCSc,2026-06-19T15:55:47+10:00,1
2026-06-19T16:23:46.254270+10:00,wBn_80b3nDY,YouTube,Sistrology Memories,anaviya ki 9th months vaccine 😳🥺😯#sistrology #iqrakanwal #areeb #viralvideo,vaccine,1,vaccine,,,,Sistrology Memories,https://www.youtube.com/watch?v=wBn_80b3nDY,2026-06-19T15:49:41+10:00,1
2026-06-19T16:23:47.348789+10:00,OO6nd2SVYPs,YouTube,Dr. Vishal Patel: Pediatric Neurologist,One man&#39;s lie created an entire movement #vaccine #autism #sciencedenial,vaccine,1,vaccine,,,,Dr. Vishal Patel: Pediatric Neurologist,https://www.youtube.com/watch?v=OO6nd2SVYPs,2026-06-19T15:50:48+10:00,1
2026-06-19T16:23:48.483102+10:00,Rv5utuqiCNQ,YouTube,Storique,"The Polio Vaccine That Gave 40,000 Kids Polio",vaccine,1,vaccine,,,,Storique,https://www.youtube.com/watch?v=Rv5utuqiCNQ,2026-06-19T15:46:52+10:00,1
2026-06-19T16:23:49.603630+10:00,mQwyIH5D0sc,YouTube,Haan Health Medical Centre,Protection Starts with Prevention | Understanding Vaccinations,vaccination,1,vaccination,,,,Haan Health Medical Centre,https://www.youtube.com/watch?v=mQwyIH5D0sc,2026-06-19T15:39:59+10:00,1
2026-06-19T16:23:50.727100+10:00,wQViAMeR9Hs,YouTube,Kaylee and Daddy ,Elsa leggo - gift for Kaylee after vaccine injection,vaccine,1,vaccine,,,,Kaylee and Daddy ,https://www.youtube.com/watch?v=wQViAMeR9Hs,2026-06-19T15:25:07+10:00,1
2026-06-19T16:23:51.795303+10:00,dntzFaksvuE,YouTube,RK_kennel_திருப்பூர் ,🫠😍EXTREME QUALITY GOLDEN BOY AVAILABLE 🔥💗 1st VACCINE DONE ☑️ NOT FOR CHEAP PRICE 💯#dog #petshub,vaccine,1,vaccine,,,,RK_kennel_திருப்பூர் ,https://www.youtube.com/watch?v=dntzFaksvuE,2026-06-19T15:23:41+10:00,1
2026-06-19T16:23:52.854572+10:00,sQ6I_0sJQSA,YouTube,CTV News,A recent study in Lancet Medical Journal on the HPV vaccine,vaccine,1,vaccine,,,,CTV News,https://www.youtube.com/watch?v=sQ6I_0sJQSA,2026-06-19T12:59:34+10:00,1
2026-06-19T16:23:53.988057+10:00,tv_uyVZs438,YouTube,APT,Russia Expands Into Asia: Vietnam Chosen as New Vaccine Distribution Hub | APT,vaccine,1,vaccine,,,,APT,https://www.youtube.com/watch?v=tv_uyVZs438,2026-06-19T07:41:09+10:00,1
2026-06-19T16:23:55.104286+10:00,zwslJ91lefo,YouTube,The Economic Times,&#39;COVID vaccine has worst side effects ever&#39;: Dr Rogers&#39; explosive claim rocks fiery Senate hearing,vaccine,1,vaccine,,,,The Economic Times,https://www.youtube.com/watch?v=zwslJ91lefo,2026-06-19T06:49:33+10:00,1
2026-06-19T16:23:56.207098+10:00,KTx03dxzrcE,YouTube,Acam’s Diary,How Chinese Babies Get This Vaccine,vaccine,1,vaccine,vaccine,,,Acam’s Diary,https://www.youtube.com/watch?v=KTx03dxzrcE,2026-06-19T04:41:00+10:00,1
2026-06-19T16:23:57.298647+10:00,xRBoHcQ3SRg,YouTube,OCEAN_D KOMIC Tv,I got my baby vaccinated at six  weeks #vaccine #newborn #lifestyle #goviral #fypシ #immunization,vaccine,1,vaccine,,,,OCEAN_D KOMIC Tv,https://www.youtube.com/watch?v=xRBoHcQ3SRg,2026-06-19T02:37:16+10:00,1
2026-06-20T15:17:11.211721+10:00,5SrqgoJsDRI,YouTube,Onision,This Guy Was Also Skeptical of Vaccines #antivaccination #antimask #antivaccs #re9 #residentevil9,"vaccination, vaccine",2,"vaccination, vaccine",,,,Onision,https://www.youtube.com/watch?v=5SrqgoJsDRI,2026-06-20T06:50:28+10:00,2
2026-06-20T15:17:25.115179+10:00,ucufXmL1OKI,YouTube,Satendra Singh,"Mene HPV vaccine lagwa Li, #shorts #ytshorts #uwin #hpvvaccination #hpvvaccine","vaccination, vaccine",2,"vaccination, vaccine",,,,Satendra Singh,https://www.youtube.com/watch?v=ucufXmL1OKI,2026-06-20T15:07:56+10:00,2
2026-06-20T15:17:32.977568+10:00,bjtysrURZyM,YouTube,MS NOW,Air Force base grapples with major flu outbreak after Hegseth drops vaccine requirement,"vaccine, vaccination",2,vaccine,"vaccination, vaccine",,,MS NOW,https://www.youtube.com/watch?v=bjtysrURZyM,2026-06-20T05:01:28+10:00,2
2026-06-20T15:17:39.646613+10:00,-pRW1hZAQuY,YouTube,The Pet Food Files,"Why your dog may not need every vaccine every year, and what the titer tells you that the...","vaccination, vaccine",2,"vaccination, vaccine",,,,The Pet Food Files,https://www.youtube.com/watch?v=-pRW1hZAQuY,2026-06-19T22:59:51+10:00,2
2026-06-20T15:16:32.989320+10:00,DPVSxKlZ9bM,YouTube,max vs machines,Fluoride in Drinking Water #psionic,fluoride,1,fluoride,,,,max vs machines,https://www.youtube.com/watch?v=DPVSxKlZ9bM,2026-06-19T20:28:27+10:00,1
2026-06-20T15:16:34.116782+10:00,sxdbKj5e6Wc,YouTube,Dr. Leslie Treece,Fluoride Public Water Systems,fluoride,1,fluoride,,,,Dr. Leslie Treece,https://www.youtube.com/watch?v=sxdbKj5e6Wc,2026-06-10T00:00:04+10:00,1
2026-06-20T15:16:36.585740+10:00,Nstxck444_8,YouTube,The Knowledge Hub 2026,The future of energy... Liquid Fluoride Thorium Reactors.. #science #technology #physics,fluoride,1,fluoride,,,,The Knowledge Hub 2026,https://www.youtube.com/watch?v=Nstxck444_8,2026-06-20T14:57:12+10:00,1
2026-06-20T15:16:37.706086+10:00,R4sJz6KyGoE,YouTube,MindVoice Production,AMA #15: Fluoride Benefits/Risks &amp; Vagus Nerve Stimulation,fluoride,1,fluoride,,,,MindVoice Production,https://www.youtube.com/watch?v=R4sJz6KyGoE,2026-06-20T10:42:39+10:00,1
2026-06-20T15:16:38.861291+10:00,Wa-vDUeanio,YouTube,Lung Transplant Nation,Nobs toothpaste Tablets with Nano hydroxyapatite and no Fluoride,fluoride,1,fluoride,,,,Lung Transplant Nation,https://www.youtube.com/watch?v=Wa-vDUeanio,2026-06-20T09:27:12+10:00,1
2026-06-20T15:16:39.981402+10:00,-Ytwnzup8Xg,YouTube,ifern Virginia USA,SilverFresh Antibacterial Toothpaste 100ml - Fluoride-Free Mint with Milltect™,fluoride,1,fluoride,,,,ifern Virginia USA,https://www.youtube.com/watch?v=-Ytwnzup8Xg,2026-06-20T09:24:47+10:00,1
2026-06-20T15:16:41.087507+10:00,vdEjBmVrcMk,YouTube,The Veritas Project ,Fluoride&#39;s Effect on Your Third Eye &amp; Intuition #shorts,fluoride,1,fluoride,,,,The Veritas Project ,https://www.youtube.com/watch?v=vdEjBmVrcMk,2026-06-20T08:02:34+10:00,1
2026-06-20T15:16:42.212972+10:00,22xHt5MmOzY,YouTube,The Robb Carter Show,"What&#39;s Really in Tap Water: Fluoride, Lead, and Pharmaceuticals. Visit joneswater.com.",fluoride,1,fluoride,,,,The Robb Carter Show,https://www.youtube.com/watch?v=22xHt5MmOzY,2026-06-20T07:49:16+10:00,1
2026-06-20T15:16:43.325030+10:00,_vmBHQpRv6k,YouTube,GP Orthodontic Tips - StraightSmile Solutions,The Best Fluoride Conspiracy Podcasts- The TRUTH about Fluoridated Water from the Research,fluoride,1,fluoride,,,,GP Orthodontic Tips - StraightSmile Solutions,https://www.youtube.com/watch?v=_vmBHQpRv6k,2026-06-20T07:19:19+10:00,1
2026-06-20T15:16:44.434814+10:00,Pcu7nz4ueDs,YouTube,The Dr. Phil Klein Dental Podcast,Most Important Dental Procedure for Kids,fluoride,1,fluoride,,,,The Dr. Phil Klein Dental Podcast,https://www.youtube.com/watch?v=Pcu7nz4ueDs,2026-06-20T04:54:13+10:00,1
2026-06-20T15:16:45.542979+10:00,1Cz-WfomtHY,YouTube,The Dr. Phil Klein Dental Podcast,The Fluoride Bomb,fluoride,1,fluoride,,,,The Dr. Phil Klein Dental Podcast,https://www.youtube.com/watch?v=1Cz-WfomtHY,2026-06-20T04:52:53+10:00,1
2026-06-20T15:16:46.695143+10:00,kFPL0zi4W_c,YouTube,Giggles Grins,Before ➡️ After: Silver Diamine Fluoride (SDF) Transformation 🦷✨,fluoride,1,fluoride,,,,Giggles Grins,https://www.youtube.com/watch?v=kFPL0zi4W_c,2026-06-20T02:35:08+10:00,1
2026-06-20T15:16:47.804066+10:00,VWQ3oxe8Ejo,YouTube,DNAIndiaNews,Why Excessive Fluoride Exposure in Kids Is Raising Concerns | DNA Podcast,fluoride,1,fluoride,,,,DNAIndiaNews,https://www.youtube.com/watch?v=VWQ3oxe8Ejo,2026-06-20T02:30:23+10:00,1
2026-06-20T15:16:48.905638+10:00,H-OAv9wjSEs,YouTube,GLOBAL FUTURE UPDATE,"Snake in the Pool, But Fluoride Is the Fear? || #breakingnews #Pool #Snake  #News #Shorts #WorldNews",fluoride,1,fluoride,,,,GLOBAL FUTURE UPDATE,https://www.youtube.com/watch?v=H-OAv9wjSEs,2026-06-20T01:48:32+10:00,1
2026-06-20T15:16:50.021968+10:00,_VuyNe8jql4,YouTube,The Knowledge Hub 2026,How Does a Liquid Fluoride Thorium Reactor (LFTR) Work? #physics #science #nuclearpower,fluoride,1,fluoride,,,,The Knowledge Hub 2026,https://www.youtube.com/watch?v=_VuyNe8jql4,2026-06-20T01:29:52+10:00,1
2026-06-20T15:16:51.124747+10:00,gzKA9Vi4vO8,YouTube,Greater Long Island Dental,The fluoride-free toothpaste ingredient dentists are talking about,fluoride,1,fluoride,,,,Greater Long Island Dental,https://www.youtube.com/watch?v=gzKA9Vi4vO8,2026-06-19T23:45:28+10:00,1
2026-06-20T15:16:52.238779+10:00,TcR3LXoQdtU,YouTube,Itlu Mee Jaffar,Fluoride Valla Jeevithalu Nasanam..! Kanigiri Hidden Truth,fluoride,1,fluoride,,,,Itlu Mee Jaffar,https://www.youtube.com/watch?v=TcR3LXoQdtU,2026-06-19T22:48:28+10:00,1
2026-06-20T15:16:53.362450+10:00,RosHOM6p_mY,YouTube,Science of Eating,Does fluoride cause vitamin D deficiency? | Fluoride vs D,fluoride,1,fluoride,,,,Science of Eating,https://www.youtube.com/watch?v=RosHOM6p_mY,2026-06-19T17:41:33+10:00,1
2026-06-20T15:16:54.470740+10:00,XC6oFA7yxCE,YouTube,Health Science,Choosing the Right Toothpaste for Your Baby 🪥 #BabyCare #DentalHealth #Parenting,fluoride,1,fluoride,,,,Health Science,https://www.youtube.com/watch?v=XC6oFA7yxCE,2026-06-19T17:30:11+10:00,1
2026-06-20T15:16:55.575772+10:00,O0anHup2KMM,YouTube,Sehat Byte,Choosing the Right Toothpaste for Your Baby 🪥 #BabyCare #DentalHealth #Parenting,fluoride,1,fluoride,,,,Sehat Byte,https://www.youtube.com/watch?v=O0anHup2KMM,2026-06-19T17:30:36+10:00,1
2026-06-20T15:16:56.678540+10:00,hErSaQ7zEjw,YouTube,Dr Maria Florou,The Fluoride Conversation Nobody Wants To Have,fluoride,1,fluoride,,,,Dr Maria Florou,https://www.youtube.com/watch?v=hErSaQ7zEjw,2026-06-19T17:00:21+10:00,1
2026-06-20T15:16:59.112281+10:00,cI_6EQ2s2Ro,YouTube,Genuine Tech,"Boka Fluoride Free Toothpaste, Nano — Worth It? 2026",fluoride,1,fluoride,,,,Genuine Tech,https://www.youtube.com/watch?v=cI_6EQ2s2Ro,2026-05-14T04:21:20+10:00,1
2026-06-20T15:17:06.757416+10:00,YXG-xPnUnVE,YouTube,Sasi murugan lifestyle ,தடுப்பூசி போட்டுவிட்டு வீட்டுக்கு வந்தோம் 🥰👶👶 #Shorts#viralvideo  ##Vaccination#ytshorts,vaccination,1,vaccination,,,,Sasi murugan lifestyle ,https://www.youtube.com/watch?v=YXG-xPnUnVE,2026-06-20T13:59:11+10:00,1
2026-06-20T15:17:07.876778+10:00,DFLv7zXbOF0,YouTube,Chinext,#shorts #shortsfeed #babycrying #vaccination,vaccination,1,vaccination,,,,Chinext,https://www.youtube.com/watch?v=DFLv7zXbOF0,2026-06-20T13:00:01+10:00,1
2026-06-20T15:17:08.997837+10:00,HpjAypVLpR0,YouTube,Ajith Narayanankutty,"Tiny shots today,stronger tomorrow! #vaccination #kids #parenting #pediatrics #childhood #kidsvideo",vaccination,1,vaccination,,,,Ajith Narayanankutty,https://www.youtube.com/watch?v=HpjAypVLpR0,2026-06-20T12:26:23+10:00,1
2026-06-20T15:17:10.109424+10:00,Wcdb1u3N6kw,YouTube,Tahir poultry farm ,poultry farm #freerangechickens #lovebirdsfarming #vaccination #firyoupage #viral,vaccination,1,vaccination,,,,Tahir poultry farm ,https://www.youtube.com/watch?v=Wcdb1u3N6kw,2026-06-20T10:25:18+10:00,1
2026-06-20T15:17:12.367038+10:00,J9GhZPu5DS4,YouTube,The Mark Thompson Show,Flu Outbreak Hits Air Force Recruits After Hegseth Ends Vaccine Mandate 6/19/26,vaccine,1,vaccine,vaccine,,,The Mark Thompson Show,https://www.youtube.com/watch?v=J9GhZPu5DS4,2026-06-20T06:32:16+10:00,1
2026-06-20T15:17:13.479133+10:00,vIKs6BH__4c,YouTube,OTV,"HPV Vaccine May Prevent Cervical Cancer Deaths, England Study Finds",vaccine,1,vaccine,,,,OTV,https://www.youtube.com/watch?v=vIKs6BH__4c,2026-06-20T04:05:23+10:00,1
2026-06-20T15:17:14.650755+10:00,2tyYx4RfpwE,YouTube,Redacted,&quot;If You Got A Covid Shot You Need to Hear This!&quot; Senator Ron Johnson reveals the safety cover-up,vaccine,1,vaccine,vaccine,,,Redacted,https://www.youtube.com/watch?v=2tyYx4RfpwE,2026-06-20T02:00:01+10:00,1
2026-06-20T15:17:15.786335+10:00,9IQeVY0AMZY,YouTube,NAYANA VARIYATH,Kili’s Vaccination Day 💉💗,vaccination,1,vaccination,,,,NAYANA VARIYATH,https://www.youtube.com/watch?v=9IQeVY0AMZY,2026-06-19T21:21:26+10:00,1
2026-06-20T15:17:16.971760+10:00,eu9B081SfTc,YouTube,withswa,Bubu&#39;s First Vaccine | Funniest Hospital Visit 😂 #villagelife #village #puppy #ytshorts #shorts,vaccine,1,vaccine,vaccine,,,withswa,https://www.youtube.com/watch?v=eu9B081SfTc,2026-06-19T21:12:53+10:00,1
2026-06-20T15:17:18.046317+10:00,h8AbM3wauTc,YouTube,Arogya Kaumudy,Adenoid വന്നാൽ Nasal Spray എടുക്കാമോ? #PediatricCare #Immunization,vaccination,1,vaccination,,,,Arogya Kaumudy,https://www.youtube.com/watch?v=h8AbM3wauTc,2026-06-19T20:00:20+10:00,1
2026-06-20T15:17:19.254829+10:00,A43j1sjJm58,YouTube,fatima_edix,anayviya ke vaccination 🥺 parents can feel pain #sistrology #relatable #unfrezzmyaccount,vaccination,1,vaccination,,,,fatima_edix,https://www.youtube.com/watch?v=A43j1sjJm58,2026-06-19T19:20:20+10:00,1
2026-06-20T15:17:20.471399+10:00,VGJqLk8tXZI,YouTube,10 News,Warning Over Falling HPV Vaccine Rates Despite Cancer Breakthrough | 10 News+,vaccine,1,vaccine,,,,10 News,https://www.youtube.com/watch?v=VGJqLk8tXZI,2026-06-19T18:36:48+10:00,1
2026-06-20T15:17:21.576449+10:00,E4ZNV_Drkeg,YouTube,Jmk Vet,Cute puppy vaccination || cute puppy | #cutepuppy #pets #dogs,vaccination,1,vaccination,,,,Jmk Vet,https://www.youtube.com/watch?v=E4ZNV_Drkeg,2026-06-19T18:00:34+10:00,1
2026-06-20T15:17:22.686087+10:00,qvfx2-WV5Kk,YouTube,News18 Tamil Nadu,Stray Dog Vaccination |காவேரிப்பட்டினம் பேரூராட்சியில் தெருநாய்களுக்கு தடுப்பூசி செலுத்தும் பணி|N18S,vaccination,1,vaccination,,,,News18 Tamil Nadu,https://www.youtube.com/watch?v=qvfx2-WV5Kk,2026-06-19T16:41:59+10:00,1
2026-06-20T15:17:26.227116+10:00,aM185fg8re0,YouTube,A Peaceful Perch,BioNTech&#39;s COVID Vaccine: From Flu to Pandemic Hero #shorts,vaccine,1,vaccine,,,,A Peaceful Perch,https://www.youtube.com/watch?v=aM185fg8re0,2026-06-20T14:54:23+10:00,1
2026-06-20T15:17:27.337459+10:00,iXKHV51sLZo,YouTube,Nurse Chidera💉,You’re welcome ❤️ #short #immunizationschedule #vaccine #relatable #nurses #youtube,vaccine,1,vaccine,,,,Nurse Chidera💉,https://www.youtube.com/watch?v=iXKHV51sLZo,2026-06-20T12:38:42+10:00,1
2026-06-20T15:17:28.441917+10:00,qiqzPvz78a4,YouTube,On the Mones,The shingles vaccine was linked to a 24% lower relative risk of dementia.,vaccine,1,vaccine,,,,On the Mones,https://www.youtube.com/watch?v=qiqzPvz78a4,2026-06-20T11:50:52+10:00,1
2026-06-20T15:17:29.574759+10:00,lWESDQ4hCxQ,YouTube,I isekai'd BL,Transmigrated as the Villain? He Invented a VACCINE &amp; Got 4 Devoted Husbands✯BL ISEKAI✯,vaccine,1,vaccine,,,,I isekai'd BL,https://www.youtube.com/watch?v=lWESDQ4hCxQ,2026-06-20T11:00:26+10:00,1
2026-06-20T15:17:30.695166+10:00,vTfbtA9lRHI,YouTube,WCVB Channel 5 Boston,Study suggests shingles vaccine may reduce dementia risk,vaccine,1,vaccine,,,,WCVB Channel 5 Boston,https://www.youtube.com/watch?v=vTfbtA9lRHI,2026-06-20T08:48:27+10:00,1
2026-06-20T15:17:31.812935+10:00,yEH_sJro8nc,YouTube,Dr. Leslie Treece,Vaccines save lives and futures,vaccine,1,vaccine,,,,Dr. Leslie Treece,https://www.youtube.com/watch?v=yEH_sJro8nc,2026-06-20T08:47:25+10:00,1
2026-06-20T15:17:34.060302+10:00,W0AZQt1u9iY,YouTube,Marshall In The Middle,Anthrax Vaccine Gave Me Cancer?! My Military Health Nightmare #shorts,vaccine,1,vaccine,,,,Marshall In The Middle,https://www.youtube.com/watch?v=W0AZQt1u9iY,2026-06-20T04:11:38+10:00,1
2026-06-20T15:17:35.147917+10:00,2lJCVnku6nw,YouTube,zero_rabies,Rabies is fatal but vaccine preventable 🐶🐱🐶 #preventioniskey #looktwice #thinktwice,vaccine,1,vaccine,,,,zero_rabies,https://www.youtube.com/watch?v=2lJCVnku6nw,2026-06-20T02:00:30+10:00,1
2026-06-20T15:17:36.286311+10:00,vYDSgkCy6VY,YouTube,GYNAEC GEEKS with Dr.Gayathri,FOGSI Vaccine Recommendations #neetpg #fmge,vaccine,1,vaccine,,,,GYNAEC GEEKS with Dr.Gayathri,https://www.youtube.com/watch?v=vYDSgkCy6VY,2026-06-20T01:06:27+10:00,1
2026-06-20T15:17:37.429757+10:00,wIEPFs9GzbY,YouTube,Payal Swapnil Jadhav Vlogs,कान्हा ला मी आता कोणती Vaccine दिली 🥺 Payal Swapnil Jadhav Vlogs,vaccine,1,vaccine,vaccine,,,Payal Swapnil Jadhav Vlogs,https://www.youtube.com/watch?v=wIEPFs9GzbY,2026-06-19T23:17:12+10:00,1
2026-06-20T15:17:38.532928+10:00,pKkocs_0lEU,YouTube,Manipal Hospitals,Pulse Polio Vaccine 2026: Who Should Avoid OPV? | Dr. Ankur Kumar Jindal | Manipal Hospital OAR,vaccine,1,vaccine,,,,Manipal Hospitals,https://www.youtube.com/watch?v=pKkocs_0lEU,2026-06-19T23:01:02+10:00,1
2026-06-20T15:17:40.758936+10:00,CSAeXOdgHkA,YouTube,MediStar Hospitals ,Does your child really need a flu vaccine? 🩺👶#medistarhospitals #medicalteam #patientcare,vaccine,1,vaccine,,,,MediStar Hospitals ,https://www.youtube.com/watch?v=CSAeXOdgHkA,2026-06-19T21:30:40+10:00,1
2026-06-21T16:04:48.712665+10:00,cjy-73Fo5J0,YouTube,Dr. John Campbell,Vaccine lies,"vaccine, vaccination, pharma vaccine lying, vaccine death data",4,vaccine,"vaccination, vaccine, pharma vaccine lying, vaccine death data",,,Dr. John Campbell,https://www.youtube.com/watch?v=cjy-73Fo5J0,2026-06-21T07:04:49+10:00,12
2026-06-21T16:04:05.183124+10:00,Hn0J6EOr0rU,YouTube,Dr Roshan Rayen,Does fluoride toothpaste cause thyroid problems? 🦷🤔,"fluoride, fluoride thyroid",2,"fluoride, fluoride thyroid",,,,Dr Roshan Rayen,https://www.youtube.com/watch?v=Hn0J6EOr0rU,2026-06-21T14:30:14+10:00,6
2026-06-21T16:04:38.270142+10:00,dAy4ZILEFbc,YouTube,Nurse Spark,National Immunization Schedule 2026 | Complete Vaccine Chart for Nursing Students | Nurse Spark,"vaccination, vaccine",2,"vaccination, vaccine",,,,Nurse Spark,https://www.youtube.com/watch?v=dAy4ZILEFbc,2026-06-21T15:53:13+10:00,2
2026-06-21T16:04:39.408275+10:00,bjhrosZ4Zkk,YouTube,Girls Space,Mohammad Murtaza ko Vaccine lgwai #ytshorts #shorts #vaccine #vaccination #babyvaccination #samosa,"vaccination, vaccine",2,"vaccination, vaccine",,,,Girls Space,https://www.youtube.com/watch?v=bjhrosZ4Zkk,2026-06-21T15:33:15+10:00,2
2026-06-21T16:04:41.676944+10:00,lejT8SlzUg4,YouTube,Vet Info,"poultry chicks arrival, vaccination done in broiler, #vaccine #vaccination #trending #youtube","vaccination, vaccine",2,"vaccination, vaccine",,,,Vet Info,https://www.youtube.com/watch?v=lejT8SlzUg4,2026-06-21T15:01:12+10:00,2
2026-06-21T16:04:56.900918+10:00,2Bq-pbRi1eg,YouTube,AG Vlog's,Vaccination podrathuku hospital kelambiyachu❤️/Monaku twins ah triplets ah🤔?,"vaccination, vaccine",2,vaccination,vaccine,,,AG Vlog's,https://www.youtube.com/watch?v=2Bq-pbRi1eg,2026-06-20T16:30:35+10:00,2
2026-06-21T16:04:02.578016+10:00,y4-2881oyaY,YouTube,DENTAL JUNCTION,water fluoridation NEET PREPARATION 2027 #dental #BDS #mdspreparation #neet2027 #viralnews #doctor,fluoridation,1,fluoridation,,,,DENTAL JUNCTION,https://www.youtube.com/watch?v=y4-2881oyaY,2026-06-20T15:16:34+10:00,1
2026-06-21T16:04:06.327684+10:00,-bgwGQXLh0g,YouTube,Sarah Torrence ,The fluoride free toothpaste for kids #fyp #viral #toothpaste #kids,fluoride,1,fluoride,,,,Sarah Torrence ,https://www.youtube.com/watch?v=-bgwGQXLh0g,2026-06-21T14:01:31+10:00,1
2026-06-21T16:04:07.460756+10:00,2X1cUUolajo,YouTube,Sarah Torrence ,Kids Love It: The Best Fluoride-Free Toothpaste #fyp #viral #toothpaste #kids,fluoride,1,fluoride,,,,Sarah Torrence ,https://www.youtube.com/watch?v=2X1cUUolajo,2026-06-21T14:01:31+10:00,1
2026-06-21T16:04:08.591978+10:00,LpTeZzC4TQI,YouTube,Natalie Tysdal,Fluoride Dangers: Ancient Wisdom Meets Modern Science #shorts,fluoride,1,fluoride,,,,Natalie Tysdal,https://www.youtube.com/watch?v=LpTeZzC4TQI,2026-06-21T12:58:21+10:00,1
2026-06-21T16:04:09.721495+10:00,bvtG5Gu2A3Q,YouTube,MINCE'N'WEED,MINCE&#39;N&#39;WEED - Overrated (Cover a Fried by Fluoride),fluoride,1,fluoride,,,,MINCE'N'WEED,https://www.youtube.com/watch?v=bvtG5Gu2A3Q,2026-06-21T11:56:48+10:00,1
2026-06-21T16:04:10.857189+10:00,JkPsxfo1Mb8,YouTube,Dark Finance ,"Think switching to a trendy, fluoride-free organic toothpaste is saving your body from toxic chemic",fluoride,1,fluoride,,,,Dark Finance ,https://www.youtube.com/watch?v=JkPsxfo1Mb8,2026-06-21T09:00:05+10:00,1
2026-06-21T16:04:11.991318+10:00,lIe_pkMWlss,YouTube,PlanetNotPlastic,The Fluoride Debate Is Explosive Right Now 😳🗣️ #shorts #health #science #dentist #mystery,fluoride,1,fluoride,,,,PlanetNotPlastic,https://www.youtube.com/watch?v=lIe_pkMWlss,2026-06-21T06:30:38+10:00,1
2026-06-21T16:04:13.146637+10:00,3ih4OBnJ_D0,YouTube,NinjaAssassin333,"YAKUZA 0 Chapter Finale - D&amp;T store - Carbon Fibre, Mail and Fluoride Location",fluoride,1,fluoride,,,,NinjaAssassin333,https://www.youtube.com/watch?v=3ih4OBnJ_D0,2026-06-21T05:10:17+10:00,1
2026-06-21T16:04:14.282680+10:00,TyvIqJLFmKc,YouTube,Sarah Torrence ,The fluoride free toothpaste for kids #fyp #viral #toothpaste #kids,fluoride,1,fluoride,,,,Sarah Torrence ,https://www.youtube.com/watch?v=TyvIqJLFmKc,2026-06-21T04:06:30+10:00,1
2026-06-21T16:04:15.439722+10:00,-FWCZPINdfE,YouTube,Sarah Torrence ,Fluoride-Free Kids Toothpaste: The Safe Choice for Your Child&#39;s Smile #fyp #viral #kids #toothpaste,fluoride,1,fluoride,,,,Sarah Torrence ,https://www.youtube.com/watch?v=-FWCZPINdfE,2026-06-21T04:06:30+10:00,1
2026-06-21T16:04:16.567392+10:00,tHO67nuXBuo,YouTube,𝐆𝐑,"Fried By Fluoride - Overrated (Instrumental, Slowed And Reverb)",fluoride,1,fluoride,,,,𝐆𝐑,https://www.youtube.com/watch?v=tHO67nuXBuo,2026-06-21T04:02:29+10:00,1
2026-06-21T16:04:17.695224+10:00,yjlbP89HYEo,YouTube,𝐆𝐑,"Fried By Fluoride - Babe (Slowed And Reverb, extended and edited at the end)",fluoride,1,fluoride,,,,𝐆𝐑,https://www.youtube.com/watch?v=yjlbP89HYEo,2026-06-21T02:45:24+10:00,1
2026-06-21T16:04:18.830299+10:00,jcIg31P218A,YouTube,HYGIENE edgeUCATORS,Povidone Iodine 10%,fluoride,1,fluoride,,,,HYGIENE edgeUCATORS,https://www.youtube.com/watch?v=jcIg31P218A,2026-06-21T02:00:06+10:00,1
2026-06-21T16:04:19.981193+10:00,XK80_1nWLwE,YouTube,DADONDENTAL_TALKS,fluoride application,fluoride,1,fluoride,,,,DADONDENTAL_TALKS,https://www.youtube.com/watch?v=XK80_1nWLwE,2026-06-21T02:00:04+10:00,1
2026-06-21T16:04:21.127641+10:00,Ka9FOBkU1n8,YouTube,are you sick of the srp and aps for overprice,why is there water bill so high with fluoride liver to your home how to use bush like a f******,fluoride,1,fluoride,,,,are you sick of the srp and aps for overprice,https://www.youtube.com/watch?v=Ka9FOBkU1n8,2026-06-21T01:39:14+10:00,1
2026-06-21T16:04:22.287314+10:00,hhAec4Ck4uA,YouTube,Alteg ,(free) fried by fluoride x incelcore x h4rtbrkr Type Beat &quot;G512&quot;,fluoride,1,fluoride,,,,Alteg ,https://www.youtube.com/watch?v=hhAec4Ck4uA,2026-06-21T00:59:55+10:00,1
2026-06-21T16:04:23.426477+10:00,zt3RnTD6jqA,YouTube,Dr Mony ,លាប Fluoride ជួយពង្រឹងធ្មេញ 🦷✨ និងកាត់បន្ថយហានិភ័យនៃការពុកធ្មេញ 🐛🔥Fluoride Treatment 🇺🇸,fluoride,1,fluoride,,,,Dr Mony ,https://www.youtube.com/watch?v=zt3RnTD6jqA,2026-06-20T23:39:11+10:00,1
2026-06-21T16:04:24.547647+10:00,2xxBCfhqw9o,YouTube,Forever With Trisha,Forever Bright Toothgel Benefits Explained | Fluoride-Free Toothgel for Healthy Teeth ,fluoride,1,fluoride,,,,Forever With Trisha,https://www.youtube.com/watch?v=2xxBCfhqw9o,2026-06-20T22:30:32+10:00,1
2026-06-21T16:04:25.707516+10:00,mV1ovO9pSww,YouTube,Laboratory Tutor ,Sodium fluoride antocoagulant  part- 3/ malayalam #lab#tutor #malayalam@LaboratoryTutor123 ,fluoride,1,fluoride,,,,Laboratory Tutor ,https://www.youtube.com/watch?v=mV1ovO9pSww,2026-06-20T21:42:40+10:00,1
2026-06-21T16:04:26.826118+10:00,wOXzdqxoCPo,YouTube,Rest is History ,@DTHshow  How Fluoride Actually Helps your Teeth #shorts #youtubeshorts,fluoride,1,fluoride,,,,Rest is History ,https://www.youtube.com/watch?v=wOXzdqxoCPo,2026-06-20T20:24:20+10:00,1
2026-06-21T16:04:27.948655+10:00,MZS8aceoXj8,YouTube,Istiqomah,Pasta gigi anak pertama dalam bentuk pump #darlie #pastagigi #fluoride #ytshorts #rekomendasi,fluoride,1,fluoride,,,,Istiqomah,https://www.youtube.com/watch?v=MZS8aceoXj8,2026-06-20T17:55:56+10:00,1
2026-06-21T16:04:37.134188+10:00,g20gVDlYt2c,YouTube,Chinext,#shorts #shortsfeed #babycrying #vaccination,vaccination,1,vaccination,,,,Chinext,https://www.youtube.com/watch?v=g20gVDlYt2c,2026-06-21T16:00:02+10:00,1
2026-06-21T16:04:40.529639+10:00,qWIr2WrYW_Y,YouTube,Chinext,#shorts #shortsfeed #babycrying #vaccination,vaccination,1,vaccination,,,,Chinext,https://www.youtube.com/watch?v=qWIr2WrYW_Y,2026-06-21T15:00:18+10:00,1
2026-06-21T16:04:42.837311+10:00,cWc0dW1mQww,YouTube,#Komalpalkarvlogs,Vaccination day of Baby 🥲🥹#momlife #vaccination #mother #momstruggles #kannadasongs,vaccination,1,vaccination,,,,#Komalpalkarvlogs,https://www.youtube.com/watch?v=cWc0dW1mQww,2026-06-21T14:30:20+10:00,1
2026-06-21T16:04:43.976821+10:00,aheKhYqbtyI,YouTube,MedMitra ,BCG Vaccination |Immunization Schedule | Nursing Student #nursing #healthcare #medicalstudent #bcg,vaccination,1,vaccination,,,,MedMitra ,https://www.youtube.com/watch?v=aheKhYqbtyI,2026-06-21T14:25:23+10:00,1
2026-06-21T16:04:45.145037+10:00,XkwnIrZkkHM,YouTube,Ajith Narayanankutty,"💉 Tiny poke today, strong protection for tomorrow ❤️Vaccination saves lives and protects childhood",vaccination,1,vaccination,,,,Ajith Narayanankutty,https://www.youtube.com/watch?v=XkwnIrZkkHM,2026-06-21T12:38:25+10:00,1
2026-06-21T16:04:46.290122+10:00,8nvQpzbIgGs,YouTube,Street Dog Planet44,Street Dog Vaccination Program #streetdogplanet44 #dog #rescue #pets #catch #animals,vaccination,1,vaccination,,,,Street Dog Planet44,https://www.youtube.com/watch?v=8nvQpzbIgGs,2026-06-21T12:30:23+10:00,1
2026-06-21T16:04:47.433738+10:00,Hc7ngSdYSXw,YouTube,Chinext,#shorts #shortsfeed #babycrying #vaccination,vaccination,1,vaccination,,,,Chinext,https://www.youtube.com/watch?v=Hc7ngSdYSXw,2026-06-21T10:00:13+10:00,1
2026-06-21T16:04:49.897405+10:00,__DFdO72FAU,YouTube,Russell Brand,Why hasn&#39;t Fauci been held accountable for this vaccine?!,vaccine,1,vaccine,vaccine,,,Russell Brand,https://www.youtube.com/watch?v=__DFdO72FAU,2026-06-21T03:25:07+10:00,1
2026-06-21T16:04:51.077908+10:00,gPT5tiHgGkM,YouTube,Fit Arshia,Angad Ka 6 Months Checkup ❤️ Vaccination + Doctor Advice,vaccination,1,vaccination,,,,Fit Arshia,https://www.youtube.com/watch?v=gPT5tiHgGkM,2026-06-21T01:43:28+10:00,1
2026-06-21T16:04:52.266166+10:00,cJW0s9JfkLA,YouTube,Human Buddy,Baby vs VACCINE!,vaccine,1,vaccine,vaccine,,,Human Buddy,https://www.youtube.com/watch?v=cJW0s9JfkLA,2026-06-21T01:00:06+10:00,1
2026-06-21T16:04:53.388333+10:00,sulwl5jDWWU,YouTube,Swapnil Jadhav Vlogs,Kanha&#39;s Vaccination ❤️😜 #swapniljadhavvlogs,vaccination,1,vaccination,,,,Swapnil Jadhav Vlogs,https://www.youtube.com/watch?v=sulwl5jDWWU,2026-06-20T22:49:29+10:00,1
2026-06-21T16:04:54.555278+10:00,kmqWhyDPKME,YouTube,Ankura Hospital for Women & Children,Prevent Cervical Cancer With Early HPV Protection | Dr. Sindhuri | Ankura Hospital #shorts #ytshorts,vaccine,1,vaccine,vaccine,,,Ankura Hospital for Women & Children,https://www.youtube.com/watch?v=kmqWhyDPKME,2026-06-20T17:45:24+10:00,1
2026-06-21T16:04:55.700670+10:00,p4J7RAKHK2s,YouTube,Thanthi TV,Dengue | Srilanka | Dengue Virus | vaccine,vaccine,1,vaccine,,,,Thanthi TV,https://www.youtube.com/watch?v=p4J7RAKHK2s,2026-06-20T17:39:33+10:00,1
2026-06-21T16:04:59.353340+10:00,t7JQHer5_nA,YouTube,Vet Dr. Sagir Uddin Ahmed,"VET SURGERY: AVIAN VET IN DHAKA, BANGLADESH: DOG IMMUNIZATION: CAT VACCINE: 01752987436,01912251312",vaccine,1,vaccine,,,,Vet Dr. Sagir Uddin Ahmed,https://www.youtube.com/watch?v=t7JQHer5_nA,2026-06-21T16:00:42+10:00,1
2026-06-21T16:05:00.466051+10:00,_V_AD7uYoVw,YouTube,Nursinglife22,Cute baby ko vaccine 💉!! Injection 💉!! #health #viral #trending #baby #care #doctor #shorts #girl,vaccine,1,vaccine,,,,Nursinglife22,https://www.youtube.com/watch?v=_V_AD7uYoVw,2026-06-21T14:53:15+10:00,1
2026-06-21T16:05:01.657779+10:00,GQZCvyPe8iQ,YouTube,greentext_guy,anon’s vaccine side effect: Microsoft Office addiction #greentext #4chan,vaccine,1,vaccine,,,,greentext_guy,https://www.youtube.com/watch?v=GQZCvyPe8iQ,2026-06-21T03:05:41+10:00,1
2026-06-21T16:05:02.785515+10:00,Sf5H0ERH5Cs,YouTube,Amesh Adalja MD,This mRNA Vaccine Program Died Because Of RFK Jr #shocking #vaccine #science,vaccine,1,vaccine,,,,Amesh Adalja MD,https://www.youtube.com/watch?v=Sf5H0ERH5Cs,2026-06-21T02:30:07+10:00,1
2026-06-21T16:05:03.962193+10:00,1KPqPqjretU,YouTube,"Dr.GAMPALA SIRISHA,Gynaecologist",వాక్సిన్ చేతికే వేయాలా🤔 #vaccine #deltoid #drgampalasirisha #viral #ytshorts #dr,vaccine,1,vaccine,,,,"Dr.GAMPALA SIRISHA,Gynaecologist",https://www.youtube.com/watch?v=1KPqPqjretU,2026-06-20T23:57:48+10:00,1
2026-06-21T16:05:05.083474+10:00,tF7kjPJjdSw,YouTube,The AI Residency,How to get started with AI Vaccine Discovery? 🧬 🤖,vaccine,1,vaccine,,,,The AI Residency,https://www.youtube.com/watch?v=tF7kjPJjdSw,2026-06-20T23:14:49+10:00,1
2026-06-21T16:05:06.220296+10:00,2XNotNv8ezw,YouTube,The Logical Indian,HPV Vaccine Cuts Cervical Cancer Death Risk to Nearly Zero Among Young Women in England,vaccine,1,vaccine,,,,The Logical Indian,https://www.youtube.com/watch?v=2XNotNv8ezw,2026-06-20T21:04:11+10:00,1
2026-06-21T16:05:07.370072+10:00,xdpb8LFLwF0,YouTube,Mumbai Eye Care Hospital,A vaccine can prevent you from blindness and lifetime pain #drprateekthanvi #drjantinashar,vaccine,1,vaccine,,,,Mumbai Eye Care Hospital,https://www.youtube.com/watch?v=xdpb8LFLwF0,2026-06-20T20:06:43+10:00,1
2026-06-22T16:30:59.403647+10:00,jX0dveFh_gg,YouTube,AI For Beginners,"Episode 69: Fluoride in Drinking Water — Health Benefit, or Mass Medication?","fluoride, mass medication fluoride",2,"fluoride, mass medication fluoride",,,,AI For Beginners,https://www.youtube.com/watch?v=jX0dveFh_gg,2026-06-22T15:28:36+10:00,6
2026-06-22T16:31:11.827288+10:00,Szi_yrdiuB0,YouTube,Body Clock Warns,What Fluoride in Tap Water Does to Your Thyroid After 60 🚰⚠️ #shorts #thyroid #seniorhealth,"fluoride, fluoride thyroid",2,"fluoride, fluoride thyroid",,,,Body Clock Warns,https://www.youtube.com/watch?v=Szi_yrdiuB0,2026-06-21T21:00:21+10:00,6
2026-06-22T16:31:18.065692+10:00,El4lgfdznco,YouTube,Straight Up Reviews,"Review Waterdrop Lucid Water Filter Jug with 1×90 Days Filter, 3.5L, Reduces Fluoride, Chlorine and","fluoride, fluoride water filter",2,"fluoride, fluoride water filter",,,,Straight Up Reviews,https://www.youtube.com/watch?v=El4lgfdznco,2026-06-21T17:45:22+10:00,6
2026-06-22T16:31:48.262965+10:00,enamxX9kx_w,YouTube,MiniMeals & Wellness,Vaccines Every Pregnant Woman Should Know About 🤰❤️#viral #ytshorts #shortsvideo  #pregnancytips,"vaccination, vaccine",2,"vaccination, vaccine",,,,MiniMeals & Wellness,https://www.youtube.com/watch?v=enamxX9kx_w,2026-06-22T15:45:48+10:00,2
2026-06-22T16:31:51.714161+10:00,03ReE2zoaxo,YouTube,N Gilga,Vaccine Effects,"vaccine, vaccination",2,vaccine,vaccination,,,N Gilga,https://www.youtube.com/watch?v=03ReE2zoaxo,2026-06-22T03:49:13+10:00,2
2026-06-22T16:31:55.039185+10:00,dTvqH_tliNc,YouTube,10 News,The Vaccine That Could Eliminate Cervical Cancer | 10 News+,"vaccination, vaccine",2,"vaccination, vaccine",,,,10 News,https://www.youtube.com/watch?v=dTvqH_tliNc,2026-06-21T19:45:02+10:00,2
2026-06-22T16:31:01.847091+10:00,Wno81Xs0SBU,YouTube,Apni Class,बाँका पट्टी और कुबड़ पट्टी का असली कारण #bodydeformity #fluoride,fluoride,1,fluoride,,,,Apni Class,https://www.youtube.com/watch?v=Wno81Xs0SBU,2026-06-22T13:45:11+10:00,1
2026-06-22T16:31:02.958435+10:00,3JnNF2_ZxdQ,YouTube,hoyi zhang,"High adsorption capacity, suitable as a fluoride removal agent and desiccant",fluoride,1,fluoride,,,,hoyi zhang,https://www.youtube.com/watch?v=3JnNF2_ZxdQ,2026-06-22T12:26:00+10:00,1
2026-06-22T16:31:04.050430+10:00,4R_cS1ClUmQ,YouTube,The Mama Dentist,#greenscreen What is silver diamine fluoride (SDF)? Does your dentist use it? #dentist,fluoride,1,fluoride,,,,The Mama Dentist,https://www.youtube.com/watch?v=4R_cS1ClUmQ,2026-06-22T07:08:13+10:00,1
2026-06-22T16:31:05.156492+10:00,-6Qz-qG5uas,YouTube,Saraphim,"Fluoride Stares,Pirate Lullabyzzz ☠️ #singersongwriter #guitar #musicartist #acoustic",fluoride,1,fluoride,,,,Saraphim,https://www.youtube.com/watch?v=-6Qz-qG5uas,2026-06-22T05:17:09+10:00,1
2026-06-22T16:31:06.244648+10:00,2Fl8LYVJp58,YouTube,Computer Pal Inc,Herbal Ayurvedic Natural Toothpaste Fluoride Free Toothpaste for Kids Adults Neem &amp; Pomegranat,fluoride,1,fluoride,,,,Computer Pal Inc,https://www.youtube.com/watch?v=2Fl8LYVJp58,2026-06-22T01:23:38+10:00,1
2026-06-22T16:31:07.352683+10:00,KSHywft939s,YouTube,Habitual Health,@DTHshow on YouTube | Where fluoride actually belongs.#fluoride #oralhygiene #dentalcare,fluoride,1,fluoride,,,,Habitual Health,https://www.youtube.com/watch?v=KSHywft939s,2026-06-21T22:58:22+10:00,1
2026-06-22T16:31:08.461885+10:00,P2RhwavQs2s,YouTube,Suraj Medical Guide X,क्या Colgate सुरक्षित हैं ? 😳 #colgate #fluoride #shorts,fluoride,1,fluoride,,,,Suraj Medical Guide X,https://www.youtube.com/watch?v=P2RhwavQs2s,2026-06-21T22:55:17+10:00,1
2026-06-22T16:31:09.554470+10:00,IrpRl7atMTE,YouTube,Krishna Choudhary,"Dental Fluorosis: Causes , Cure, Treatment | Ft. Dr. sonia Singh ",fluoride,1,fluoride,fluoride,,,Krishna Choudhary,https://www.youtube.com/watch?v=IrpRl7atMTE,2026-06-21T22:30:21+10:00,1
2026-06-22T16:31:10.639269+10:00,4C6TWjcOifM,YouTube,Wellness Motion ,@DTHshow on YouTube | Fluoride actually works on your teeth.#flouried #oralhygiene #dentalhealth,fluoride,1,fluoride,,,,Wellness Motion ,https://www.youtube.com/watch?v=4C6TWjcOifM,2026-06-21T21:39:44+10:00,1
2026-06-22T16:31:12.927900+10:00,bOeTx8O9SnQ,YouTube,The Marathi Podcast ,एका विहिरीने कशी बिघडवली गावाची तब्येत! #marathipodcast #marathicontent,fluoride,1,fluoride,,,,The Marathi Podcast ,https://www.youtube.com/watch?v=bOeTx8O9SnQ,2026-06-21T20:30:04+10:00,1
2026-06-22T16:31:14.074550+10:00,hXIH9FsZNUw,YouTube,Fuego of,Un orden perfecto - Fuego... In excellent Order - Fried By fluoride (Spanish Cover),fluoride,1,fluoride,,,,Fuego of,https://www.youtube.com/watch?v=hXIH9FsZNUw,2026-06-21T16:19:05+10:00,1
2026-06-22T16:31:24.352199+10:00,BKzc6CGZT6I,YouTube,Mumma & iti,Cheating 😭 #cutebaby #viralreels #baby #shorts #vaccination,vaccination,1,vaccination,,,,Mumma & iti,https://www.youtube.com/watch?v=BKzc6CGZT6I,2026-06-22T16:21:42+10:00,1
2026-06-22T16:31:25.487879+10:00,1L7bOCCtFhc,YouTube,Savera Association ,typhoid vaccination camp-2026,vaccination,1,vaccination,,,,Savera Association ,https://www.youtube.com/watch?v=1L7bOCCtFhc,2026-06-22T16:10:11+10:00,1
2026-06-22T16:31:26.637003+10:00,kTXOH15hJoQ,YouTube,Chinext,#shorts #shortsfeed #babycrying #vaccination,vaccination,1,vaccination,,,,Chinext,https://www.youtube.com/watch?v=kTXOH15hJoQ,2026-06-22T16:00:32+10:00,1
2026-06-22T16:31:27.816939+10:00,vjvv3AyU6CE,YouTube,Dunia Bayi Lucu,vaccination timee baby smart #babyshorts,vaccination,1,vaccination,,,,Dunia Bayi Lucu,https://www.youtube.com/watch?v=vjvv3AyU6CE,2026-06-22T15:13:47+10:00,1
2026-06-22T16:31:28.957219+10:00,YWibKsqbZrU,YouTube,Nursinglife22,Little boy vaccination 💉!!Chotte bachhe ko injection 🥺!! #viral #trending #cutebaby #shorts #baby,vaccination,1,vaccination,,,,Nursinglife22,https://www.youtube.com/watch?v=YWibKsqbZrU,2026-06-22T14:29:44+10:00,1
2026-06-22T16:31:30.055240+10:00,UHgSINr1yZA,YouTube,Chinext,#shorts #shortsfeed #babycrying #vaccination,vaccination,1,vaccination,,,,Chinext,https://www.youtube.com/watch?v=UHgSINr1yZA,2026-06-22T14:00:03+10:00,1
2026-06-22T16:31:31.234059+10:00,-NCooKd4Rps,YouTube,Chinext,#shorts #shortsfeed #babycrying #vaccination,vaccination,1,vaccination,,,,Chinext,https://www.youtube.com/watch?v=-NCooKd4Rps,2026-06-22T13:00:07+10:00,1
2026-06-22T16:31:32.329946+10:00,fdDP-gOisxs,YouTube,Chinext,#shorts #shortsfeed #babycrying #vaccination,vaccination,1,vaccination,,,,Chinext,https://www.youtube.com/watch?v=fdDP-gOisxs,2026-06-22T12:00:03+10:00,1
2026-06-22T16:31:33.431474+10:00,lKSNLTsyQJw,YouTube,Trevor Bernard,Goat Farming: Vaccination &amp; Dehorning Explained for Beginners #shorts,vaccination,1,vaccination,,,,Trevor Bernard,https://www.youtube.com/watch?v=lKSNLTsyQJw,2026-06-22T05:02:36+10:00,1
2026-06-22T16:31:34.513577+10:00,UCgJSXf5kCE,YouTube,"Fit Food Mantra, By: Dt. Shikha Kumari",Vlog-248/365 Vaccination ke chhote se tears aur Nana-Nani ke pyaar bhare hugs... ❤️✨ #shortsvideo,vaccination,1,vaccination,,,,"Fit Food Mantra, By: Dt. Shikha Kumari",https://www.youtube.com/watch?v=UCgJSXf5kCE,2026-06-22T00:30:23+10:00,1
2026-06-22T16:31:35.638678+10:00,p9_HrpeHT6g,YouTube,Fabio Tabaco,#puppy #fun #funny #injection #vaccin #vaccination#dog #dogo #doglover #injections #treatment #dogs,vaccination,1,vaccination,,,,Fabio Tabaco,https://www.youtube.com/watch?v=p9_HrpeHT6g,2026-06-21T21:48:51+10:00,1
2026-06-22T16:31:36.772006+10:00,92kqdravt2k,YouTube,Faizi Wildlife Farm,Diana Liones Cub Vaccination Done 💉|Gangster Pride Check Up🐯🦁😱,vaccination,1,vaccination,,,,Faizi Wildlife Farm,https://www.youtube.com/watch?v=92kqdravt2k,2026-06-21T20:21:33+10:00,1
2026-06-22T16:31:37.899964+10:00,fdGrzclLBew,YouTube,V6 News Telugu,HPV Vaccination Slows Down in Telangana | V6News,vaccination,1,vaccination,,,,V6 News Telugu,https://www.youtube.com/watch?v=fdGrzclLBew,2026-06-21T17:47:19+10:00,1
2026-06-22T16:31:39.015824+10:00,A7hNoKE3G-U,YouTube,Anita Shyamal,Please give vaccination to the children on time.#like #subscribe #icds #anganwadi #viralshorts,vaccination,1,vaccination,,,,Anita Shyamal,https://www.youtube.com/watch?v=A7hNoKE3G-U,2026-06-21T17:00:43+10:00,1
2026-06-22T16:31:40.170151+10:00,g5fWKZLQoiY,YouTube,VacciHub,VacciHub International Home Vaccination,vaccination,1,vaccination,,,,VacciHub,https://www.youtube.com/watch?v=g5fWKZLQoiY,2026-06-21T13:30:28+10:00,1
2026-06-22T16:31:41.335200+10:00,_WcJtbMZpf0,YouTube,Chinext,#shorts #shortsfeed #babycrying #vaccination,vaccination,1,vaccination,,,,Chinext,https://www.youtube.com/watch?v=_WcJtbMZpf0,2026-06-21T12:00:06+10:00,1
2026-06-22T16:31:42.498915+10:00,R9UojXezQnQ,YouTube,Chinext,#shorts #shortsfeed #babycrying #vaccination,vaccination,1,vaccination,,,,Chinext,https://www.youtube.com/watch?v=R9UojXezQnQ,2026-06-21T09:00:23+10:00,1
2026-06-22T16:31:43.620846+10:00,A8tkR11k-Ls,YouTube,Dr.Megha's plastic surgery centre ,💙 Can Children With Cleft Lip &amp; Palate Receive Vaccines? | Episode 18 | Dr Megha Sharma,vaccine,1,vaccine,,,,Dr.Megha's plastic surgery centre ,https://www.youtube.com/watch?v=A8tkR11k-Ls,2026-06-21T00:56:25+10:00,1
2026-06-22T16:31:46.045404+10:00,iCW8t3KsY_Q,YouTube,Kathryn Woodard,The &quot;variants&quot; appeared right when the original vaccine&#39;s patent was expiring. Nature doesn&#39;t read p,vaccine,1,vaccine,,,,Kathryn Woodard,https://www.youtube.com/watch?v=iCW8t3KsY_Q,2026-06-22T15:55:15+10:00,1
2026-06-22T16:31:47.150402+10:00,SdEQ5zh1qA8,YouTube,Dr. AntIHero MD,The mandatory flu vaccine and the Air Force #vaccine #flu #misinformation #healthcare,vaccine,1,vaccine,,,,Dr. AntIHero MD,https://www.youtube.com/watch?v=SdEQ5zh1qA8,2026-06-22T15:56:06+10:00,1
2026-06-22T16:31:49.410660+10:00,_l-dmA5yuSc,YouTube,Maa garden middhe thota,H PV vaccine 3 rd డోస్ complete.🥰😌,vaccine,1,vaccine,,,,Maa garden middhe thota,https://www.youtube.com/watch?v=_l-dmA5yuSc,2026-06-22T15:35:01+10:00,1
2026-06-22T16:31:50.551844+10:00,IWq2U6eIEfM,YouTube,PolitEnt Health,HPV వ్యాక్సిన్ ఎప్పుడు తీసుకోవచ్చు..#HPV #Vaccine #YtShorts #Shorts #CancerAwareness #PolitentHealth,vaccine,1,vaccine,,,,PolitEnt Health,https://www.youtube.com/watch?v=IWq2U6eIEfM,2026-06-22T15:15:00+10:00,1
2026-06-22T16:31:52.813375+10:00,eH3KiAiKe6I,YouTube,STAG RESEARCH,42 Days vs 10 Years: How Moderna Broke Every Rule #vaccine #records #biotechnology,vaccine,1,vaccine,vaccine,,,STAG RESEARCH,https://www.youtube.com/watch?v=eH3KiAiKe6I,2026-06-22T01:35:25+10:00,1
2026-06-22T16:31:53.903490+10:00,_SugQAHuTSs,YouTube,City 21,COVID-19 Controversy: Alleged US Secret Reports Fuel New Vaccine Conspiracy Theories | City 21,vaccine,1,vaccine,,,,City 21,https://www.youtube.com/watch?v=_SugQAHuTSs,2026-06-21T23:10:25+10:00,1
2026-06-22T16:31:56.185587+10:00,SEeD_ikSwSs,YouTube,Darsh News,"Adolescent में HPV Vaccine कितनी जरूरी,इस उम्र में लगवाए सुनाए Dr Charu Modi की सलाह!",vaccine,1,vaccine,,,,Darsh News,https://www.youtube.com/watch?v=SEeD_ikSwSs,2026-06-21T18:32:19+10:00,1
2026-06-22T16:31:57.364270+10:00,MQytZhxIZ6I,YouTube,Nugget's News,Detoxing From Vaccine Side Effects,vaccine,1,vaccine,vaccine,,,Nugget's News,https://www.youtube.com/watch?v=MQytZhxIZ6I,2026-06-21T16:08:56+10:00,1
2026-06-22T16:31:58.489460+10:00,vWqN1eXVK-A,YouTube,AFRICA BRIDGE TV NETWORK ,"Sudden Deaths, Public Health &amp; COVID Vaccine Questions | TMWS",vaccine,1,vaccine,vaccine,,,AFRICA BRIDGE TV NETWORK ,https://www.youtube.com/watch?v=vWqN1eXVK-A,2026-06-21T04:39:11+10:00,1
2026-06-23T15:03:03.152588+10:00,5nl6AQYHTsE,YouTube,Fluoride Supply- Clara,"Sodium Silicofluoride, CAS: 16871-90-4. Used in ceramic glazes, water fluoridation #glass","fluoridation, fluoride",2,"fluoridation, fluoride",,,,Fluoride Supply- Clara,https://www.youtube.com/watch?v=5nl6AQYHTsE,2026-06-23T13:50:13+10:00,2
2026-06-23T15:03:32.434355+10:00,_ijAdzGz8Ew,YouTube,Rockey vlogs,Drinking water filter machine in Australia #water #australia #shorts,"fluoride, fluoride water filter",2,"fluoride, fluoride water filter",,,,Rockey vlogs,https://www.youtube.com/watch?v=_ijAdzGz8Ew,2026-06-22T17:38:04+10:00,6
2026-06-23T15:03:44.879431+10:00,cO-rQfnsl8I,YouTube,Guntur nandini vlogs,Beagle dog 2nd vaccination #dog,"vaccination, vaccine",2,"vaccination, vaccine",,,,Guntur nandini vlogs,https://www.youtube.com/watch?v=cO-rQfnsl8I,2026-06-23T00:30:20+10:00,2
2026-06-23T15:04:01.395754+10:00,9vXhtY6jGDs,YouTube,Aditya Saran | Cats & Me,Agar vaccines par detailed video chahiye to comment vaccine on this video,"vaccine, vaccination",2,vaccine,"vaccination, vaccine",,,Aditya Saran | Cats & Me,https://www.youtube.com/watch?v=9vXhtY6jGDs,2026-06-22T23:28:17+10:00,2
2026-06-23T15:03:04.285165+10:00,JcY5Uw2D_3Q,YouTube,Love To Smile Dentistry,Is FLUORIDE safe? 🤔,fluoride,1,fluoride,,,,Love To Smile Dentistry,https://www.youtube.com/watch?v=JcY5Uw2D_3Q,2026-06-23T05:03:54+10:00,1
2026-06-23T15:03:05.462563+10:00,SshfZQFmSrs,YouTube,Debt Weapon,Why One City Refuses to Fluoridate Its Water,fluoride,1,fluoride,,,,Debt Weapon,https://www.youtube.com/watch?v=SshfZQFmSrs,2026-06-08T19:00:07+10:00,1
2026-06-23T15:03:07.926580+10:00,WnTrmVSMGQc,YouTube,Dana Stiggers Ramsey,Fluoride-Free Toothpaste Tablets that remineralize your teeth. @noBS #toothpastetablets,fluoride,1,fluoride,,,,Dana Stiggers Ramsey,https://www.youtube.com/watch?v=WnTrmVSMGQc,2026-06-23T11:57:11+10:00,1
2026-06-23T15:03:09.089165+10:00,FR10bciZQGs,YouTube,TheRawCut,RFK Jr. reveals the truth about your water 😳,fluoride,1,fluoride,,,,TheRawCut,https://www.youtube.com/watch?v=FR10bciZQGs,2026-06-23T11:00:18+10:00,1
2026-06-23T15:03:10.216869+10:00,FFnhrE-lmOo,YouTube,Bronna Ceeza,F*** This-Fried by Fluoride lyrics #music #friedbyfluoride #incelcore #fyp,fluoride,1,fluoride,,,,Bronna Ceeza,https://www.youtube.com/watch?v=FFnhrE-lmOo,2026-06-23T09:17:36+10:00,1
2026-06-23T15:03:11.332648+10:00,Abm-jyRGFrU,YouTube,𝐆𝐑,"Fried By Fluoride - Song 2 (remake,slowed down and reverb ver)",fluoride,1,fluoride,,,,𝐆𝐑,https://www.youtube.com/watch?v=Abm-jyRGFrU,2026-06-23T08:48:21+10:00,1
2026-06-23T15:03:12.464874+10:00,miPZ33jUQVg,YouTube,🎸 CHINKYLUL 🎸,(Cover) Gloom4forever - fried by fluoride￼,fluoride,1,fluoride,,,,🎸 CHINKYLUL 🎸,https://www.youtube.com/watch?v=miPZ33jUQVg,2026-06-23T07:39:58+10:00,1
2026-06-23T15:03:13.594133+10:00,QnbsoJbwHX8,YouTube,Smart Money Clips,@DTHshow  on youtube FLUORIDE TRUTH Revealed 🦷 #shorts,fluoride,1,fluoride,,,,Smart Money Clips,https://www.youtube.com/watch?v=QnbsoJbwHX8,2026-06-23T06:59:31+10:00,1
2026-06-23T15:03:14.738086+10:00,pgRIa8v7k4c,YouTube,Jones Clan Reviews,What You Should Know About This Fluoride-Free Toothpaste #ad #amazoninfluencer,fluoride,1,fluoride,,,,Jones Clan Reviews,https://www.youtube.com/watch?v=pgRIa8v7k4c,2026-06-23T05:26:29+10:00,1
2026-06-23T15:03:15.932503+10:00,nY42EPEO8_s,YouTube,Jones Clan Reviews,What You Need to Know About This Fluoride-Free Toothpaste #ad #amazoninfluencer,fluoride,1,fluoride,,,,Jones Clan Reviews,https://www.youtube.com/watch?v=nY42EPEO8_s,2026-06-23T05:23:49+10:00,1
2026-06-23T15:03:17.108440+10:00,4UNGNeiv_2U,YouTube,Mom and son in uae,"Fluoride = little teeth’s bodyguard! 🛡️We use Sensodyne Pronamel Kids, dentist made with just t",fluoride,1,fluoride,,,,Mom and son in uae,https://www.youtube.com/watch?v=4UNGNeiv_2U,2026-06-23T05:00:01+10:00,1
2026-06-23T15:03:18.287471+10:00,WKbxujqC0TY,YouTube,tw1light,[free] incelcore + h4teboy + never goodbye + fried by fluoride type beat - &quot;drained&quot;,fluoride,1,fluoride,,,,tw1light,https://www.youtube.com/watch?v=WKbxujqC0TY,2026-06-23T03:30:26+10:00,1
2026-06-23T15:03:19.480051+10:00,n3TZi_q6FYs,YouTube,ShadowPlay,9 Day : 10 Level Fluoride,fluoride,1,fluoride,,,,ShadowPlay,https://www.youtube.com/watch?v=n3TZi_q6FYs,2026-06-23T03:18:43+10:00,1
2026-06-23T15:03:20.630761+10:00,ygzmVqqUBd8,YouTube,All Star Pediatric Dentistry,Protect Their Enamel: The Truth About Professional Fluoride Treatments.,fluoride,1,fluoride,,,,All Star Pediatric Dentistry,https://www.youtube.com/watch?v=ygzmVqqUBd8,2026-06-23T02:14:05+10:00,1
2026-06-23T15:03:21.761397+10:00,HgjTq2pfGdY,YouTube,Dr.Holistic ,Pineal Gland &amp; Fluoride,fluoride,1,fluoride,,,,Dr.Holistic ,https://www.youtube.com/watch?v=HgjTq2pfGdY,2026-06-23T02:09:52+10:00,1
2026-06-23T15:03:22.902084+10:00,BATAMbE-uy8,YouTube,The Pineal Path,The fluoride reveal,fluoride,1,fluoride,,,,The Pineal Path,https://www.youtube.com/watch?v=BATAMbE-uy8,2026-06-22T23:55:35+10:00,1
2026-06-23T15:03:24.066840+10:00,pQ-yINsqgm0,YouTube,Kalle Beck Unboxing & Reviews,Himalaya Botanique Anticavity Fluoride Toothpaste Review!,fluoride,1,fluoride,,,,Kalle Beck Unboxing & Reviews,https://www.youtube.com/watch?v=pQ-yINsqgm0,2026-06-22T23:14:21+10:00,1
2026-06-23T15:03:25.217046+10:00,waQTjsz9mWU,YouTube,The Trend Marketplace,Boka Fluoride Free Toothpaste Nano Hydroxyapatite | The Trend Marketplace,fluoride,1,fluoride,,,,The Trend Marketplace,https://www.youtube.com/watch?v=waQTjsz9mWU,2026-06-22T21:37:42+10:00,1
2026-06-23T15:03:26.360603+10:00,2AmE-V68ETg,YouTube,Nothing but the Truth,Herbal Ayurvedic Natural Toothpaste Fluoride Free,fluoride,1,fluoride,,,,Nothing but the Truth,https://www.youtube.com/watch?v=2AmE-V68ETg,2026-06-22T21:25:30+10:00,1
2026-06-23T15:03:27.515008+10:00,igfwkuGYNME,YouTube,floatyboat,[FREE] fried by fluoride x incelcore type beat - &quot;i didn&#39;t want this&quot;,fluoride,1,fluoride,,,,floatyboat,https://www.youtube.com/watch?v=igfwkuGYNME,2026-06-22T21:17:40+10:00,1
2026-06-23T15:03:28.663644+10:00,FCme0Y2so1k,YouTube,Clips4U,The END of the Fluoride Toothpaste Debate by :  “@dthshow on youtube”.,fluoride,1,fluoride,,,,Clips4U,https://www.youtube.com/watch?v=FCme0Y2so1k,2026-06-22T20:02:16+10:00,1
2026-06-23T15:03:39.213058+10:00,Galo4XxCZfk,YouTube,Chinext,#shorts #shortsfeed #babycrying #vaccination,vaccination,1,vaccination,,,,Chinext,https://www.youtube.com/watch?v=Galo4XxCZfk,2026-06-23T15:00:14+10:00,1
2026-06-23T15:03:40.373799+10:00,oPt_lzr2CG0,YouTube,Ekin Official 01,"Going for vaccination, If you can, please donate even $5 or $10 helps more than you think.#music",vaccination,1,vaccination,,,,Ekin Official 01,https://www.youtube.com/watch?v=oPt_lzr2CG0,2026-06-23T14:26:34+10:00,1
2026-06-23T15:03:41.500078+10:00,z3XkLCHak4M,YouTube,Aryan Gutte ,Demonstration on Vaccination...#agriculture #farming #vaccinationdone✔️ #reels #comed,vaccination,1,vaccination,,,,Aryan Gutte ,https://www.youtube.com/watch?v=z3XkLCHak4M,2026-06-23T12:25:27+10:00,1
2026-06-23T15:03:42.619186+10:00,C_f5N6HBRhY,YouTube,idkuser ,How Chinese Babies Get This Vaccine,vaccine,1,vaccine,,,,idkuser ,https://www.youtube.com/watch?v=C_f5N6HBRhY,2026-06-23T10:30:52+10:00,1
2026-06-23T15:03:43.736579+10:00,gj2O3zy5Cnc,YouTube,Revive Hospitals,What is the HPV Vaccine and Why Is It Important?,vaccine,1,vaccine,,,,Revive Hospitals,https://www.youtube.com/watch?v=gj2O3zy5Cnc,2026-06-23T01:37:49+10:00,1
2026-06-23T15:03:46.150289+10:00,kufSj5WIzco,YouTube,Fit Arshia,Angad ka vaccination time,vaccination,1,vaccination,vaccination,,,Fit Arshia,https://www.youtube.com/watch?v=kufSj5WIzco,2026-06-23T00:19:50+10:00,1
2026-06-23T15:03:47.321998+10:00,cP6kpOk7ya0,YouTube,Щит Тайного Фронта,The Vaccination Adventure of the Simpson Kids #thesimpsons #foryou #simpsons #cartoon,vaccination,1,vaccination,,,,Щит Тайного Фронта,https://www.youtube.com/watch?v=cP6kpOk7ya0,2026-06-22T22:03:05+10:00,1
2026-06-23T15:03:48.446304+10:00,fAMo8V1kUrc,YouTube,DocOnline Health,"Book Flu Vaccination for your children starting at ₹1,199 with a missed call on +91 7075-822-481.",vaccination,1,vaccination,,,,DocOnline Health,https://www.youtube.com/watch?v=fAMo8V1kUrc,2026-06-22T19:36:08+10:00,1
2026-06-23T15:03:49.603129+10:00,NFPlLCsbrO4,YouTube,Maria H P,He Ran Out of Vaccine and Saved the World,vaccine,1,vaccine,,,,Maria H P,https://www.youtube.com/watch?v=NFPlLCsbrO4,2026-06-22T02:07:12+10:00,1
2026-06-23T15:03:50.765111+10:00,ltP5cYMI_Mo,YouTube,Seema Choudhary,#vaccination#viralshort#cow#cattle##gay,vaccination,1,vaccination,,,,Seema Choudhary,https://www.youtube.com/watch?v=ltP5cYMI_Mo,2026-06-22T00:17:11+10:00,1
2026-06-23T15:03:53.274079+10:00,YWRBgPSY-o4,YouTube,Future Decode,Công nghệ hồi sinh vaccine từ loài cây sa mạc,vaccine,1,vaccine,,,,Future Decode,https://www.youtube.com/watch?v=YWRBgPSY-o4,2026-06-23T15:00:20+10:00,1
2026-06-23T15:03:54.390161+10:00,4fJwZGztnRU,YouTube,Rainbow Children’s Hospital & BirthRight,How Vaccines Protect Your Child&#39;s Immune system?,vaccine,1,vaccine,,,,Rainbow Children’s Hospital & BirthRight,https://www.youtube.com/watch?v=4fJwZGztnRU,2026-06-23T14:35:37+10:00,1
2026-06-23T15:03:55.509766+10:00,7eLia_kRi6g,YouTube,Good Health information,vaccination part 2,vaccination,1,vaccination,,,,Good Health information,https://www.youtube.com/watch?v=7eLia_kRi6g,2026-06-23T14:07:14+10:00,1
2026-06-23T15:03:56.629553+10:00,D_ncMW-WQyQ,YouTube,Fatso Peter,The Search for a Vaccine Against a Deadly Virus,vaccine,1,vaccine,,,,Fatso Peter,https://www.youtube.com/watch?v=D_ncMW-WQyQ,2026-06-23T12:01:29+10:00,1
2026-06-23T15:03:57.757629+10:00,hA1DyDhf5Y0,YouTube,9NEWS,Nurse from Colorado was one of first to receive the Ebola vaccine,vaccine,1,vaccine,,,,9NEWS,https://www.youtube.com/watch?v=hA1DyDhf5Y0,2026-06-23T08:08:47+10:00,1
2026-06-23T15:03:58.908496+10:00,ZDxMFGdGebY,YouTube,WXYZ-TV Detroit | Channel 7,World&#39;s-first AI-designed vaccine successfully tested in humans,vaccine,1,vaccine,,,,WXYZ-TV Detroit | Channel 7,https://www.youtube.com/watch?v=ZDxMFGdGebY,2026-06-23T07:54:06+10:00,1
2026-06-23T15:04:00.055993+10:00,Eaw-PIly5Gg,YouTube,Yeshrooms,AI Just Made a Future Proof Vaccine,vaccine,1,vaccine,,,,Yeshrooms,https://www.youtube.com/watch?v=Eaw-PIly5Gg,2026-06-23T02:43:39+10:00,1
2026-06-23T15:04:02.553150+10:00,QWHkyf93ISY,YouTube,Youhan baby,How Cute! 🥰 Baby’s Reaction to the Vaccine | #baby #cute #cutebaby,vaccine,1,vaccine,,,,Youhan baby,https://www.youtube.com/watch?v=QWHkyf93ISY,2026-06-22T18:26:36+10:00,1
2026-06-23T15:04:03.711020+10:00,cSYmFC_Dv94,YouTube,chahat 27 ,vaccine file ideas part 1 😌 #education,vaccine,1,vaccine,,,,chahat 27 ,https://www.youtube.com/watch?v=cSYmFC_Dv94,2026-06-22T13:43:38+10:00,1
2026-06-23T15:04:04.919427+10:00,01IF8Abcp5c,YouTube,Sukjai Boyz,หรือความจริงแล้วพิคโกโร่…⁉️ #เล่าเรื่อง #onepunchman #vaccine,vaccine,1,vaccine,,,,Sukjai Boyz,https://www.youtube.com/watch?v=01IF8Abcp5c,2026-06-22T11:00:05+10:00,1
2026-06-24T15:04:24.778634+10:00,8l0FhJkYygs,YouTube,Dr. Yan Yu,Natural vs Vaccine Immunity - which is better?,"vaccine, vaccination, pharma vaccine lying, vaccine death data, vaccine less than natural immunity",5,vaccine,"vaccination, vaccine, pharma vaccine lying, vaccine death data, vaccine less than natural immunity",,,Dr. Yan Yu,https://www.youtube.com/watch?v=8l0FhJkYygs,2021-12-12T09:40:01+11:00,17
2026-06-24T15:04:12.150743+10:00,sctpvgx_iew,YouTube,Dr. Frita,159 Infected! Air Force Base Hit With Flu Outbreak After Hegseth Vaccine Decision #flu #healthnews,"vaccine, vaccination, vaccine less than natural immunity",3,vaccine,"vaccination, vaccine, vaccine less than natural immunity",,,Dr. Frita,https://www.youtube.com/watch?v=sctpvgx_iew,2026-06-23T23:37:50+10:00,7
2026-06-24T15:03:35.982906+10:00,AUKgOrSKcwE,YouTube,Mikal Shehryar,It&#39;s Vaccination Day💉Mikal Got His 4th Vaccine Today🥺 #shorts #hospital #newborn #vaccine #cutebaby,"vaccination, vaccine",2,"vaccination, vaccine",,,,Mikal Shehryar,https://www.youtube.com/watch?v=AUKgOrSKcwE,2026-06-24T15:00:39+10:00,2
2026-06-24T15:03:40.543505+10:00,Me7CQzHklY4,YouTube,Namrata Rajbhar,"June 24, 202Baby Vaccination Day 💉🥺 | 3 Month Baby Vaccine | Emotional Mom Moment ❤️ #shorts6","vaccination, vaccine",2,"vaccination, vaccine",,,,Namrata Rajbhar,https://www.youtube.com/watch?v=Me7CQzHklY4,2026-06-24T12:42:32+10:00,2
2026-06-24T15:03:41.712186+10:00,EAMS15Z5nGw,YouTube,Dr Ghar,Girl&#39;s injection vlog #injection #love #vaccinecentre #vaccination #hpvvaccination #mbbs,"vaccination, vaccine",2,"vaccination, vaccine",,,,Dr Ghar,https://www.youtube.com/watch?v=EAMS15Z5nGw,2026-06-24T12:41:24+10:00,2
2026-06-24T15:03:50.963754+10:00,6plBK-4o0IM,YouTube,Shailendra Saxena,"VACCINE  BUDDIES #healthyliving,#Hospitalservices,#medical, #medicalservice","vaccination, vaccine",2,"vaccination, vaccine",,,,Shailendra Saxena,https://www.youtube.com/watch?v=6plBK-4o0IM,2026-06-23T22:45:21+10:00,2
2026-06-24T15:04:07.399047+10:00,-W3dnykCzA4,YouTube,MS NOW,Texas military base grapples with flu outbreak after Hegseth ends vaccine mandate,"vaccine, vaccination",2,vaccine,"vaccination, vaccine",,,MS NOW,https://www.youtube.com/watch?v=-W3dnykCzA4,2026-06-24T05:52:37+10:00,2
2026-06-24T15:04:08.598379+10:00,uRVSosgQjfI,YouTube,Dr Nikhil Dhawan,Important  private vaccine explained in 10 seconds #vaccineawareness #optionalvaccines,"vaccination, vaccine",2,"vaccination, vaccine",,,,Dr Nikhil Dhawan,https://www.youtube.com/watch?v=uRVSosgQjfI,2026-06-24T05:23:02+10:00,2
2026-06-24T15:04:09.728798+10:00,dd8wQMzPK-w,YouTube,MrZidi,Baby’s First Hepatitis B Vaccine 💉👶 #cutebaby #shortvideo #viralvideo,"vaccination, vaccine",2,"vaccination, vaccine",,,,MrZidi,https://www.youtube.com/watch?v=dd8wQMzPK-w,2026-06-24T05:11:43+10:00,2
2026-06-24T15:03:04.879732+10:00,fLOKqBL1rLE,YouTube,Zheka_Yakor,Fried By Fluoride - babe (sped up),fluoride,1,fluoride,,,,Zheka_Yakor,https://www.youtube.com/watch?v=fLOKqBL1rLE,2026-06-24T12:56:03+10:00,1
2026-06-24T15:03:06.034766+10:00,igRN7kZB4sk,YouTube,Zheka_Yakor,Fried By Fluoride - babe (slowed),fluoride,1,fluoride,,,,Zheka_Yakor,https://www.youtube.com/watch?v=igRN7kZB4sk,2026-06-24T12:56:22+10:00,1
2026-06-24T15:03:07.191252+10:00,wHNFx0DjV0o,YouTube,Jan Hetaishi,"Fluoride, Brushing &amp; Myths: White Smile का असली Formula क्या है? | Dr. Priti Vohra &amp; Dr. Akshay",fluoride,1,fluoride,,,,Jan Hetaishi,https://www.youtube.com/watch?v=wHNFx0DjV0o,2026-06-24T12:30:11+10:00,1
2026-06-24T15:03:08.319259+10:00,ATYJW52i-Ow,YouTube,DreamWave Sub,The Love I Lost Fried By Fluoride Sub Español,fluoride,1,fluoride,,,,DreamWave Sub,https://www.youtube.com/watch?v=ATYJW52i-Ow,2026-06-24T10:48:16+10:00,1
2026-06-24T15:03:09.495017+10:00,lu4lAL-Utek,YouTube,Zheka_Yakor,Fried By Fluoride - Long Gone (sped up),fluoride,1,fluoride,,,,Zheka_Yakor,https://www.youtube.com/watch?v=lu4lAL-Utek,2026-06-24T10:43:23+10:00,1
2026-06-24T15:03:10.663261+10:00,AwtUQIUMv9A,YouTube,Zheka_Yakor,Fried By Fluoride - Long Gone (slowed),fluoride,1,fluoride,,,,Zheka_Yakor,https://www.youtube.com/watch?v=AwtUQIUMv9A,2026-06-24T10:42:11+10:00,1
2026-06-24T15:03:11.815729+10:00,SDN2VTNUHRk,YouTube,Zheka_Yakor,Fried By Fluoride - another gay love song (sped up),fluoride,1,fluoride,,,,Zheka_Yakor,https://www.youtube.com/watch?v=SDN2VTNUHRk,2026-06-24T10:22:27+10:00,1
2026-06-24T15:03:12.945605+10:00,FmzgLwAh0PI,YouTube,"JiNan ShengHe Chemical Co., Ltd.",α-toluenesulphonyl fluoride（CAS No：329-98-6） #ShengheChemical  #圣和化工厂家 #ChemSP #Chemicals #Chemical,fluoride,1,fluoride,,,,"JiNan ShengHe Chemical Co., Ltd.",https://www.youtube.com/watch?v=FmzgLwAh0PI,2026-06-24T10:21:11+10:00,1
2026-06-24T15:03:14.081145+10:00,vOnFJ69kCMc,YouTube,Zheka_Yakor,Fried By Fluoride - another gay love song (slowed),fluoride,1,fluoride,,,,Zheka_Yakor,https://www.youtube.com/watch?v=vOnFJ69kCMc,2026-06-24T10:15:51+10:00,1
2026-06-24T15:03:15.215928+10:00,SSf_emh9PoM,YouTube,TheRawCut,The Health Secretary Said THIS About What&#39;s In Your Tap Water 😳,fluoride,1,fluoride,,,,TheRawCut,https://www.youtube.com/watch?v=SSf_emh9PoM,2026-06-24T09:00:04+10:00,1
2026-06-24T15:03:16.346308+10:00,Lt7WVmfbIto,YouTube,Smiles for Miles,Stop Rinsing Immediately After You Spit! #oralHygiene #fluorideTips #toothEnamel,fluoride,1,fluoride,,,,Smiles for Miles,https://www.youtube.com/watch?v=Lt7WVmfbIto,2026-06-24T08:01:48+10:00,1
2026-06-24T15:03:17.505884+10:00,L0L6rGHRquI,YouTube,Fitandherbal,The Government Has Been Drugging Your Tap Water Since 1945,fluoride,1,fluoride,,,,Fitandherbal,https://www.youtube.com/watch?v=L0L6rGHRquI,2026-06-24T06:27:03+10:00,1
2026-06-24T15:03:18.644052+10:00,KXjpPasYm4w,YouTube,Matty,Irreparable Brain Damage - Fried By Fluoride ,fluoride,1,fluoride,,,,Matty,https://www.youtube.com/watch?v=KXjpPasYm4w,2026-06-24T05:45:05+10:00,1
2026-06-24T15:03:19.832355+10:00,HrGU02Ux9io,YouTube,wingsxrra,wifiskeleton x fried by fluoride punk rock type beat - &quot;don&#39;t bother i&#39;ll be gone soon&quot;,fluoride,1,fluoride,,,,wingsxrra,https://www.youtube.com/watch?v=HrGU02Ux9io,2026-06-24T05:41:52+10:00,1
2026-06-24T15:03:20.975653+10:00,KVqoTCPg__U,YouTube,Ellie B,Dr. Plotka&#39;s Fluoride-Free Toothpaste Review | Hydroxyapatite Formula,fluoride,1,fluoride,,,,Ellie B,https://www.youtube.com/watch?v=KVqoTCPg__U,2026-06-24T03:46:36+10:00,1
2026-06-24T15:03:22.118406+10:00,KxJnPdplWNM,YouTube,Dr. Daniel Pompa,The Fluoride Conversation Is More Complicated Than Most People Think,fluoride,1,fluoride,fluoride,,,Dr. Daniel Pompa,https://www.youtube.com/watch?v=KxJnPdplWNM,2026-06-24T03:22:32+10:00,1
2026-06-24T15:03:23.265881+10:00,2bx5HXlSXc4,YouTube,Illinois Public Media,What happens when fluoride is removed from the water supply?,fluoride,1,fluoride,,,,Illinois Public Media,https://www.youtube.com/watch?v=2bx5HXlSXc4,2026-06-24T02:18:35+10:00,1
2026-06-24T15:03:24.393716+10:00,Lze64M12eXk,YouTube,MARRYLL DXN ENTERTAINER,"DXN GANOZHI TOOTHPASTE (With Ganoderma Extract, foodgel, menthol) doesn&#39;t contain fluoride, sacharin",fluoride,1,fluoride,,,,MARRYLL DXN ENTERTAINER,https://www.youtube.com/watch?v=Lze64M12eXk,2026-06-24T01:44:24+10:00,1
2026-06-24T15:03:25.557145+10:00,ABLKSpRdsNY,YouTube,Pro Tech City,Red Magic Gaming Tablet 5 Pro Unboxing &amp; Fluoride Liquid Anti-Conductivity Experiment!,fluoride,1,fluoride,,,,Pro Tech City,https://www.youtube.com/watch?v=ABLKSpRdsNY,2026-06-23T23:29:43+10:00,1
2026-06-24T15:03:26.698895+10:00,07d-vFpaMng,YouTube,Dental Dreams,Fluoride bulb vs Glycolysis: Quick breakdown! 🔬 @DentalDreams-00  #physicswallah #pwmededbds,fluoride,1,fluoride,,,,Dental Dreams,https://www.youtube.com/watch?v=07d-vFpaMng,2026-06-23T23:15:50+10:00,1
2026-06-24T15:03:37.123542+10:00,lYC2QUA2cU4,YouTube,Shweta.Muffin,post vaccination #viral #cutebaby #cute #shorts #shortvideo #video #youtubeshorts #ytshorts #reels,vaccination,1,vaccination,,,,Shweta.Muffin,https://www.youtube.com/watch?v=lYC2QUA2cU4,2026-06-24T14:59:18+10:00,1
2026-06-24T15:03:38.256070+10:00,Riy_dHOEgWE,YouTube,Minchi,Vaccination day #viraltrendingshorts #vaccinationday #cutebaby #viraltrending #memoriesmade,vaccination,1,vaccination,,,,Minchi,https://www.youtube.com/watch?v=Riy_dHOEgWE,2026-06-24T14:44:06+10:00,1
2026-06-24T15:03:39.388999+10:00,8gaIhuNlqIg,YouTube,Medini,#assam #animallovers #animalcare #cow #cattle #vaccination #northeast #india,vaccination,1,vaccination,,,,Medini,https://www.youtube.com/watch?v=8gaIhuNlqIg,2026-06-24T13:56:00+10:00,1
2026-06-24T15:03:42.856410+10:00,dlgksIjHTog,YouTube,@Animal Help,Love Baby Dog 🐕 By Mission Rabies Team vaccination work in jaipur 💯 safe #dog #jaipur #help,vaccination,1,vaccination,,,,@Animal Help,https://www.youtube.com/watch?v=dlgksIjHTog,2026-06-24T12:35:45+10:00,1
2026-06-24T15:03:44.060762+10:00,k35m-zl1krU,YouTube,The Modern Shepherd 🐏🐐,4 important vaccines for Sheepfarming in rainy and winter season #themodernshepherd #sheep #farming,vaccine,1,vaccine,vaccine,,,The Modern Shepherd 🐏🐐,https://www.youtube.com/watch?v=k35m-zl1krU,2026-06-24T11:50:18+10:00,1
2026-06-24T15:03:45.206005+10:00,rDgvzKlFCKE,YouTube,Life with my boys,polio drops for childrens #polioawareness #vaccination #shortvideo,vaccination,1,vaccination,,,,Life with my boys,https://www.youtube.com/watch?v=rDgvzKlFCKE,2026-06-24T11:30:34+10:00,1
2026-06-24T15:03:46.336260+10:00,drtrYXf9GJw,YouTube,Houston ISD,"6/23: Reading Gains Continue, Upcoming Vaccine Clinics",vaccine,1,vaccine,,,,Houston ISD,https://www.youtube.com/watch?v=drtrYXf9GJw,2026-06-24T08:30:05+10:00,1
2026-06-24T15:03:47.565992+10:00,fyQYF-CgCwM,YouTube,Eugene Poultry Farm Limited,"How We Brood Over 5,000 Chicks | Feeding, Vaccination &amp; Daily Management",vaccination,1,vaccination,,,,Eugene Poultry Farm Limited,https://www.youtube.com/watch?v=fyQYF-CgCwM,2026-06-24T02:30:06+10:00,1
2026-06-24T15:03:48.689967+10:00,rRRMblQ9SGI,YouTube,Let's Go Healthy,Vaccination Day 😋 #shorts #explore #adayinmylife #vlog #minivlog #ashortaday,vaccination,1,vaccination,,,,Let's Go Healthy,https://www.youtube.com/watch?v=rRRMblQ9SGI,2026-06-23T23:30:11+10:00,1
2026-06-24T15:03:49.837248+10:00,TQOaIBUVw1c,YouTube,Devrani Jethani comedy show,Devrani vs Jethani mayke vaccination #comedy #funny #devranijethanireels♥️💞😍✨ #reels #follow,vaccination,1,vaccination,,,,Devrani Jethani comedy show,https://www.youtube.com/watch?v=TQOaIBUVw1c,2026-06-23T23:30:29+10:00,1
2026-06-24T15:03:52.091821+10:00,lGXJ9VDa0jQ,YouTube,tiny Predators,MMR for Every Child #mmr #vaccine,vaccine,1,vaccine,,,,tiny Predators,https://www.youtube.com/watch?v=lGXJ9VDa0jQ,2026-06-23T21:51:37+10:00,1
2026-06-24T15:03:53.229285+10:00,qM1bvRfOeYE,YouTube,Joe Ciminera,Zombie Virus Vaccine: Reach Safe House in 24 Hours! #shorts,vaccine,1,vaccine,,,,Joe Ciminera,https://www.youtube.com/watch?v=qM1bvRfOeYE,2026-06-23T19:04:38+10:00,1
2026-06-24T15:03:54.416262+10:00,Fwe9JQi0360,YouTube,Rescue Revival,Best Dog Rescue Catch for Sterilization &amp; Anti-Rabies Vaccination 🐶💉 | Saving Street Dogs  #Shorts,vaccination,1,vaccination,,,,Rescue Revival,https://www.youtube.com/watch?v=Fwe9JQi0360,2026-06-23T12:13:18+10:00,1
2026-06-24T15:03:55.581390+10:00,kSk89Ccrf6Y,YouTube,Chinext,#shorts #shortsfeed #babycrying #vaccination,vaccination,1,vaccination,,,,Chinext,https://www.youtube.com/watch?v=kSk89Ccrf6Y,2026-06-23T09:00:06+10:00,1
2026-06-24T15:03:58.139345+10:00,tQDgwXJtU-0,YouTube,AMBUZ,cancer vaccine HPV बन गई #viral #shorts #reels #trending,vaccine,1,vaccine,,,,AMBUZ,https://www.youtube.com/watch?v=tQDgwXJtU-0,2026-06-24T14:30:35+10:00,1
2026-06-24T15:03:59.349197+10:00,n_rmsAwr0T4,YouTube,Yogesh Kai,Ghumne Ka Bolkar Vaccine Lagwane Le Gaye 😂🐶 #shorts ⭐,vaccine,1,vaccine,vaccine,,,Yogesh Kai,https://www.youtube.com/watch?v=n_rmsAwr0T4,2026-06-24T13:50:30+10:00,1
2026-06-24T15:04:00.497237+10:00,aC2wlEvj3U8,YouTube,Ms. Informed PharmD,Did Vaccines Save the World?,vaccine,1,vaccine,,,,Ms. Informed PharmD,https://www.youtube.com/watch?v=aC2wlEvj3U8,2026-06-24T13:00:07+10:00,1
2026-06-24T15:04:01.646560+10:00,Hqfg5-7Hi2w,YouTube,Vet Dr. Sagir Uddin Ahmed,"VET SURGERY: AVIAN VET IN DHAKA, BANGLADESH: DOG IMMUNIZATION: CAT VACCINE: 01752987436,01912251312",vaccine,1,vaccine,,,,Vet Dr. Sagir Uddin Ahmed,https://www.youtube.com/watch?v=Hqfg5-7Hi2w,2026-06-24T11:01:08+10:00,1
2026-06-24T15:04:02.793529+10:00,RbQ_EpvGRoc,YouTube,Vet Dr. Sagir Uddin Ahmed,"VET SURGERY: AVIAN VET IN DHAKA, BANGLADESH: DOG IMMUNIZATION: CAT VACCINE: 01752987436,01912251312",vaccine,1,vaccine,,,,Vet Dr. Sagir Uddin Ahmed,https://www.youtube.com/watch?v=RbQ_EpvGRoc,2026-06-24T10:52:31+10:00,1
2026-06-24T15:04:03.928437+10:00,8aFCDGdo5kU,YouTube,Vet Dr. Sagir Uddin Ahmed,"VET SURGERY: AVIAN VET IN DHAKA, BANGLADESH: DOG IMMUNIZATION: CAT VACCINE:01752987436,01912251312",vaccine,1,vaccine,,,,Vet Dr. Sagir Uddin Ahmed,https://www.youtube.com/watch?v=8aFCDGdo5kU,2026-06-24T10:50:06+10:00,1
2026-06-24T15:04:05.075249+10:00,MF22aN9mPvc,YouTube,ProPublica,He warned parents against vitamin K shots. Now he’s changed his mind.,vaccine,1,vaccine,,,,ProPublica,https://www.youtube.com/watch?v=MF22aN9mPvc,2026-06-24T08:12:25+10:00,1
2026-06-24T15:04:06.241870+10:00,aOFK97cgfek,YouTube,Dan Sfera,Why 50+ people ghosted this vaccine study.,vaccine,1,vaccine,,,,Dan Sfera,https://www.youtube.com/watch?v=aOFK97cgfek,2026-06-24T07:11:33+10:00,1
2026-06-24T15:04:10.900402+10:00,BvPNoPyx8q0,YouTube,"F. Perry Wilson, MD",The COVID Vaccine Study the CDC Censored,vaccine,1,vaccine,vaccine,,,"F. Perry Wilson, MD",https://www.youtube.com/watch?v=BvPNoPyx8q0,2026-06-24T04:11:49+10:00,1
2026-06-24T15:04:13.310035+10:00,IyIA601qkWs,YouTube,Times Tv News,American tourist amaze by free rabies vaccine treatment. #shorts #trending #breakingnews #vaccine,vaccine,1,vaccine,,,,Times Tv News,https://www.youtube.com/watch?v=IyIA601qkWs,2026-06-23T23:33:01+10:00,1
2026-06-24T15:04:14.487310+10:00,RQaeRnNfoJc,YouTube,Pharma India JDD AI,Rabbies Vaccine,vaccine,1,vaccine,,,,Pharma India JDD AI,https://www.youtube.com/watch?v=RQaeRnNfoJc,2026-06-23T22:18:42+10:00,1
2026-06-24T15:04:18.270650+10:00,L7TvAsdqZc4,YouTube,Gerald Posner,"Gerald Posner on CNN about Covid-19, Big Pharma, vaccines and profits",vaccine,1,vaccine,vaccine,,,Gerald Posner,https://www.youtube.com/watch?v=L7TvAsdqZc4,2020-03-23T07:42:19+11:00,1
2026-06-24T15:04:22.124695+10:00,enhnfKgdiU8,YouTube,PenPlotLineDot,Nearly 1 in 3 People Who Got This Disease Died. A Vaccine Has Existed Since the 1930s. (WHO Data),vaccine,1,vaccine,,,,PenPlotLineDot,https://www.youtube.com/watch?v=enhnfKgdiU8,2026-06-24T10:00:10+10:00,1
2026-06-25T15:07:32.560453+10:00,mZgUkkLiSCY,YouTube,James Fairbairn,Fluoridation in Western Australia (Part 2),"fluoridation, fluoride, fluoride free australia",3,"fluoridation, fluoride, fluoride free australia",,,,James Fairbairn,https://www.youtube.com/watch?v=mZgUkkLiSCY,2014-10-25T23:27:23+11:00,7
2026-06-25T15:06:57.455140+10:00,HouU81xCZVY,YouTube,Icons of Invention,From Filtration to Fluoridation: The Hidden Water Revolution,"fluoridation, fluoride",2,fluoridation,fluoride,,,Icons of Invention,https://www.youtube.com/watch?v=HouU81xCZVY,2026-06-25T10:00:03+10:00,2
2026-06-25T15:07:25.779568+10:00,pqfaR42kyas,YouTube,Hayley Green,Fluoride Free WA Party - Why does Australia still Fluoridate? Commercial,"fluoride, fluoride free australia",2,"fluoride, fluoride free australia",,,,Hayley Green,https://www.youtube.com/watch?v=pqfaR42kyas,2017-03-08T10:57:28+11:00,6
2026-06-25T15:07:26.881715+10:00,m_TgQwR-L5E,YouTube,FluorideFreeWA Perth,Fluoride Free WA Presents  Dr Paul Connett The Case Against Fluoride (part 4 of 4),"fluoridation, fluoride",2,"fluoridation, fluoride",,,,FluorideFreeWA Perth,https://www.youtube.com/watch?v=m_TgQwR-L5E,2015-03-01T23:06:50+11:00,2
2026-06-25T15:07:28.013724+10:00,mrOHPrTCxdA,YouTube,Alyssia Jodie,Fluoride Free WA Presents: Dr Paul Connett The Case Against Fluoride 1/4 720p,"fluoride, fluoride free australia",2,"fluoride, fluoride free australia",,,,Alyssia Jodie,https://www.youtube.com/watch?v=mrOHPrTCxdA,2015-02-25T11:37:39+11:00,6
2026-06-25T15:07:29.147468+10:00,1SI096yy1ow,YouTube,Alyssia Jodie,Fluoride Free WA Presents: Dr Paul Connett The Case Against Fluoride 4/4,"fluoride, fluoride free australia",2,"fluoride, fluoride free australia",,,,Alyssia Jodie,https://www.youtube.com/watch?v=1SI096yy1ow,2015-02-24T19:07:27+11:00,6
2026-06-25T15:07:30.296501+10:00,QzV-jGm2Dt4,YouTube,Alyssia Jodie,Fluoride Free WA Presents: Dr Paul Connett The Case Against Fluoride 3/4,"fluoride, fluoride free australia",2,"fluoride, fluoride free australia",,,,Alyssia Jodie,https://www.youtube.com/watch?v=QzV-jGm2Dt4,2015-02-24T19:07:28+11:00,6
2026-06-25T15:07:31.409139+10:00,KPMdaZ7_veU,YouTube,Alyssia Jodie,Fluoride Free WA Presents: Dr Paul Connett The Case Against Fluoride 2/4,"fluoride, fluoride free australia",2,"fluoride, fluoride free australia",,,,Alyssia Jodie,https://www.youtube.com/watch?v=KPMdaZ7_veU,2015-02-24T19:07:27+11:00,6
2026-06-25T15:07:33.758655+10:00,h2ZK21eXpF4,YouTube,FluorideFreeWA Perth,"Fluoride Free WA second anniversary address by Dr. Paul Connett in Perth, Western Australia","fluoride, fluoride free australia",2,"fluoride, fluoride free australia","fluoride, fluoride free australia",,,FluorideFreeWA Perth,https://www.youtube.com/watch?v=h2ZK21eXpF4,2013-02-12T03:52:09+11:00,6
2026-06-25T15:07:36.239691+10:00,pI68HhT31ic,YouTube,SoftPro Water Systems,Whole House Fluoride &amp; Chlorine Filter for Families | SoftPro Superfilter,"fluoride, fluoride water filter",2,"fluoride, fluoride water filter",,,,SoftPro Water Systems,https://www.youtube.com/watch?v=pI68HhT31ic,2026-06-24T17:28:39+10:00,6
2026-06-25T15:07:44.936132+10:00,4PKf8A8aHxM,YouTube,Siddhast Hans (Snow),"Vaccine lag gayi, lekin main phir bhi smile kar raha hoon! 😊","vaccine, vaccination",2,vaccine,"vaccination, vaccine",,,Siddhast Hans (Snow),https://www.youtube.com/watch?v=4PKf8A8aHxM,2026-06-24T23:32:44+10:00,2
2026-06-25T15:07:46.033685+10:00,OeAnc8w8Nbg,YouTube,Priyadarsini Hospital,Vaccines | Pregnancy | Vaccination | Pregnancy Care | Baby care | Flu Vaccine | TT | Dr Priyadarsini,"vaccination, vaccine",2,"vaccination, vaccine",,,,Priyadarsini Hospital,https://www.youtube.com/watch?v=OeAnc8w8Nbg,2026-06-24T20:22:21+10:00,2
2026-06-25T15:07:47.154568+10:00,fmcotmVtvf0,YouTube,Nursing Wallah by PW,Norcet 11 Preparation | Maternal Vaccination की 4 Important Vaccines #shorts #norcetmcq,"vaccination, vaccine",2,"vaccination, vaccine",,,,Nursing Wallah by PW,https://www.youtube.com/watch?v=fmcotmVtvf0,2026-06-24T17:44:02+10:00,2
2026-06-25T15:07:48.365098+10:00,iAu4wi0T18U,YouTube,Kanwaljeet Garewal Vlogs,Finally Aaj Hui Hamare Baby Ki First Vaccination || Painful Or Painless?,"vaccination, vaccine",2,vaccination,vaccine,,,Kanwaljeet Garewal Vlogs,https://www.youtube.com/watch?v=iAu4wi0T18U,2026-06-23T22:30:34+10:00,2
2026-06-25T15:08:00.741900+10:00,g_RJ5GfNk-I,YouTube,Dr Sagul's Paediatric corner,Post vaccination care #drsagul #healthyparenting #newbornbaby,"vaccination, vaccine",2,vaccination,vaccine,,,Dr Sagul's Paediatric corner,https://www.youtube.com/watch?v=g_RJ5GfNk-I,2026-06-24T17:30:36+10:00,2
2026-06-25T15:08:01.821853+10:00,ouzEwzQS2LU,YouTube,The Karl Stefanovic Show,Dr Aseem Malhotra: &#39;The COVID Vaccine Played A Role In Shane Warne&#39;s Death&#39;,"vaccine, vaccination",2,vaccine,"vaccination, vaccine",,,The Karl Stefanovic Show,https://www.youtube.com/watch?v=ouzEwzQS2LU,2026-06-24T17:00:41+10:00,2
2026-06-25T15:08:02.952651+10:00,H-quLmpaFBw,YouTube,Shailendra Saxena,"VACCINE  BUDDY #hospitalservices, #healthyliving, #vaccines,#Hospitals,#medicalservice","vaccination, vaccine",2,"vaccination, vaccine",,,,Shailendra Saxena,https://www.youtube.com/watch?v=H-quLmpaFBw,2026-06-24T17:00:01+10:00,2
2026-06-25T15:06:59.835152+10:00,6YKJWuq_xzI,YouTube,delmarphotonics,Barium Fluoride BaF2 windows,fluoride,1,fluoride,fluoride,,,delmarphotonics,https://www.youtube.com/watch?v=6YKJWuq_xzI,2026-06-25T13:38:38+10:00,1
2026-06-25T15:07:00.992789+10:00,RxO4KtcaSNs,YouTube,floatyboat,[FREE] fried by fluoride x incelcore type beat - &quot;scumbag&quot;,fluoride,1,fluoride,,,,floatyboat,https://www.youtube.com/watch?v=RxO4KtcaSNs,2026-06-25T13:30:42+10:00,1
2026-06-25T15:07:02.121768+10:00,57yIIrG8WUM,YouTube,Alētheia (ἀλήθεια),WHAT ARE FREQUENCIES DOING TO BLOOD BRAIN BARRIERS? WHY IS FLUORIDE IN DRINKING WATER REALLY BAD?,fluoride,1,fluoride,,,,Alētheia (ἀλήθεια),https://www.youtube.com/watch?v=57yIIrG8WUM,2026-06-25T12:07:43+10:00,1
2026-06-25T15:07:03.225963+10:00,P0Eb5lPBUIk,YouTube,Acupuncture and Coaching by Christian Cristiano,Fluoride &amp; the Pineal Gland: What Science Says,fluoride,1,fluoride,,,,Acupuncture and Coaching by Christian Cristiano,https://www.youtube.com/watch?v=P0Eb5lPBUIk,2026-06-25T10:40:16+10:00,1
2026-06-25T15:07:04.360455+10:00,VBQLZrd_dKc,YouTube,Habitual Health,@DTHshow on YouTube | It helps prevent tooth cavities.#fluoride #publichealth #dentalcare #health,fluoride,1,fluoride,,,,Habitual Health,https://www.youtube.com/watch?v=VBQLZrd_dKc,2026-06-25T08:34:50+10:00,1
2026-06-25T15:07:05.486112+10:00,ub-MuEVJ9kM,YouTube,Christian's Reviews & Deal's,Ollie Fluoride Free 10% Nano Hydroxyapatite Toothpaste for Remineralizing Enamel,fluoride,1,fluoride,,,,Christian's Reviews & Deal's,https://www.youtube.com/watch?v=ub-MuEVJ9kM,2026-06-25T08:17:33+10:00,1
2026-06-25T15:07:06.585649+10:00,x_2paLkIRHk,YouTube,HollyJ,"Nope! NOBS won’t hurt your enamel 😊 They actually contain fluoride, which helps strengthen and",fluoride,1,fluoride,,,,HollyJ,https://www.youtube.com/watch?v=x_2paLkIRHk,2026-06-25T08:11:16+10:00,1
2026-06-25T15:07:07.697337+10:00,NKx_HCEZJ-0,YouTube,tw1light,[free] incelcore + fried by fluoride + wifiskeleton + jaydes type beat - &quot;no lifer&quot;,fluoride,1,fluoride,,,,tw1light,https://www.youtube.com/watch?v=NKx_HCEZJ-0,2026-06-25T05:30:15+10:00,1
2026-06-25T15:07:08.790968+10:00,Scm3Q3tM46E,YouTube,BrainFuel Shorts,@DTHshow  on youtube FLUORIDE JENGA Explained 🦷 #shorts,fluoride,1,fluoride,,,,BrainFuel Shorts,https://www.youtube.com/watch?v=Scm3Q3tM46E,2026-06-25T04:57:07+10:00,1
2026-06-25T15:07:09.937892+10:00,D7Va6oMwuz8,YouTube,Rafael’s Finds,Fluoride free toothpaste review. Worth it? #ad,fluoride,1,fluoride,,,,Rafael’s Finds,https://www.youtube.com/watch?v=D7Va6oMwuz8,2026-06-25T04:24:03+10:00,1
2026-06-25T15:07:11.028590+10:00,5WAvml75uBA,YouTube,Orajel,New Orajel Naturals fluoride-free kid’s toothpaste #momlife #kidstoothpaste #orajelnaturals,fluoride,1,fluoride,,,,Orajel,https://www.youtube.com/watch?v=5WAvml75uBA,2026-06-25T04:18:58+10:00,1
2026-06-25T15:07:12.107492+10:00,ARGPw2rl5rE,YouTube,Orajel,Thoughtfully made for your smallest routines 🫧🌿 #momlife #orajelnaturals #kidstoothpaste,fluoride,1,fluoride,,,,Orajel,https://www.youtube.com/watch?v=ARGPw2rl5rE,2026-06-25T04:16:40+10:00,1
2026-06-25T15:07:13.173446+10:00,z5Idg2IUR2k,YouTube,Orajel,"Simple + gentle, made for the ones we love most 🩵 #momlife #kidstoothpaste #orajelnaturals",fluoride,1,fluoride,,,,Orajel,https://www.youtube.com/watch?v=z5Idg2IUR2k,2026-06-25T04:15:19+10:00,1
2026-06-25T15:07:14.319159+10:00,j22lPqnztEk,YouTube,Decipher Hub,Fluoride toothpaste is not what you think it is #Shorts #YouTubeShorts #ShortsFeed #Trending #Viral,fluoride,1,fluoride,,,,Decipher Hub,https://www.youtube.com/watch?v=j22lPqnztEk,2026-06-25T04:00:14+10:00,1
2026-06-25T15:07:15.447261+10:00,IRaoO9wUEL0,YouTube,Tiffany Noel,Get rid of your fluoride toothpaste (IYKYK) This brand is the brand I went with when I was first,fluoride,1,fluoride,,,,Tiffany Noel,https://www.youtube.com/watch?v=IRaoO9wUEL0,2026-06-25T03:15:47+10:00,1
2026-06-25T15:07:16.571266+10:00,pqdwcsv-mlo,YouTube,Scolter Medium,Fried By Fluoride - another gay love song | (legendado - pt br),fluoride,1,fluoride,,,,Scolter Medium,https://www.youtube.com/watch?v=pqdwcsv-mlo,2026-06-25T02:55:30+10:00,1
2026-06-25T15:07:17.658279+10:00,aKGai5lAdEE,YouTube,Ollie,SAFE AND EFFECTIVE TOOTHPASTE FOR KIDS WITH NO FLUORIDE!,fluoride,1,fluoride,,,,Ollie,https://www.youtube.com/watch?v=aKGai5lAdEE,2026-06-25T01:55:35+10:00,1
2026-06-25T15:07:18.782423+10:00,DIxtG-L67w0,YouTube,NOVA DENTAL HOSPITAL,ఈ ఒక్క ట్రీట్మెంట్ మీ పిల్లలకు అవసరం! 🦷 Fluoride Application #Shorts #KidsDentalCare,fluoride,1,fluoride,,,,NOVA DENTAL HOSPITAL,https://www.youtube.com/watch?v=DIxtG-L67w0,2026-06-25T01:00:30+10:00,1
2026-06-25T15:07:19.876617+10:00,QKSd3OBfb5c,YouTube,fffooa were,Fried by Fluoride - why am I not enough | Invincible variants,fluoride,1,fluoride,,,,fffooa were,https://www.youtube.com/watch?v=QKSd3OBfb5c,2026-06-25T00:41:04+10:00,1
2026-06-25T15:07:20.977826+10:00,CR1hULYrZAA,YouTube,Sharmin fluoride ,নীলপরি নীলাঞ্জনা হয়ে থেকে যাব তোমার মনে || নীলপরি || #Nilanjana #Nilpori @Sharmin Fluoride,fluoride,1,fluoride,,,,Sharmin fluoride ,https://www.youtube.com/watch?v=CR1hULYrZAA,2026-06-24T23:00:13+10:00,1
2026-06-25T15:07:22.092333+10:00,MosJC_-1lOA,YouTube,Pediatric Dental Associates of Randolph,Dr. Matt explains how fluoride works and why it’s so valuable for keeping teeth healthy and strong.,fluoride,1,fluoride,,,,Pediatric Dental Associates of Randolph,https://www.youtube.com/watch?v=MosJC_-1lOA,2026-06-24T22:56:55+10:00,1
2026-06-25T15:07:24.647790+10:00,d8FH3qqNDvQ,YouTube,Alex goes Coconuts,"6 Natural Toothpaste Brands Reviewed | Fluoride-Free, Vegan, Kid Friendly",fluoride,1,fluoride,fluoride,,,Alex goes Coconuts,https://www.youtube.com/watch?v=d8FH3qqNDvQ,2018-10-13T07:45:05+11:00,1
2026-06-25T15:07:42.682197+10:00,CaqwQVSCt00,YouTube,Say IT Right,VACCINATION #englishpronunciation #howtopronounce,vaccination,1,vaccination,,,,Say IT Right,https://www.youtube.com/watch?v=CaqwQVSCt00,2026-06-25T14:23:21+10:00,1
2026-06-25T15:07:43.797239+10:00,4OemAPJNMLY,YouTube,Today News Update Tamil,Polio Drops Campaign | Polio Drops Date 2026 Tamil Nadu | Polio Vaccination | Polio Drops | #shorts,vaccination,1,vaccination,,,,Today News Update Tamil,https://www.youtube.com/watch?v=4OemAPJNMLY,2026-06-25T13:15:08+10:00,1
2026-06-25T15:07:49.464791+10:00,ie1XDGt_ADM,YouTube,Chinext,#shorts #shortsfeed #babycrying #vaccination,vaccination,1,vaccination,,,,Chinext,https://www.youtube.com/watch?v=ie1XDGt_ADM,2026-06-23T13:00:10+10:00,1
2026-06-25T15:07:50.574340+10:00,7QI--bqpwYM,YouTube,YRP_Official,Chicken vaccination process. #shorts #chicken,vaccination,1,vaccination,,,,YRP_Official,https://www.youtube.com/watch?v=7QI--bqpwYM,2026-06-23T01:55:05+10:00,1
2026-06-25T15:07:53.002901+10:00,DS3CLCgN2ZY,YouTube,Medical health Tips ,6Week 1st dose Rota 1st vaccine given 💉🩺#shortvideo #shorts #short #,vaccine,1,vaccine,,,,Medical health Tips ,https://www.youtube.com/watch?v=DS3CLCgN2ZY,2026-06-25T14:51:48+10:00,1
2026-06-25T15:07:54.123832+10:00,Q_TLizI-Udo,YouTube,Suganya Hair and Makeup,Private Vaccine potachu Nilan kuttyku🤱🏻 To order saree whatsapp 9486954739 #vaccine,vaccine,1,vaccine,vaccine,,,Suganya Hair and Makeup,https://www.youtube.com/watch?v=Q_TLizI-Udo,2026-06-25T13:02:48+10:00,1
2026-06-25T15:07:55.212585+10:00,_M5r_jyKyXo,YouTube,Pudhari News,Tuberculosis Vaccine | क्षयरोगाची लस मधुमेहाचा वेग कमी करणार | Pudhari News Vishwasanchar,vaccine,1,vaccine,,,,Pudhari News,https://www.youtube.com/watch?v=_M5r_jyKyXo,2026-06-25T01:09:48+10:00,1
2026-06-25T15:07:56.297578+10:00,GU8mAbr-Fwg,YouTube,Public Health On Call,The ethics of testing the COVID vaccine in pregnant people,vaccine,1,vaccine,,,,Public Health On Call,https://www.youtube.com/watch?v=GU8mAbr-Fwg,2026-06-25T00:12:43+10:00,1
2026-06-25T15:07:57.389709+10:00,ApHdw0HD00Y,YouTube,Joe Ciminera,Secured Infected Sample: Hope for a Vaccine is Here! #shorts,vaccine,1,vaccine,,,,Joe Ciminera,https://www.youtube.com/watch?v=ApHdw0HD00Y,2026-06-24T22:59:26+10:00,1
2026-06-25T15:07:58.510613+10:00,wzLMt9xqCeE,YouTube,Explain Like I am 5,It learns faster #science #vaccine #explained,vaccine,1,vaccine,,,,Explain Like I am 5,https://www.youtube.com/watch?v=wzLMt9xqCeE,2026-06-24T22:05:10+10:00,1
2026-06-25T15:07:59.624788+10:00,1tKh9AQ3nrY,YouTube,SAFE Rabbit Farms,Rabbit Flu/ Pasteurellosis Vaccine In Pakistan,vaccine,1,vaccine,,,,SAFE Rabbit Farms,https://www.youtube.com/watch?v=1tKh9AQ3nrY,2026-06-24T20:39:17+10:00,1
2026-06-25T15:08:09.574893+10:00,ZNleGxfGym8,YouTube,Bloomberg Podcasts,FDA Examines Possible Adult Deaths From Covid Shots in Probe,vaccine,1,vaccine,vaccine,,,Bloomberg Podcasts,https://www.youtube.com/watch?v=ZNleGxfGym8,2025-12-11T04:53:20+11:00,1
2026-06-26T15:11:04.327677+10:00,vEqGMwQe_jE,YouTube,Dr. Drew,"&#39;Bad Batch&#39; Vaccine Study: Some Batches Drove 80x Adverse Reactions, Says Danish MD – Ask Dr. Drew","vaccine, vaccine death data, vaccine less than natural immunity",3,vaccine,"vaccine, vaccine death data, vaccine less than natural immunity",,,Dr. Drew,https://www.youtube.com/watch?v=vEqGMwQe_jE,2026-06-26T06:22:52+10:00,11
2026-06-26T15:09:58.373750+10:00,-ADWkOscjuU,YouTube,SoftPro Water Systems,Best Overall Fluoride Filter? SoftPro Expert Whole House Filtration — Your Family&#39;s Choice,"fluoride, fluoride water filter",2,"fluoride, fluoride water filter",,,,SoftPro Water Systems,https://www.youtube.com/watch?v=-ADWkOscjuU,2026-06-25T16:08:49+10:00,6
2026-06-26T15:10:24.119134+10:00,eOJaW0Ne9K8,YouTube,Reviewed By Kyle,If I was buying a water filter I would want to know,"fluoride, fluoride water filter",2,"fluoride, fluoride water filter",,,,Reviewed By Kyle,https://www.youtube.com/watch?v=eOJaW0Ne9K8,2026-06-26T03:37:51+10:00,6
2026-06-26T15:10:35.118800+10:00,x-PPD_Jvn3g,YouTube,Harini Talks,😟3.5 month தடுப்பூசி போட போறோம் 😱#ytshorts #thadupusi #vaccine #vaccination #viral,"vaccination, vaccine",2,"vaccination, vaccine",,,,Harini Talks,https://www.youtube.com/watch?v=x-PPD_Jvn3g,2026-06-26T12:32:50+10:00,2
2026-06-26T15:10:37.433420+10:00,YU3qGXL-teo,YouTube,Satendra Singh,"BCG Vaccine किस बीमारी से बचाती है, #shorts #ytshorts #vaccination #vaccine #immunization #uwin","vaccination, vaccine",2,"vaccination, vaccine",,,,Satendra Singh,https://www.youtube.com/watch?v=YU3qGXL-teo,2026-06-26T11:55:14+10:00,2
2026-06-26T15:10:38.649651+10:00,bX4v1HYM5kI,YouTube,Dr. Zachary Rubin,RFK Jr makes changes to CDC vaccine advisory committee. #cdc #vaccine #doctor,"vaccine, vaccination",2,vaccine,"vaccination, vaccine",,,Dr. Zachary Rubin,https://www.youtube.com/watch?v=bX4v1HYM5kI,2026-06-26T08:10:51+10:00,2
2026-06-26T15:10:41.030970+10:00,MPJSEe56c7s,YouTube,Texas Paul,Military restores flu vaccination protocols when Trump cult experiment ends in disaster.,"vaccination, vaccine",2,vaccination,"vaccination, vaccine",,,Texas Paul,https://www.youtube.com/watch?v=MPJSEe56c7s,2026-06-26T02:27:24+10:00,2
2026-06-26T15:10:52.547624+10:00,m4Szd0MYib4,YouTube,Poonam,give first dose of bcg vaccine 💉 for newborn baby 🐣at birth#newborn #vaccination #crying #shorts,"vaccination, vaccine",2,"vaccination, vaccine",,,,Poonam,https://www.youtube.com/watch?v=m4Szd0MYib4,2026-06-24T23:32:53+10:00,2
2026-06-26T15:10:55.081493+10:00,bqZDj0GKyY0,YouTube,Mikal Shehryar,It&#39;s Vaccination Day💉 Mikal Got His 4th Vaccine Today🥺 #newborn #cutebaby #vaccine #hospital #viral,"vaccination, vaccine",2,"vaccination, vaccine",,,,Mikal Shehryar,https://www.youtube.com/watch?v=bqZDj0GKyY0,2026-06-26T15:00:07+10:00,2
2026-06-26T15:11:03.178467+10:00,z91edw1PKLU,YouTube,The Economic Times,&#39;Big Pharma funded COVID cartel to hide it all!&#39;: Sen Johnson drops shocker on vaccine injuries,"vaccine, pharma vaccine lying",2,vaccine,"vaccine, pharma vaccine lying",,,The Economic Times,https://www.youtube.com/watch?v=z91edw1PKLU,2026-06-26T07:06:32+10:00,6
2026-06-26T15:11:05.438632+10:00,g6p0H60PsFg,YouTube,CoastTV,HAP Clinic in Georgetown,"vaccination, vaccine",2,"vaccination, vaccine",,,,CoastTV,https://www.youtube.com/watch?v=g6p0H60PsFg,2026-06-26T03:54:14+10:00,2
2026-06-26T15:11:07.918609+10:00,dCW0kCR2WAc,YouTube,Poonam Choudhary,first dose of bcg vaccine 💉🥲#newborn #vaccination #crying #cute #shorts,"vaccination, vaccine",2,"vaccination, vaccine",,,,Poonam Choudhary,https://www.youtube.com/watch?v=dCW0kCR2WAc,2026-06-25T20:55:09+10:00,2
2026-06-26T15:11:09.051660+10:00,WI3M8MOVoYo,YouTube,Poonam,give first dose of bcg vaccine 💉🥲 for newborn 🐣 baby at birth 🐣#newborn #vaccination #crying #shorts,"vaccination, vaccine",2,"vaccination, vaccine",,,,Poonam,https://www.youtube.com/watch?v=WI3M8MOVoYo,2026-06-25T14:01:39+10:00,2
2026-06-26T15:09:57.210135+10:00,1Koimoys54I,YouTube,Quiz Moose,Which Canadian province has the worst tooth decay problem? #trivia #canada,fluoridation,1,fluoridation,,,,Quiz Moose,https://www.youtube.com/watch?v=1Koimoys54I,2026-06-25T22:00:11+10:00,1
2026-06-26T15:09:59.516653+10:00,O3XIjTt85Ng,YouTube,The Dr Kumar Discovery,You&#39;re swallowing fluoride even when you spit 😳,fluoride,1,fluoride,,,,The Dr Kumar Discovery,https://www.youtube.com/watch?v=O3XIjTt85Ng,2026-06-08T00:42:57+10:00,1
2026-06-26T15:10:02.028798+10:00,0XIUvBPxALA,YouTube,floatyboat,[FREE] fried by fluoride x h4rtbrkr x incelcore type beat - &quot;one chance&quot;,fluoride,1,fluoride,,,,floatyboat,https://www.youtube.com/watch?v=0XIUvBPxALA,2026-06-26T14:42:32+10:00,1
2026-06-26T15:10:03.251722+10:00,JEPcNrSzEmg,YouTube,F1COURSE LEARNING CENTER,Si kecil tidak sengaja tertelan pasta gigi yang menganduna fluoride?😱#tipsparenting #f1course,fluoride,1,fluoride,,,,F1COURSE LEARNING CENTER,https://www.youtube.com/watch?v=JEPcNrSzEmg,2026-06-26T12:49:14+10:00,1
2026-06-26T15:10:04.377634+10:00,_ACBZXCH4aA,YouTube,Peaceful You ASMR,"ASMR | Full Relaxing Dental Exam, Cleaning &amp; Fluoride Treatment | Real Person | Realistic Roleplay ",fluoride,1,fluoride,,,,Peaceful You ASMR,https://www.youtube.com/watch?v=_ACBZXCH4aA,2026-06-26T06:00:35+10:00,1
2026-06-26T15:10:05.558749+10:00,qvTN76GjqYs,YouTube,MythCrashed,The Harvard Fluoride Study They Won&#39;t Talk About,fluoride,1,fluoride,,,,MythCrashed,https://www.youtube.com/watch?v=qvTN76GjqYs,2026-06-26T05:16:52+10:00,1
2026-06-26T15:10:06.672619+10:00,sLB418NbTSs,YouTube,Marty Miller,Very happy with this new toothpaste I decided to try out #ad #amazoninfluencer,fluoride,1,fluoride,,,,Marty Miller,https://www.youtube.com/watch?v=sLB418NbTSs,2026-06-26T04:13:45+10:00,1
2026-06-26T15:10:07.815610+10:00,GJqEMd2fgaM,YouTube,ShadowPlay,10 Day : 11 Level Fluoride,fluoride,1,fluoride,,,,ShadowPlay,https://www.youtube.com/watch?v=GJqEMd2fgaM,2026-06-26T03:48:28+10:00,1
2026-06-26T15:10:08.955734+10:00,aaJpsGl4dvg,YouTube,truths_of_lif3,Sodium Fluoride Tube (Grey Cap Tube),fluoride,1,fluoride,,,,truths_of_lif3,https://www.youtube.com/watch?v=aaJpsGl4dvg,2026-06-26T02:48:39+10:00,1
2026-06-26T15:10:10.101541+10:00,YQa7lDOiKqE,YouTube,Wacci Official 8bp,🔥FLUORIDE THE BEST HACK EVER 🔥FOR IOS USERS. Latest version(V2.4.1)😱. LINK IN COMMENTS SECTION🌸,fluoride,1,fluoride,,,,Wacci Official 8bp,https://www.youtube.com/watch?v=YQa7lDOiKqE,2026-06-26T01:21:12+10:00,1
2026-06-26T15:10:11.231645+10:00,A_6IP6H7gUc,YouTube,Rainbow Dental,How to Prevent Cavities in Children | Fluoride Treatment &amp; Dental Sealants Explained,fluoride,1,fluoride,,,,Rainbow Dental,https://www.youtube.com/watch?v=A_6IP6H7gUc,2026-06-25T22:39:19+10:00,1
2026-06-26T15:10:12.377656+10:00,r0np3h3Uzcw,YouTube,Weight Loss,Green and Black Tea: The Natural Fluoride Shield Against Cavities 🍵🛡️,fluoride,1,fluoride,,,,Weight Loss,https://www.youtube.com/watch?v=r0np3h3Uzcw,2026-06-25T21:22:55+10:00,1
2026-06-26T15:10:13.517960+10:00,g5bAO9Lvndw,YouTube,Dabur Africa,Dr.Mustaqim Quadir explains fluorosis in 20 seconds | Dabur Herb&#39;l Toothpaste&#39;s no fluoride formula,fluoride,1,fluoride,,,,Dabur Africa,https://www.youtube.com/watch?v=g5bAO9Lvndw,2026-06-25T20:50:23+10:00,1
2026-06-26T15:10:14.637691+10:00,aFex_t0gwuY,YouTube,Dr Bhatia's Dental Clinic,🦷 Fluoride Treatment for Kids | Protect Your Child&#39;s Teeth from Cavities,fluoride,1,fluoride,,,,Dr Bhatia's Dental Clinic,https://www.youtube.com/watch?v=aFex_t0gwuY,2026-06-25T20:08:01+10:00,1
2026-06-26T15:10:15.783192+10:00,kDMt1QBbKPg,YouTube,iDust - Topic,Fluoride,fluoride,1,fluoride,,,,iDust - Topic,https://www.youtube.com/watch?v=kDMt1QBbKPg,2026-06-25T20:03:51+10:00,1
2026-06-26T15:10:16.944158+10:00,WjbVTWuNM7k,YouTube,okeyoki,John Marston / Edit / Fried by Fluoride - Dasha,fluoride,1,fluoride,,,,okeyoki,https://www.youtube.com/watch?v=WjbVTWuNM7k,2026-06-25T18:46:48+10:00,1
2026-06-26T15:10:18.073496+10:00,up3fHOOCcnI,YouTube,"Fairsky Industrial Co., Limited",Where to Buy Reliable Nickel Fluoride Tetrahydrate?  FAIRSKY Nickel Fluoride Raw Material！,fluoride,1,fluoride,,,,"Fairsky Industrial Co., Limited",https://www.youtube.com/watch?v=up3fHOOCcnI,2026-06-25T15:56:06+10:00,1
2026-06-26T15:10:19.194237+10:00,KOCCo6-mzew,YouTube,Nessia Bojanini,Fluoride-Free Whitening Toothpaste for Fresh Breath,fluoride,1,fluoride,,,,Nessia Bojanini,https://www.youtube.com/watch?v=KOCCo6-mzew,2026-06-25T15:37:16+10:00,1
2026-06-26T15:10:20.361235+10:00,J7zEFuy8UDA,YouTube,The Real Bio Protocol ,We Tested 33 Electrolyte Drinks And Found Toxic Fluoride,fluoride,1,fluoride,,,,The Real Bio Protocol ,https://www.youtube.com/watch?v=J7zEFuy8UDA,2026-06-18T03:00:03+10:00,1
2026-06-26T15:10:30.559748+10:00,4_wF7ofkRak,YouTube,Chinext,#shorts #shortsfeed #babycrying #vaccination,vaccination,1,vaccination,,,,Chinext,https://www.youtube.com/watch?v=4_wF7ofkRak,2026-06-26T15:00:27+10:00,1
2026-06-26T15:10:31.700900+10:00,rDPJBZV_Ox0,YouTube,PULSE Doctors Lab Scans,Vaccination #doctor #vaccination #adult #palakkad #viral #viralvideo,vaccination,1,vaccination,,,,PULSE Doctors Lab Scans,https://www.youtube.com/watch?v=rDPJBZV_Ox0,2026-06-26T14:43:55+10:00,1
2026-06-26T15:10:32.856432+10:00,k7qNAlIf698,YouTube,Chinext,#shorts #shortsfeed #babycrying #vaccination,vaccination,1,vaccination,,,,Chinext,https://www.youtube.com/watch?v=k7qNAlIf698,2026-06-26T14:00:26+10:00,1
2026-06-26T15:10:33.970623+10:00,9WRrE461K3Y,YouTube,BabyBuzz studio,Vaccination done with newborn baby #adorable #viral #newborn #vaccination,vaccination,1,vaccination,,,,BabyBuzz studio,https://www.youtube.com/watch?v=9WRrE461K3Y,2026-06-26T12:35:12+10:00,1
2026-06-26T15:10:36.322752+10:00,mXz7ZmjB2UY,YouTube,Rexmon Monares Vlog,Anti rabies Vaccination for Persian #cat Cat,vaccination,1,vaccination,,,,Rexmon Monares Vlog,https://www.youtube.com/watch?v=mXz7ZmjB2UY,2026-06-26T12:22:53+10:00,1
2026-06-26T15:10:39.791117+10:00,B5uZHhPn5wo,YouTube,Nursinglife22,How to inject vaccine 💉!! Chhote baccho ko injection kese lagaye !! #viral #trending #shorts #baby,vaccine,1,vaccine,,,,Nursinglife22,https://www.youtube.com/watch?v=B5uZHhPn5wo,2026-06-26T03:33:27+10:00,1
2026-06-26T15:10:42.181592+10:00,SQ92L9MCW9Y,YouTube,The Mighty Girl,Kiyana ka vaccination day😭 #ytshorts #newmommyslifestyle,vaccination,1,vaccination,,,,The Mighty Girl,https://www.youtube.com/watch?v=SQ92L9MCW9Y,2026-06-26T01:55:00+10:00,1
2026-06-26T15:10:43.337923+10:00,hbFErMUVoGg,YouTube,Anurag Mallick AK...,#odiahealthtips#healthcare#healthfood#healthbaby#Vaccination#healthfood#,vaccination,1,vaccination,,,,Anurag Mallick AK...,https://www.youtube.com/watch?v=hbFErMUVoGg,2026-06-25T23:57:20+10:00,1
2026-06-26T15:10:44.524543+10:00,A6Q-l2EgGWQ,YouTube,Healthy Shorts86,please pray 🤲 |  A 21 days old baby |  first time bcg vaccination momment #shorts #newborn,vaccination,1,vaccination,,,,Healthy Shorts86,https://www.youtube.com/watch?v=A6Q-l2EgGWQ,2026-06-25T22:39:30+10:00,1
2026-06-26T15:10:45.696834+10:00,LWNRz-6mtJA,YouTube,KENS 5: Your San Antonio News Source,Flu outbreak at JBSA-Lackland prompts vaccine requirement for recruits,vaccine,1,vaccine,vaccine,,,KENS 5: Your San Antonio News Source,https://www.youtube.com/watch?v=LWNRz-6mtJA,2026-06-25T22:08:49+10:00,1
2026-06-26T15:10:46.874289+10:00,gGOVepHT4j0,YouTube,AK CLIPSZ,influenza vaccine edukan povukayann 🤣 |Praveen Pranav| |Mrudula| #shorts #vlog #kerala #malayalam,vaccine,1,vaccine,,,,AK CLIPSZ,https://www.youtube.com/watch?v=gGOVepHT4j0,2026-06-25T22:05:16+10:00,1
2026-06-26T15:10:47.993379+10:00,k5kiIc1kB7o,YouTube,Pantsuit Politics,Study: HPV vaccination dramatically reduces early cervical cancer deaths #substack #shorts,vaccination,1,vaccination,,,,Pantsuit Politics,https://www.youtube.com/watch?v=k5kiIc1kB7o,2026-06-25T20:45:26+10:00,1
2026-06-26T15:10:49.112436+10:00,3A8c4KsqLTc,YouTube,My Sure Shot ,Why Newborn Vaccination is Crucial for Your Child&#39;s Health | Dr. Jaydeep Chakraborty,vaccination,1,vaccination,,,,My Sure Shot ,https://www.youtube.com/watch?v=3A8c4KsqLTc,2026-06-25T20:43:53+10:00,1
2026-06-26T15:10:50.241291+10:00,ga8X7wyRQp4,YouTube,TheTallDuo,Annual Vaccination Day for Our Dogs | Celebrity Photoshoot  #shorts #viral #dogshorts,vaccination,1,vaccination,,,,TheTallDuo,https://www.youtube.com/watch?v=ga8X7wyRQp4,2026-06-25T15:30:33+10:00,1
2026-06-26T15:10:51.406686+10:00,DBJ5iZHkZh8,YouTube,Newborn Diaries,bcg vaccination 😢 #baby,vaccination,1,vaccination,,,,Newborn Diaries,https://www.youtube.com/watch?v=DBJ5iZHkZh8,2026-06-25T15:22:21+10:00,1
2026-06-26T15:10:56.230508+10:00,v7cYcHCMTUM,YouTube,numismatic loosh,2025 Silver Shield Vaccine Baby,vaccine,1,vaccine,,,,numismatic loosh,https://www.youtube.com/watch?v=v7cYcHCMTUM,2026-06-26T14:00:06+10:00,1
2026-06-26T15:10:57.361798+10:00,urHlhvLV9XI,YouTube,stories of redhika ,വാക്‌സിൻ എടുക്കാൻ പോവാം 😇 #shorts #shortvideo #viral #tranding #youtubeshorts #minivlog #vaccine,vaccine,1,vaccine,,,,stories of redhika ,https://www.youtube.com/watch?v=urHlhvLV9XI,2026-06-26T13:59:32+10:00,1
2026-06-26T15:10:58.577743+10:00,YnJFD-VNKfY,YouTube,NEWS24,যু-দ্ধের পরই সুখবর দিতে যাচ্ছেন ইরানি গবেষকরা! | Vaccine | Research | Hope | Iran | NEWS24,vaccine,1,vaccine,,,,NEWS24,https://www.youtube.com/watch?v=YnJFD-VNKfY,2026-06-26T13:00:32+10:00,1
2026-06-26T15:10:59.700485+10:00,KfVRVw90ce8,YouTube,Priya nursing🩺,#which Vaccine is given at birth..?#medical #hospital #medicosstuff #mbbs 💐💯💉🩺🩹#,vaccine,1,vaccine,,,,Priya nursing🩺,https://www.youtube.com/watch?v=KfVRVw90ce8,2026-06-26T12:38:51+10:00,1
2026-06-26T15:11:00.831453+10:00,RhGtLj3svrg,YouTube,1derful - Topic,Vaccine,vaccine,1,vaccine,,,,1derful - Topic,https://www.youtube.com/watch?v=RhGtLj3svrg,2026-06-26T12:09:53+10:00,1
2026-06-26T15:11:02.002594+10:00,mWsUG1RMTbc,YouTube,Rebel News,She&#39;s fighting for justice,vaccine,1,vaccine,vaccine,,,Rebel News,https://www.youtube.com/watch?v=mWsUG1RMTbc,2026-06-26T09:00:21+10:00,1
2026-06-26T15:11:06.717332+10:00,ngsu1uRCEu0,YouTube,Little Twee,Vaccine day🥹❤️ #trending #youtubeshorts,vaccine,1,vaccine,vaccine,,,Little Twee,https://www.youtube.com/watch?v=ngsu1uRCEu0,2026-06-26T00:07:23+10:00,1
2026-06-26T15:11:10.177588+10:00,TiT9PlgYKv0,YouTube,Reality Has Lore,The Vaccine for Viruses That Don’t Exist Yet,vaccine,1,vaccine,,,,Reality Has Lore,https://www.youtube.com/watch?v=TiT9PlgYKv0,2026-06-25T09:35:09+10:00,1
2026-06-26T15:11:15.164328+10:00,oXA9oo1G5-k,YouTube,Kylan Heiner | Space to Thrive,Pediatrician Q&amp;A: Dr. Tracy Discussing Autism and Vaccines | Ask a BCBA | Ep 002,vaccine,1,vaccine,,,,Kylan Heiner | Space to Thrive,https://www.youtube.com/watch?v=oXA9oo1G5-k,2026-02-17T18:27:14+11:00,1
